# 文の一部	役割（質問／まとめ／反応）
夜中に、いきなり崩れたの	質問
そもそも、どんな建物	質問
プールデッキって、どこ	質問
どうして、そんな決まり	質問
準備していたなら	反応
傷みは、いつから	質問
図面に無い物が、重さを足していたの	質問
余裕が大きいほど	まとめ
どうして、防水が	質問
その報告は、崩れるって	質問
傷みは、ずっと前から見えていたんだね	まとめ
報告を受けて	質問
報告と、まるで逆	反応
それだけ書かれていたら	反応
工事は、もう少しで	質問
知らせは、何度も	まとめ
最初の合図	質問
継ぎ目が壊れたのに	質問
柱だけに、水が	まとめ
床が、少しずつ	まとめ
隙間のほかにも	質問
合図は、ずっと出ていた	まとめ
崩れる直前に、気づいた	質問
最後に駐車場を見た	質問
誰か、外に知らせた	質問
プールデッキが落ちて、塔は	質問
どれくらい下がって	質問
最後の数秒で	まとめ
下の階の柱から	まとめ
夜中の数分で	まとめ
崩れたあと、中にいた	質問
立ったまま残った部分には	質問
残った部分は、どうなった	質問
ひと月近く	まとめ
大勢が駆けつけた	まとめ
調べて、何がわかった	質問
押し抜きせん断って	質問
どうやって、確かめた	質問
実物と同じ物を造って	まとめ
ふだんの重さに	まとめ
どうして、最初から狭かった	質問
設計の時点で、足りていた	質問
もう足りなかったなんて	反応
数センチの違い	反応
図面と違う造り方を	質問
造った時点でも	まとめ
前から見つかっていた傷み	質問
いちばんの原因だと思っていた	反応
その両方だった	まとめ
塔まで崩れたのは、どうして	質問
塔まで崩れるとは限らない	質問
その継ぎ目に、弱い所	質問
そんなに重い物	反応
同じ壊れ方	まとめ
どうして西の部分で止まった	質問
床の折れ方で	まとめ
ほかにも、原因だと言われた	質問
となりの工事のせい	質問
心配になるよね	反応
地面の下に、空洞	質問
建物そのものに原因	まとめ
それで終わり	質問
何が変わったの	質問
何か違ったの	質問
すぐに動けたんだね	まとめ
直すお金が足りなかった話	反応
NISTの調べは	質問
最初の問い、答え	質問
