code	class	used_in	file	url	dims	dur	mb	rights	credit	note
B1	film	c103 c202 c417 c621 c623 c701 c705 c711 cb08 cb16 cc04 cc16	b1_reel1.mp4	https://cdnapisec.kaltura.com/p/684682/sp/68468200/playManifest/entryId/1_ju6nndhb/format/url/protocol/https/flavorParamId/0	1920x1014	250.2	578.2	A推定（NIST が配る・撮影者の記載なし）	出典：NIST（B-Roll #1）	元の画質（flavor 0）。同じ幅で軽い版 113MB あり
B2	film	c104 c201 c213 c319 c406 c419 c820 cb01	b2_reel2.mp4	https://cdnapisec.kaltura.com/p/684682/sp/68468200/playManifest/entryId/1_64zdekws/format/url/protocol/https/flavorParamId/0	4096x2160	309.8	684.9	A推定	出典：NIST（B-Roll #2）	2048x1080 の軽い版 116MB あり
TFV	anim	c104 c606 ca12 ca15 ca17 cc29	tfv_1080.mp4	https://cdnapisec.kaltura.com/p/684682/sp/68468200/playManifest/entryId/1_vezbt9jw/format/url/protocol/https/flavorParamId/487091	1920x1080	4638	795.9	A（©2021 Used with permission の部分を除く）	出典：NIST（技術的知見の動画・2026年6月）	走査は 1080 版（796MB）。使う秒は元の 3840x2160 版（9,147.8MB・flavor 0）から footage.fetch で切り出す（丸ごとは落とさない）
B7	film	c106 c301	b7_reel7.mp4	https://cdnapisec.kaltura.com/p/684682/sp/68468200/playManifest/entryId/1_glesd05g/format/url/protocol/https/flavorParamId/0	3840x2160	337.0	1418.7	A推定	出典：NIST（B-Roll #7）	1920x1080 の軽い版 87MB あり（走査はこちらで足りる）
P1	photo	c201	p1_panoramio_2012.jpg	https://commons.wikimedia.org/wiki/File:Surfside,_FL,_USA_-_panoramio.jpg	4000x3000	—	3.31	CC BY 3.0	出典：Gervacio Rosales（CC BY 3.0）	決め④（10-06）＝取得して建物が写るか見る・写れば c201 の3行目「崩れる前（2012年）」・浜の人は顔だけモザイク＝「改変」
TF頁	page	c205 c206 c502 c504 c509 c515 c516 cb07	TFV の 1080 版のコマ（スライド）	TFV と同じ	1920x1080	—	—	A（©2021 の写真の部分は切る）	出典：NIST（技術的知見のスライド）	台本の「図 pN TF のスライドN」
tf_p174_corr	page	c307	ref/surfside/tf_p174_corr.jpg	既出（旧版の控え＝読むだけ）	—	—	—	A	出典：NIST（技術的知見のスライド）	—
S#9	stock	c308	px_7829491.mp4	https://www.pexels.com/video/close-up-video-of-a-rusty-metal-7829491/	3840x2160	30	?	Pexels License	イメージ／Pexels・Monstera Production	—
資料の頁	page	c310 c402 c407 c410 cc02	ref/ep19/src/ の PDF（大陪審の報告・2018年の報告ほか）	既出	—	—	—	引用（公の記録）	出典：資料の名（台本 §2）	台本の「図 p30xx・p40xx …」＝文字の頁
B5	film	c312 c718 c912 c922	b5_reel5.mp4	https://cdnapisec.kaltura.com/p/684682/sp/68468200/playManifest/entryId/1_ecar0b6h/format/url/protocol/https/flavorParamId/0	3840x2160	333.4	616.6	A推定	出典：NIST（B-Roll #5）	—
S#20	stock	c315	px_6028858.mp4	https://www.pexels.com/video/empty-parking-lot-6028858/	1920x1080	13	?	Pexels License	イメージ／Pexels・Артем Ковальчук	柱の番号・床の表示
N#33	photo	c317	n33_coring.jpg	https://www.nist.gov/sites/default/files/images/2023/09/06/Coring%20and%20MOA%20tests%20%20%28Sep2023%29.jpg	2800x2100	—	5.44	A	出典：NIST	—
S#16	stock	c405	px_8478951.mp4	https://www.pexels.com/video/a-person-working-with-paperworks-8478951/	3840x2160	11	?	Pexels License	イメージ／Pexels・ArtHouse Studio	紙の字が読めない秒
S#8	stock	c411	px_7830155.mp4	https://www.pexels.com/video/a-crack-on-the-wall-7830155/	3840x2160	28	?	Pexels License	イメージ／Pexels・Monstera Production	—
S#12	stock	c510	px_29880216.mp4	https://www.pexels.com/video/water-cascading-over-weathered-concrete-edge-29880216/	3840x2160	30	?	Pexels License	イメージ／Pexels・Aamir Somewhere	—
S#11	stock	c519	px_5571839.mp4	https://www.pexels.com/video/water-dripping-on-welded-metal-pipes-5571839/	1920x1080	10	?	Pexels License	イメージ／Pexels・Monsieur Sylvain	—
tf_p058_note	page	c520	ref/surfside/tf_p058_note.jpg	既出	—	—	—	A＋第三者（管財人の原図）	出典：NIST／原図：CTS Receiver	紙面の引用か付箋だけの切り直し
N#13	photo	c524	n13_laydown.jpg	https://www.nist.gov/sites/default/files/images/2021/08/25/NIST%20team%20July2.jpg	2800x1477	—	3.72	A	出典：NIST	—
S#6	stock	c526	px_11287848.mp4	https://www.pexels.com/video/water-with-waves-11287848/	3840x2160	30	?	Pexels License	イメージ／Pexels・Şaban Karabeli	—
A01	page	c618	ref/ep19/src/nist_ncstac_2026-09_CTSupdate.pdf	既出（NCST 諮問委員会の資料・2026-09-23）	—	—	—	A（p.47・49〜51 のコマは © 2021 Used with permission）	出典：NIST（諮問委員会の資料）	決め②。紙面の引用だけ
N#18	photo	c702	n18_from_south.jpg	https://www.nist.gov/sites/default/files/images/2021/07/19/IMG_0122-%28Jonathan-070721%29.jpg	2800x2100	—	3.45	A	出典：NIST	住戸の中が写る型＝決め⑤＝引きだけ（家具・写真・服が見分けられる住戸に寄せない）
C6	photo	c703	c06_mdfr6.jpg	https://commons.wikimedia.org/wiki/File:Surfside_condominium_collapse_photo_from_Miami-Dade_Fire_Rescue_6.jpg	2048x1536	—	0.84	PD-FLGov の可能性	出典：マイアミ・デイド郡消防（フロリダ州の公記録）	決め①＝使う（10-06）・c703
F:6717686	photo	c707	f6717686_debris.jpg	https://www.dvidshub.net/image/6717686/fema-assists-recovery-surfside-building-collapse	1856x1239	—	?	A（FEMA）	出典：FEMA（DVIDS）	頁の説明に撮影者の名があればそれも（12点にあり）。2000w の配信は引き伸ばし＝原寸は頁の大きさ
F:6723299	photo	c708	f6723299_pa_tf1.jpg	https://www.dvidshub.net/image/6723299/urban-search-and-rescue-teams-continue-support-surfside-building-collapse-recovery	2573x1715	—	?	A（FEMA）	出典：FEMA（DVIDS）	同上
F:6717685	photo	c709	f6717685_debris.jpg	https://www.dvidshub.net/image/6717685/fema-assists-recovery-surfside-building-collapse	1856x1239	—	?	A（FEMA）	出典：FEMA（DVIDS）	同上
F:6723297	photo	c713	f6723297_team.jpg	https://www.dvidshub.net/image/6723297/urban-search-and-rescue-teams-continue-support-surfside-building-collapse-recovery	2184x1457	—	?	A（FEMA）	出典：FEMA（DVIDS）	同上。昼か夜かを見てから副題
N#16	photo	c715	n16_column_tag.jpg	https://www.nist.gov/sites/default/files/images/2021/08/25/KAM_3691%28July6th%29.JPG	2800x1867	—	11.26	A	出典：NIST	—
N#19	photo	c716	n19_lidar.jpg	https://www.nist.gov/sites/default/files/images/2021/07/15/Lidar%20and%20other%20instruments%20.jpg	2800x2100	—	0.91	A	出典：NIST	—
N#20	photo	c717	n20_police_escort.jpg	https://www.nist.gov/sites/default/files/images/2021/07/15/IMG_0428.JPG	2800x2100	—	5.72	A	出典：NIST	—
PC	anim	c718	pc_flythrough.mp4	https://cdnapisec.kaltura.com/p/684682/sp/68468200/playManifest/entryId/1_sem63924/format/url/protocol/https/flavorParamId/0	5344x3264	46.8	891.2	A推定	出典：NIST（証拠の部材の点群）	1768x1080 の軽い版 23MB あり
N#44	photo	c720	n44_aerial_photos.jpg	https://www.nist.gov/sites/default/files/images/2024/11/21/CNST%20CTS%20Update%20Dec-2.jpg	2800x1473	—	4.93	A	出典：L. Gerskovic/NIST	—
GIF	anim	c802	gif_punching_shear.gif	https://www.nist.gov/sites/default/files/styles/2800_x_2800_limit/public/images/2026/06/22/PunchingShear_001.gif	1920x1080	167コマ	?	A	出典：NIST	既出（旧版）
B8	film	c808 c809 c810	b8_reel8.mp4	https://cdnapisec.kaltura.com/p/684682/sp/68468200/playManifest/entryId/1_lebmphjw/format/url/protocol/https/flavorParamId/0	3840x2160	207.0	862.6	A推定（大学の撮影の可能性）	出典：NIST（B-Roll #8）	128秒の表題カードの後＝ワシントン大学・前＝ミネソタ大学
tf_p084_salt	page	c811	ref/surfside/tf_p084_salt.jpg	既出	—	—	—	A	出典：NIST	—
N#70	photo	c812	n70_slab_cracks.jpg	https://www.nist.gov/sites/default/files/images/2025/06/23/NCST%20Investigation%20Update%20June%202025%20%288%20of%207%29.jpg	2800x1608	—	3.39	A	出典：NIST	—
N#66	photo	c812	n66_slab_section.jpg	https://www.nist.gov/sites/default/files/images/2025/06/20/June%20CTS%20Update%20Concrete%20Slab.jpg	1430x804	—	0.22	A	出典：NIST	小さい＝額装
N#69	photo	c813	n69_corroded_bars.jpg	https://www.nist.gov/sites/default/files/images/2025/06/23/NCST%20Investigation%20Update%20June%202025%20%287%20of%207%29.jpg	2800x1709	—	3.03	A	出典：NIST	—
N#61	photo	c818	n61_shear_uw.jpg	https://www.nist.gov/sites/default/files/images/2025/04/10/NCST%20Investigation%20April25%20%2839%20of%204%29.jpg	2800x2108	—	7.75	A	出典：NIST	—
B3	film	c901	b3_reel3.mp4	https://cdnapisec.kaltura.com/p/684682/sp/68468200/playManifest/entryId/1_h4yeyz2f/format/url/protocol/https/flavorParamId/0	1920x1080	74.3	178.1	A推定	出典：NIST（B-Roll #3）	—
tf_p075_cover	page	c906	ref/surfside/tf_p075_cover.jpg	既出	—	—	—	A	出典：NIST	—
tf_p076_bars	page	c909	ref/surfside/tf_p076_bars.jpg	既出	—	—	—	A＋町の図面	出典：NIST／図面：Town of Surfside	紙面の引用（頁ごと・額装・無加工）
N#42	photo	c915	n42_absorption.jpg	https://www.nist.gov/sites/default/files/images/2024/09/12/NCSTInvestigation_BrollReel07_v01.00_00_14_16.Still005.jpg	2800x1575	—	2.60	A	出典：R. Eskalis/NIST	—
N#3	photo	c916	n03_chloride.jpg	https://www.nist.gov/sites/default/files/images/2022/06/15/Ruthie%20Corzo.jpg	2738x2800	—	6.21	A	出典：NIST	縦横ほぼ同じ＝額装
B6	film	c920	b6_reel6.mp4	https://cdnapisec.kaltura.com/p/684682/sp/68468200/playManifest/entryId/1_zdyysoml/format/url/protocol/https/flavorParamId/0	3840x2160	263.2	640.6	A推定	出典：NIST（B-Roll #6）	—
C13	photo	c923	c13_jurvetson.jpg	https://commons.wikimedia.org/wiki/File:Remains_of_the_Collapsed_Florida_Surfside_Condo_(2021-10-04).jpg	4032x2086	—	2.27	CC BY 2.0	出典：Steve Jurvetson（CC BY 2.0）	切り出し・色を変えたら「改変」と書く
TLS	film	ca06	tls_setup.mp4	https://cdnapisec.kaltura.com/p/684682/sp/68468200/playManifest/entryId/1_zno86q01/format/url/protocol/https/flavorParamId/0	3840x2160	10.4	42.9	A推定（大学の撮影の可能性）	出典：NIST（据え付けのタイムラプス）	—
TL	film	ca08 cc23	tl_timelapse.mp4	https://cdnapisec.kaltura.com/p/684682/sp/68468200/playManifest/entryId/1_gvpcaamy/format/url/protocol/https/flavorParamId/0	3840x2160	6.8	28.0	A推定（大学の撮影の可能性）	出典：NIST（試験のタイムラプス）	右下に NIST の透かし
N#72	photo	ca09	n72_mast_underside.jpg	https://www.nist.gov/sites/default/files/images/2025/06/20/NCST%20Investigation%20Update%20June%202025%20%2810%20of%201%29.jpg	2800x1676	—	2.53	A	出典：NIST	—
N#17	photo	ca13	n17_remaining.jpg	https://www.nist.gov/sites/default/files/images/2021/06/30/IMG_6362.JPG	2800x2100	—	3.43	A	出典：NIST	住戸の中が写る型＝決め⑤＝引きだけ（家具・写真・服が見分けられる住戸に寄せない）
N#11	photo	ca19	n11_column_move.jpg	https://www.nist.gov/sites/default/files/images/2021/08/25/KAM_3753%20%28july7th%29.JPG	2800x1867	—	8.17	A	出典：NIST	—
D	photo	ca21 cc01 cc06	d01〜d15_dhs.jpg（15点）	https://commons.wikimedia.org/wiki/Category:Surfside_condominium_building_collapse（File:DHS_Secretary_Alejandro_Mayorkas_Visits_Surfside_Condo_Collapse_Site_(…).jpg）	2500x1667〜1897	—	28.1	A（DHS）	出典：米国土安全保障省（DHS）	決め⑥（10-06）＝15点を全部落として、犠牲者の写真・遺族・花の寄りが写らない引きのコマだけ（ca21・cc01・cc06 は別のコマ）
S#38	stock	cb02	pb_52888.mp4	https://pixabay.com/videos/construction-cranes-foundation-52888/	2720x1530	32	?	Pixabay Content License	イメージ／Pixabay・LadislavBur	クレーンの社名
N#43	photo	cb04	n43_model.jpg	https://www.nist.gov/sites/default/files/images/2024/11/21/CNST%20CTS%20Update%20Dec.jpg	2800x1669	—	5.17	A	出典：L. Gerskovic/NIST	—
N#24	photo	cb15	n24_lidar_talk.jpg	https://www.nist.gov/sites/default/files/images/2021/07/15/Image%20from%20iOS%20%281%29.jpg	2100x2800	—	0.49	A	出典：NIST	縦長＝額装
S#4	stock	cc13	px_9431778.mp4	https://www.pexels.com/video/aerial-footage-of-buildings-near-a-shore-9431778/	2688x1512	12	?	Pexels License	イメージ／Pexels・Mikhail Nilov	事故の約2か月後の投稿＝跡地が写らないか
S#1	stock	cc14	px_15204737.mp4	https://www.pexels.com/video/white-concrete-buildings-near-the-beach-15204737/	1920x1080	31	?	Pexels License	イメージ／Pexels・CAPTKHO kho	屋上・外壁の看板の字と跡地が写らないか
N#28	photo	cc21	n28_warehouse_column.jpg	https://www.nist.gov/sites/default/files/images/2023/05/31/image8.jpg	2800x2100	—	1.24	A	出典：NIST	—
N#53	photo	cc27	n53_after_test.jpg	https://www.nist.gov/sites/default/files/images/2025/04/10/NCST%20Investigation%20April25%20%289%20of%2038%29.jpg	2800x1654	—	3.86	A	出典：NIST	—
N#60	photo	（代わり）	n60_mast_after.jpg	https://www.nist.gov/sites/default/files/images/2025/04/10/NCST%20Investigation%20April25%20%2831%20of%2038%29.jpg	2800x1577	—	3.59	A	出典：NIST	【代わり】ca09（N#72 に「外へ曲がった鉄筋」が写らなければ）
N#71	photo	（代わり）	n71_mast_test.jpg	https://www.nist.gov/sites/default/files/images/2025/06/23/NCST%20Investigation%20Update%20June%202025%20%283%20of%207%29.jpg	2800x1948	—	3.96	A	出典：NIST	【代わり】cc23（TL の別の秒が無ければ）
C1	photo	（代わり）	c01_mdfr1.jpg	https://commons.wikimedia.org/wiki/File:Surfside_condominium_collapse_photo_from_Miami-Dade_Fire_Rescue_1.jpg	1024x768	—	0.16	PD-FLGov の可能性	出典：マイアミ・デイド郡消防（フロリダ州の公記録）	【代わり】決め①＝使う（10-06）・c621・c701・c711 の代わり・小さい＝額装
C2	photo	（代わり）	c02_mdfr2.jpg	https://commons.wikimedia.org/wiki/File:Surfside_condominium_collapse_photo_from_Miami-Dade_Fire_Rescue_2.jpg	1200x1600	—	0.32	PD-FLGov の可能性	出典：マイアミ・デイド郡消防（フロリダ州の公記録）	【代わり】決め①・c621・c711 の代わり（がれきと残った棟を下から見上げる・2021-06-24＝Commons の API で確かめた 10-06）・縦長＝額装
P3	photo	（代わり）	p3_panoramio_2013.jpg	https://commons.wikimedia.org/wiki/File:Looking-down-the-beach.jpg_-_panoramio.jpg	2500x1667	—	0.98	CC BY 3.0	出典：Good Free Photos（CC BY 3.0）	【代わり】決め④＝P1 に建物が写らなければ c201 に（2013年）・浜の人（私人）は顔だけモザイク＝「改変」
S#27	stock	（代わり）	px_9431584.mp4	https://www.pexels.com/video/an-apartment-building-at-night-9431584/	1920x1080	11	?	Pexels License	イメージ／Pexels・mohammad hassan tabatabaei jafari	【代わり】cc29 の代わり（使うときだけ）
