cid	ch	start	dur	kind	code	rng	class	main	ins_pos	ins_k	ins_code	ins_rng	ins_secs	ins_text	sub	rights	label	note	narr
c101	つかみ	0.0	6.1	実写	B2	7.3–11.1	film	B2@7.3–11.1（海岸線と現場の空撮・1本のショット 7.1〜11.2秒＝0.1秒刻みで実測）							海岸と現場（崩落の後・2021年）	A推定		🆕 10-06 カズヤくん「冒頭はアニメでなく実写映像」（全回）＝再現イラスト（夜の南の面）をやめた。右上に「2021年6月24日 1:22」の札（語りの日時。画は崩落のあと＝副題で断る）。夜の実写は候補に無い＝郡の消防の YouTube（M1・M5）に夜の救助が写っていれば差し替え候補（中身を見てから取得を聞く）／✅ 10-06 ⑤b-1 走査（1秒1コマ＋窓の中を0.1秒刻み・qa_out/ep19_scan.py）で秒を決めた	2021年6月24日、午前1時22分。アメリカ・
c102	つかみ	6.1	7.4	実写	B1	33.7–37.6	film	B1@33.7–37.6（がれきの山と立ったまま残った西の部分・手持ち＝33秒はぶれ・38.7秒から別の向き）							崩落の現場（2021年6〜7月）	A推定（NIST 配布の B-Roll）	推定	🆕 10-06 冒頭は実写＝再現イラスト（崩れの順・推定）をやめた。約9秒の銘板の人の横顔・15〜18.8秒の広告文と電話番号は避ける／✅ 10-06 ⑤b-1 走査（1秒1コマ＋窓の中を0.1秒刻み・qa_out/ep19_scan.py）で秒を決めた	12階建てのマンションの、真ん中と東の部分が、崩
c103	つかみ	13.5	6.2	実写	B1	18.9–24.9	film	B1@18.9–24.9（がれきの山と捜索・残った棟のバルコニー越し＝ショット 18.7〜25.1秒）							崩落の現場（2021年6〜7月）	A推定（NIST 配布の B-Roll）		🆕 10-06：pr01（崩れた棟）は c102 へ移した＝c103 は別のショット／✅ 10-06 ⑤b-1 走査（1秒1コマ＋窓の中を0.1秒刻み・qa_out/ep19_scan.py）で秒を決めた	136戸の建物で、98人が亡くなった。国の機関が
c104	つかみ	19.7	8.9	実写	B2	110.2–113.3	film	B2@110.2–113.3（現場の引き・空撮＝110.0秒で切り替わり・113.5秒から表題カード）	tail	3	B2	92.6–95.9	3.3	B2@92.6–95.9（プールデッキの跡と曲がった鉄筋・地上から＝ショット 92.4〜96.1秒〈95.8〜98.8 は 96.1秒と 99.0秒で切り替わる3つのショットにまたがる・99〜108 の空撮は c406〉）	海岸と現場（崩落の後・2021年）	A推定		🆕 10-06 冒頭は実写＝tail の NIST の3Dアニメ（TR0163）をやめ、壊れ始めたプールデッキを上から。tail は「壊れ始めたのは、この夜ではないらしい」／✅ 10-06 ⑤b-1 走査（1秒1コマ＋窓の中を0.1秒刻み・qa_out/ep19_scan.py）で秒を決めた	夜中に、いきなり崩れたの？爆発や嵐のような、はっ
c105	つかみ	28.6	7.1	quote				quote（決め所）	head	1	B5	121.4–125.8	4.1	B5@121.4–125.8（倉庫の机と部材のあいだで調べる NIST の調査員の引き＝ショット 121.2〜128.2秒）	NIST の調査（部材を保管する倉庫）	A推定		🆕 10-06 冒頭は実写＝c105-1「調べたのは、アメリカの国の研究所、NIST。結論はこうだ。」を実写に・★（c105-2）からは決め所の文字のまま／✅ 10-06 ⑤b-1 走査（1秒1コマ＋窓の中を0.1秒刻み・qa_out/ep19_scan.py）で秒を決めた	調べたのは、アメリカの国の研究所、NIST。結論
c106	つかみ	35.7	14.5	実写	B7	41.5–46.2	film	B7@41.5–46.2（錆びた鉄筋の標本と札＝41.3秒でピントが来る・46.4秒で切り替わり）	tail	2	B5	28.6–38.3	9.7	B5@28.6–38.3（コンクリートのコア抜きの刃＝ショット 28.4〜38.5秒・足もとだけ）	証拠の鉄筋の標本（2024年）／NIST の調査（コア抜き）	A推定		🆕 10-06 冒頭は実写＝図（時間の帯）をやめた。年（2018年）は語りと字幕で伝える。腐食の写真 tf_p174 は c307 で使う＝同じ写真を2回使わない／✅ 10-06 ⑤b-1 走査（1秒1コマ＋窓の中を0.1秒刻み・qa_out/ep19_scan.py）で秒を決めた	しかも、傷みは何年も前から見えていた。2018年
c107	つかみ	50.1	11.3	panel				panel この動画の3つの問い（①この夜、何が起きたのか ②なぜ建って40年の建物が崩れたのか ③見えていた傷みは、なぜ止められなかったのか）								自作			この動画は、3つの問いを追う。1つ目、この夜、何
c201	第1章　海辺の12階建て	61.5	9.7	実写	B2	⑤b-1	film	B2@⑤b-1（海岸の建物の並び・空撮）	tail	3	P1		3.9	P1（崩れる前の建物＝⑤b-1 で写っていれば）	海岸と現場（崩落の後・2021年）／崩れる前（2012年）	A推定／CC BY 3.0（顔だけモザイクなら「改変」）		決め④＝P1 に建物が写るかを⑤b-1 で原寸で見る・写らなければ P3（2013年）・どちらも無ければ差し込まない。副題は写り方を見てから。決め③＝C11（BY-SA）は使わない	そもそも、どんな建物だったの？マイアミ・デイド郡
c202	第1章　海辺の12階建て	71.2	12.8	panel				この動画の資料（台本のまま）	head	1	B1	約9秒	3.3	B1@約9秒（建物の銘板 CHAMPLAIN TOWERS 8777 SOUTH）	建物の銘板（2021年6〜7月）	A推定		横顔の作業員は切り方で外すか顔だけモザイク（PD＝§B2-2b）	建物の名前は、シャンプレーン・タワーズ・サウス。
c203	第1章　海辺の12階建て	84.0	8.2	図				図 流れ図 この動画の資料の並び（2018 調査の報告・議事録 → 2021-12 大陪審の報告 → 2026-06 NIST の結果の動画 → 2026-08 文字起こし → 2026-09 諮問委員会の資料）								自作			もう1つは、郡の大陪審の報告。大陪審は、市民から
c204	第1章　海辺の12階建て	92.2	4.6	panel				panel 数と時刻の言い方（長さはメートル・センチ／原文のフィート・インチは括弧／時刻は現地の時刻）								自作			長さは、メートルとセンチに直して言う。時刻は、現
c205	第1章　海辺の12階建て	96.8	9.2	頁	TF頁		page	図 p3 TF のスライド3（建物の3Dの画像・西／真ん中／東の部分・プールデッキ）											建物は、鉄筋コンクリートの12階建てに、屋上の階
c206	第1章　海辺の12階建て	106.0	9.5	頁	TF頁		page	図 p3 TF のスライド3（寸法の札の画像の切り出し＝`12 stories 110'-10" (33.8 m)`）											12階ぶんの高さは、約34メートル（110フィー
c207	第1章　海辺の12階建て	115.6	10.0	図				図 模式図【横から】フラットプレート（床のコンクリートの板が柱の上に直に載る・柱の上の継ぎ目に色）								自作			つくりは、フラットプレートと呼ばれる形。各階の床
c208	第1章　海辺の12階建て	125.6	10.5	図				図 模式図【上から】塔とプールデッキ・地上の駐車場（塔の南にプールデッキ・下は地下の駐車場の柱の並び）								自作			プールデッキって、どこにあったの？塔の南に続く、
c209	第1章　海辺の12階建て	136.1	9.2	再現				図 再現イラスト A2 の地【横から】プールデッキ・地上の駐車場・地下の駐車場・塔の南の面（形＝TF p48 の3D・人は描かない）								自作			プールデッキの隣には、地上の駐車場の床が続いてい
c210	第1章　海辺の12階建て	145.3	11.2	図				図 年表 建物の歩み（1979〜81年 設計と建設／1981年 完成／1996〜97年 補修／2018年 調査／2021年 40年の点検の期限）								自作			設計と建設は、1979年から81年。この郡では、
c211	第1章　海辺の12階建て	156.5	11.7	quote				quote（決め所・大陪審の報告 p.2 の段＝40年の再認証の起こり）								自作			どうして、そんな決まりができたの？大陪審によると
c212	第1章　海辺の12階建て	168.2	9.5	図				図 書類の再現図 議事録の1行（2018-11-15・`The 40 year certification for the building will be due in 2021.`・名前は出さない）								自作			この建物の40年の期限は、2021年。部屋の持ち
c213	第1章　海辺の12階建て	177.7	7.9	実写	B2	⑤b-1	film	B2@⑤b-1（95.8〜98.8 のデッキの面の引きとその前後）							プールデッキの跡（崩落の後・2021年）	A推定		3秒の区間を2.6倍に伸ばさない＝走査で続きの秒・無ければ 97秒のコマを静止画で受ける	準備していたなら、安心だったんじゃない？そう思え
c301	第2章　25年前から見えていた	185.6	13.2	実写	B7	⑤b-1	film	B7@⑤b-1（錆びた鉄筋の標本の別の秒＝42〜46 は c106 の頭）							証拠の鉄筋の標本（2024年）	A推定		13.2秒＝走査で錆びた標本の長い区間・無ければ静止画で受ける。代わり＝B3@⑤b-1（倉庫の部材の錆びた鉄筋）	傷みは、いつから見えていたの？NISTによると、
c302	第2章　25年前から見えていた	198.7	8.5	図				図 年表（1981 完成 → 建てて15年 プールデッキの大改修 → 1996〜97年 構造の補修と防水）								自作			建てて15年たつころには、ひび、水漏れ、鉄筋の錆
c303	第2章　25年前から見えていた	207.3	11.2	図				図 模式図【横から】作り直したプールデッキの重ね（元のコンクリート・防水の膜・砂の層・敷石）								自作			元のタイルの多くをはがし、防水の膜を敷き、砂の上
c304	第2章　25年前から見えていた	218.5	10.8	図				図 模式図【上から】プールデッキとプランター（図面に無い大きなプランターを赤い点線＝TR0233 の図の形）								自作			プールデッキには、図面に無い大きな植木の箱、プラ
c305	第2章　25年前から見えていた	229.3	10.5	図				図 模式図（同じ・プランターと敷石に重さの印）								自作			図面に無い物が、重さを足していたの？そう。NIS
c306	第2章　25年前から見えていた	239.8	11.0	図				図 数の比べ（余裕の考え方：ふだんかかる重さ ＜ 耐えられる重さ・その差＝余裕・数は出さない）								自作			余裕とは、耐えられる重さと、ふだんかかる重さの差
c307	第2章　25年前から見えていた	250.8	13.2	頁	tf_p174_corr		page	tf_p174_corr（TF スライド174＝鉄筋の腐食・写真つき）							NIST の技術的知見のスライド174	A		英語の札は訳を重ねる	そう。その余裕を、錆も削っていく。錆の進んだ鉄筋
c308	第2章　25年前から見えていた	264.0	9.7	フリー	S#9		stock	S#9（錆びた金属の面の寄り）							イメージ	Pexels License	イメージ	鉄筋そのものではない＝「イメージ」	1996年からの補修のあとも、問題は続いた。水漏
c309	第2章　25年前から見えていた	273.7	10.8	図				図 書類の再現図 2018年10月8日の調査の報告（9頁・表題「Structural Field Survey Report」・会社と人の名前は出さない）								自作			報告書の日付は、2018年10月8日。管理組合の
c310	第2章　25年前から見えていた	284.5	9.0	文字の頁	資料の頁		page	図 p4007 2018年の報告 p.7（文字の頁・町の写しの切り出し＝④'で画像に当てる）											防水は寿命を過ぎ、全部はがして作り直す必要がある
c311	第2章　25年前から見えていた	293.6	5.9	quote				quote（決め所）								自作			場所は、プールデッキと入口の車道の下だ。報告「防
c312	第2章　25年前から見えていた	299.5	6.9	実写	B5	11–16.3	film	B5@11–16.3（倉庫の床一面の部材）							倉庫に並ぶ証拠の部材（2023年）	A推定		—	さらに、近いうちに防水を替えなければ、コンクリー
c313	第2章　25年前から見えていた	306.4	11.3	図				図 模式図【横から】平らな床の上の防水（傾きが無く、水が乾くまで残る）								自作			どうして、防水が傷んでいたの？報告によると、いち
c314	第2章　25年前から見えていた	317.8	12.7	図				図 模式図【横から】報告の直し方（敷石から防水まではがす → 床を直す → 傾きのあるコンクリートを足す → 防水を敷き直す）								自作			報告は直し方も示した。敷石から防水まで全部はがし
c315	第2章　25年前から見えていた	330.4	10.4	フリー	S#20		stock	S#20（柱の並ぶ屋内駐車場）							イメージ	Pexels License	イメージ	柱の番号・床の表示の字を⑤b-1で	地下の駐車場でも、柱や梁、壁に、たくさんのひびと
c316	第2章　25年前から見えていた	340.8	5.4	図				図 数の比べ（2018年の見積もり 合計 約913万ドル＝内わけは出さない）								自作			報告と一緒に、直す工事の見積もりも出されていた。
c317	第2章　25年前から見えていた	346.2	8.1	実写	N#33		photo	N#33（プールデッキの床版からコアを抜く）							プールデッキの床版のコア抜き（2023年9月）	A		—	その報告は、崩れるって警告していたの？いいや。崩
c318	第2章　25年前から見えていた	354.2	8.1	図				図 時間の帯（1996〜97年 → 2018年10月 報告 → 2018年11月 → 2021年6月）								自作			傷みは、ずっと前から見えていたんだね。そう。25
c319	第2章　25年前から見えていた	362.3	7.4	実写	B2	⑤b-1	film	B2@⑤b-1（14〜46・49.5〜95.8 の空撮から＝99〜113 は c406・c419）							現場の空撮（崩落の後・2021年）	A推定		114秒〜の表題カード・氏名テロップを避ける	では、この報告は、そのあと、どう扱われたのか。次
c401	第3章　29か月	369.7	12.7	図				図 時間の帯（2018-10-08 報告 → 2018-11-15 会議 → 2021-04 手紙 → 2021-06-24・「29か月」の帯は報告から2021年4月まで）								自作			報告を受けて、どうなったの？報告の1か月あまりあ
c402	第3章　29か月	382.4	8.9	文字の頁	資料の頁		page	図 p3020 大陪審の報告 p.17（文字の頁・`as early as October 8, 2018` の段）											大陪審は、管理組合の理事会が、遅くとも2018年
c403	第3章　29か月	391.2	10.5	図				図 書類の再現図 議事録の段（2018-11-15・`Structural engineer report was reviewed …`・名前は出さない）								自作			議事録によると、担当者は技術者の報告を見て、40
c404	第3章　29か月	401.8	2.8	quote				quote（決め所）								自作			議事録「建物は、とても良い状態に見える」
c405	第3章　29か月	404.5	7.7	フリー	S#16		stock	S#16（書類とペンの手元）							イメージ	Pexels License	イメージ	紙の字が読めない秒・寄りで	その日の会議では、40年の点検の手続きや、コンク
c406	第3章　29か月	412.3	12.0	実写	B2	99–108	film	B2@99–108（片づいたデッキの床面と重機）							プールデッキの跡（崩落の後・2021年）	A推定		—	報告と、まるで逆じゃない？大陪審も、そこに触れて
c407	第3章　29か月	424.3	9.7	文字の頁	資料の頁		page	図 p3021 大陪審の報告 p.18（文字の頁・`routine repairs and maintenance` の段）											大陪審は、報告の中身から、こうも読んでいる。40
c408	第3章　29か月	434.0	12.2	図				図 数の比べ（1,400万ドル超 → 約15億円 → 136戸で割ると1戸あたり約1,100万円）								自作			大陪審によると、直す工事の額は、1,400万ドル
c409	第3章　29か月	446.1	10.5	図				図 時間の帯（2018年秋 報告 → 2021年4月＝「29か月あまり」）								自作			それだけ書かれていたら、すぐ直しそうなのに。とこ
c410	第3章　29か月	456.7	6.7	文字の頁	資料の頁		page	図 p3021 大陪審の報告 p.18（文字の頁・29か月の段の切り出し）											町の側も、その傷みや、建物の安全について、何の手
c411	第3章　29か月	463.4	8.4	フリー	S#8		stock	S#8（白い壁のひび）							イメージ	Pexels License	イメージ	—	そして2021年4月、管理組合の理事長が、部屋の
c412	第3章　29か月	471.8	10.5	図				図 書類の再現図 手紙の抜粋（大陪審の報告 p.18 が引く文・名前は出さない）								自作			駐車場などの目に見える傷みは、最初の調査のときよ
c413	第3章　29か月	482.3	9.7	図				図 模式図【上から】はがす範囲（プールデッキ・入口の車道・地上の駐車場・プランター）								自作			直す工事の多くは地面の下にあり、地面の高さの床を
c414	第3章　29か月	492.0	8.2	quote				quote（決め所）								自作			手紙は、コンクリートの剥がれは中の鉄筋が錆びてい
c415	第3章　29か月	500.2	11.3	図				図 時間の帯（2021年4月 → 入札を開く予定の会議 → 13日 → 6月24日）								自作			工事は、もう少しで始まるところだったの？工事をし
c416	第3章　29か月	511.6	3.1	quote				quote（決め所）								自作			入札を開く予定の会議の13日後に崩れた
c417	第3章　29か月	514.7	7.9	実写	B1	198–203.5	film	B1@198–203.5（高い所からの現場と海）							崩落の現場と海（2021年6〜7月）	A推定		204秒〜の表題カードを避ける（until）	知らせは、何度も出ていたんだね。そう。2018年
c418	第3章　29か月	522.6	9.5	図				図 年表（2018年10月 報告 → 11月 会議 → 2021年4月 手紙・29か月 → 入札の会議 → 13日後）								自作			大陪審の報告の題は、「建物をより安全にするための
c419	第3章　29か月	532.1	8.7	実写	B2	⑤b-1	film	B2@⑤b-1（110〜113.25 の現場の引きとその前）							現場の空撮（崩落の後・2021年）	A推定		3.25秒を2.7倍に伸ばさない＝走査で続きの秒・無ければ 111秒のコマを静止画で受ける。114秒〜の表題カードを避ける	では、崩れるまでのあいだ、建物の中では、何が起き
c501	第4章　最後の3週間	540.8	11.7	再現				図 再現イラスト A3【横から】夜の地下の駐車場（柱と天井・門＝TF p50〜58 の3Dの形・人は描かない）								自作			最初の合図は、何だったの？崩れる約3週間前、6月
c502	第4章　最後の3週間	552.5	7.9	頁	TF頁		page	図 p50 TF のスライド50（3週間前の3Dの画像・プランターと門の位置の青い点・右上の ©2021 の写真は切る）											同じプランターを、その14か月前に撮った写真には
c503	第4章　最後の3週間	560.4	9.0	再現				図 再現イラスト A3【横から】門（プールデッキと地上の駐車場のあいだ）								自作			同じころ、プールデッキと地上の駐車場のあいだの門
c504	第4章　最後の3週間	569.4	8.5	頁	TF頁		page	図 p50 TF のスライド50（門の描き起こしの画像・1か月前／3週間前の2段・札「目撃談にもとづく NIST の絵」）											NISTは、話をもとに門の絵を描いた。門の北の側
c505	第4章　最後の3週間	578.0	4.9	quote				quote（決め所）								自作			絵に添えた札には、こうある。崩れる3週間前、門が
c506	第4章　最後の3週間	582.9	11.3	図				図 模式図【上から】壊れ始めの候補6か所（プールデッキの黄色の6点・最初の2か所に赤い枠＝TR0105 の図の形）								自作			NISTの分析では、壊れ始めの候補は、プールデッ
c507	第4章　最後の3週間	594.2	9.5	図				図 模式図【横から】柱の上の床のひびと、わずかに下がる床（K-13.1 の札）								自作			NISTは、ここで、床と柱の継ぎ目が、最初に壊れ
c508	第4章　最後の3週間	603.8	12.2	図				図 模式図（同じ・まわりの床が重さを隣の柱へ渡す矢印）								自作			継ぎ目が壊れたのに、床は落ちなかったの？すぐには
c509	第4章　最後の3週間	615.9	13.0	頁	TF頁		page	図 p52 TF のスライド52（1週間前の3Dの画像・門の描き起こしの3段＝1か月前・3週間前・1週間前）											約1週間前、門の問題が、また起きた。一度直された
c510	第4章　最後の3週間	628.9	8.9	フリー	S#12		stock	S#12（古いコンクリートの縁を流れ落ちる水）							イメージ	Pexels License	イメージ	—	見た人の話では、同じころ、駐車場の天井のいつもの
c511	第4章　最後の3週間	637.8	12.0	再現				図 再現イラスト A3【横から】柱を伝う水（水の筋だけ・人は描かない・札「目撃した人の話にもとづく」）								自作			その柱に、水が集まっていたんだね。そう。水は日に
c512	第4章　最後の3週間	649.8	7.2	再現				図 再現イラスト A3（同じ柱・変色の筋）								自作			この柱は、2020年11月の写真でも、変色と、塗
c513	第4章　最後の3週間	657.0	9.0	図				図 模式図【上から】2か所目の継ぎ目（L-13.1）と1か所目（K-13.1）の位置								自作			NISTは、ここでも、床と柱の継ぎ目が壊れたとみ
c514	第4章　最後の3週間	666.1	11.5	図				図 模式図【上から】まわりの継ぎ目（危うくなった柱に色）								自作			まわりの柱に、重さが回っていったんだね。そう。ま
c515	第4章　最後の3週間	677.6	7.9	頁	TF頁		page	図 p57 TF のスライド57（17時間前の3Dの画像・右上の CTS Receiver の写真は切る）											崩れる前の日、6月23日の朝。崩れる約17時間前
c516	第4章　最後の3週間	685.5	8.1	頁	TF頁		page	図 p57 TF のスライド57（聞き取りの図と手書きの注記の画像・札「目撃した人の聞き取りの注記（縮尺は合っていない）」）											聞き取りから起こした図には、手書きの注記が添えら
c517	第4章　最後の3週間	693.5	7.1	quote				quote（決め所）								自作			注記の4インチは、約10センチ。はがきの短い辺く
c518	第4章　最後の3週間	700.6	8.5	再現				図 再現イラスト A2 の地【上から】プランターと床の隙間の位置								自作			隙間は、崩れる約11時間前にも、同じ広さのまま見
c519	第4章　最後の3週間	709.2	11.2	フリー	S#11		stock	S#11（錆の染みの配管に水がしたたる）							イメージ	Pexels License	イメージ	屋内の配管＝駐車場の天井ではない	隙間のほかにも、何か起きていたの？約9時間前には
c520	第4章　最後の3週間	720.3	8.2	頁	tf_p058_note		page	tf_p058_note（付箋）							NIST のスライド58（付箋は聞き取りの注記・下地は管財人の原図）	A＋第三者（原図）		紙面の引用（頁ごと・額装・無加工・出典に CTS Receiver）か付箋だけに切り直す	この話は、黄色い付箋の注記にまとめられている。「
c521	第4章　最後の3週間	728.5	8.1	図				図 模式図【横から】しずく → 蛇口（時間の帯：9時間前 → 3時間前）								自作			漏れは、だんだんひどくなった。崩れる約3時間前に
c522	第4章　最後の3週間	736.6	6.7	図				図 模式図【上から】傷みの地図（3週間前・1週間前・17時間前・11時間前・9時間前・3時間前の点）								自作			この漏れの辺りは、何年も前から、漏れては直してき
c523	第4章　最後の3週間	743.3	6.4	図				図 時間の帯（3週間前 門・プランター → 1週間前 柱の水 → 17時間前 隙間 → 9時間前 天井の漏れ → 3時間前）								自作			そう。門、プランター、柱を伝う水、床の隙間、天井
c524	第4章　最後の3週間	749.8	10.0	実写	N#13		photo	N#13（仮置き場で札を付け撮影・潰れた車と瓦礫）							がれきから運び出した部材（2021年7月）	A		—	NISTのまとめでは、もともと低かった余裕は、2
c525	第4章　最後の3週間	759.8	10.4	再現				図 再現イラスト A3【横から】夜の駐車場（止まった車・人は描かない）								自作			6月23日の夜も、何台かの車が、駐車場に入り、止
c526	第4章　最後の3週間	770.1	7.2	フリー	S#6		stock	S#6（夜の暗い海と波）							イメージ	Pexels License	イメージ	🔁 台本は実写（夜明けの海岸線の記録は無い）→ フリー素材に	崩れる直前に、気づいた人はいたの？いた。次の章は
c601	第5章　午前1時22分	777.4	9.0	再現				図 再現イラスト A3【横から】夜の駐車場・最後の車が入る（人は描かない）								自作			最後に駐車場を見た人は、何を見たの？崩れる約9分
c602	第5章　午前1時22分	786.4	8.2	図				図 時間の帯（約9分前・約8〜9分前・約7分前・約6分前・1:16:27・約5分前・1:17:49・1:18:18・1:22）								自作			約8分から9分前。建物のあちこちで、気になる音が
c603	第5章　午前1時22分	794.6	7.2	図				図 時間の帯（約7分前に印）								自作			約7分前。建物の火災報知器が、「トラブル信号」を
c604	第5章　午前1時22分	801.9	12.0	再現				図 再現イラスト A2【上から】地上の駐車場の床が落ちる（車は傾く・「推定」の札・人は描かない）								自作	推定		約6分前。何人もの人が、地上の駐車場が崩れ落ちて
c605	第5章　午前1時22分	813.9	10.5	図				図 時間の帯（1:16:27 に印）								自作			誰か、外に知らせたの？1時16分27秒、建物の中
c606	第5章　午前1時22分	824.4	8.4	図動	TFV	TR0191〜0195	anim	TFV@TR0191〜0195（プールデッキが南から北へ崩れる NIST の3D とアニメ）							NIST のアニメーション（技術的知見の動画）	A	推定	🔁 台本は再現イラスト。NIST の「推定の筋書き」の札を添える。©2021 の部分が画面に無い秒だけ	約5分前。プールデッキが、南から北へ、1区画ずつ
c607	第5章　午前1時22分	832.8	8.1	図				図 模式図【上から】目撃した人から見えた範囲（NIST の図の型を描き起こし・名前は出さない）								自作			ロビーやその近くでは、急な風を感じた人や、ジェッ
c608	第5章　午前1時22分	840.8	10.4	図				図 時間の帯（1:17:49・1:17:55 に印）								自作			1時17分49秒、2回目の電話。地震が起きて、何
c609	第5章　午前1時22分	851.2	9.0	再現				図 再現イラスト A2 の地【上から】ロビーと地上の駐車場（沈んだ車の位置・人は描かない）								自作			このころ、ロビーでは住民が急いで行き来し、何が起
c610	第5章　午前1時22分	860.2	9.0	図				図 模式図【上から】建物の北からの見通し（1:18:18 のコマの位置・映像そのものは出さない）								自作			1時18分18秒。建物の北にいた人が撮った動画の
c611	第5章　午前1時22分	869.3	11.2	図				図 模式図【横から】塔の南の面とプールデッキの継ぎ目（2か所・梁が外れて継ぎ目が傷む）								自作			プールデッキが落ちて、塔はどうなったの？プールデ
c612	第5章　午前1時22分	880.4	9.7	図				図 模式図（同じ・継ぎ目のひびが育つ）								自作			NISTの考えでは、継ぎ目は、はじめは塔の重さを
c613	第5章　午前1時22分	890.1	10.0	図				図 模式図【上から】部屋の中の防犯カメラの位置（塔の東寄りの部屋の列・映像そのものは出さない）								自作			塔の中の部屋の1つに、防犯カメラがあった。NIS
c614	第5章　午前1時22分	900.2	7.6	図				図 模式図【横から】上の階の廊下のカメラ（1:21:55 のコマの基準の線・床のたわみ）								自作			上の階の廊下の防犯カメラでも、1時21分55秒の
c615	第5章　午前1時22分	907.7	8.1	図				図 数の比べ（前日のコマ → 1:22:14 の床の沈み・柱の札）								自作			傷んだ継ぎ目の上の柱の近くで、NISTは、床がど
c616	第5章　午前1時22分	915.8	7.7	quote				quote（決め所）								自作			どれくらい下がっていたの？1時22分14秒までに
c617	第5章　午前1時22分	923.5	13.5	図				図 数の比べ（46〜69センチ：大人のひざ〈約45センチ〉から学校の机〈約70センチ〉ほど）								自作			約45センチのひざから、約70センチの机の高さほ
c618	第5章　午前1時22分	937.0	10.5	再現				A1 屋上の線が約1階分下がる	tail	2	A01		5.4	A01 p.47〜51 の頁（監視カメラのコマに NIST が印）	NIST の資料の頁（映像のコマ＝© 2021 Used with permission）	紙面の引用		決め②＝🅰：動く映像は使わない・頁ごと・額装・無加工・出典に「NIST の資料（映像のコマ © 2021 Used with permission）」	そう。南の面を写した防犯カメラの映像では、崩れが
c619	第5章　午前1時22分	947.5	9.4	再現				図 再現イラスト A1（真ん中の部分が南から北へ崩れる）								自作			NISTは映像から、壊れたのは3階より下の柱だと
c620	第5章　午前1時22分	956.9	12.8	再現				図 再現イラスト A1（東の部分が西へ揺れ、下の階の柱が耐えきれず落ちる）								自作			東の部分は、崩れていく真ん中の部分に引っぱられ、
c621	第5章　午前1時22分	969.7	8.2	実写	B1	⑤b-1	film	B1@⑤b-1（残った西の部分が立っている秒＝138〜143 は使わない）							崩れた所と残った西の部分（2021年6〜7月）	A推定		🔁 B2@12–14 から（B2 は片づいた後の空撮＝解体〈7月4日〉の後なら西の部分は写らない）。決め⑤＝引きの秒だけ。代わり＝C1・C2（郡の消防＝決め①で使う）	そう。崩れは、真ん中と西の部分の境で止まった。西
c622	第5章　午前1時22分	977.9	7.9	図				図 時間の帯（約3週間前 → 1週間前 → 17時間前 → 9時間前 → 9分前 → 6分前 → 1:16:27 → 1:17:49 → 1:22:14 → 崩落）								自作			あの夜だけで、全部が起きたわけじゃないんだね。そ
c623	第5章　午前1時22分	985.8	5.3	実写	B1	115–118.5	film	B1@115–118.5（がれきの上の捜索隊と柱）							がれきの上の捜索（2021年6〜7月）	A推定		顔は判別できない（台帳）	崩れたあと、中にいた人たちは？次の章は、がれきの
c701	第6章　がれきの下で	991.1	8.4	実写	B1	100–104	film	B1@100–104（がれきの山と重機の腕）							がれきの山（2021年6〜7月）	A推定		×2.1＝走査で 99〜105 へ広げられるか・無ければ静止画で受ける。代わり＝C1（郡の消防・6月24日＝決め①で使う）	町の警察の記録には、6月24日の未明、火災報知の
c702	第6章　がれきの下で	999.5	13.2	実写	N#18		photo	N#18（南どなりのバルコニーから見た現場）							現場と残った西の部分（2021年7月）	A		決め⑤＝🅰 引きだけ：⑤b-1 で原寸を見て、家具・写真・服が見分けられる住戸に寄せない（見分けられれば C1・C2 か B1 の引きに替える）	立ったまま残った部分には、まだ人がいたの？いた。
c703	第6章　がれきの下で	1012.6	10.2	実写	C6		photo	C6（昼の地上からの全景・救助隊と犬）							崩れた現場の救助隊（2021年6月24日・郡の消防）	フロリダ州の公記録（PD-FLGov の可能性）		決め①＝使う。出典の行は「PD」と書かず「マイアミ・デイド郡消防（フロリダ州の公記録）」。代わり＝F:6717686	郡は、郡の消防が、残った建物と、がれきから37人
c704	第6章　がれきの下で	1022.8	8.1	図				図 地図【上から】町の中の位置（現場 → 町のコミュニティセンター・道の線だけ）								自作			残った部分の住民は避難し、町のコミュニティセンタ
c705	第6章　がれきの下で	1030.8	5.8	実写	B1	50–56	film	B1@50–56（がれきの山と捜索の列）							がれきの山と捜索の列（2021年6〜7月）	A推定		隣家の屋根あり	一方、崩れ落ちた真ん中と東の部分は、2階建てほど
c706	第6章　がれきの下で	1036.6	6.6	quote				quote（決め所）								自作			大陪審の報告は、その山について、こう書いている。
c707	第6章　がれきの下で	1043.2	11.8	実写	F:6717686		photo	F:6717686（都市捜索救助隊ががれきを除く）							国の都市捜索救助隊（2021年7月1日）	A（FEMA）		—	子どもは、山の上の方で見つかった。崩れて数時間の
c708	第6章　がれきの下で	1055.0	13.6	実写	F:6723299		photo	F:6723299（ペンシルベニア第1隊が12時間の交代に入る準備）							国の救助隊（2021年7月3日）	A（FEMA）		決め③＝BY-SA は使わない＝差し込みなし。3行目「外国からも」に合う連邦の写真（DVIDS の外国の隊）があれば⑤b-1 で	国の救助隊は5隊。1つの隊は70人から80人で、
c709	第6章　がれきの下で	1068.7	14.5	実写	F:6717685		photo	F:6717685（がれきを除く隊員）							がれきを除く救助隊（2021年7月1日）	A（FEMA）		—	国の中からも外からも、大勢が駆けつけたんだね。そ
c710	第6章　がれきの下で	1083.1	9.7	図				図 模式図【横から】がれきの山と残った西の部分（見張りの印＝陸軍工兵隊の構造の専門家）								自作			残った部分は、不安定だった。国の陸軍工兵隊の、建
c711	第6章　がれきの下で	1092.8	8.1	実写	B1	⑤b-1	film	B1@⑤b-1（残った西の部分が大きく写る秒＝138〜143 は使わない）							残った西の部分（2021年6〜7月）	A推定		🔴 138〜143（fb_c709）は手前に「MIAMI DADE HOMICIDE」の字のシャツ・手持ちで歩くぼけ（実効 736）＝使わない（チャット4 で見た）。決め⑤＝引きの秒だけ。代わり＝C1・C2（郡の消防＝決め①で使う）か B1@159〜160（重機の銘 ALPI）	残った部分は、どうなったの？郡は、残った建物を、
c712	第6章　がれきの下で	1100.9	12.0	図				図 地図【上から】取り壊しの区域（爆破の区域＝半径約90メートル〈300フィート〉の赤・屋内にいる区域の黄＝B03 の地図の形）								自作			郡の知らせでは、取り壊しの予定は、7月4日の夜1
c713	第6章　がれきの下で	1112.9	11.7	実写	F:6723297		photo	F:6723297（交代の隊・⑤b-1 で昼か夜か）							救助の隊（2021年7月3日）	A（FEMA）		副題は写っている時刻で（夜でなければ「夜の」と書かない）。候補 W1（大統領への説明の映像）	がれきの中の捜索は、そのあとも続いた。亡くなった
c714	第6章　がれきの下で	1124.5	11.8	図				図 時間の帯（6月24日 1:22 → 7月20日 20:03＝26日後）								自作			最後の1人が見つかったのは、7月20日の午後8時
c715	第6章　がれきの下で	1136.4	8.4	実写	N#16		photo	N#16（柱に札）							証拠の柱に付けた札（2021年7月6日）	A		—	そう。そのあいだに、柱や梁、床の板は、原因を調べ
c716	第6章　がれきの下で	1144.8	5.9	実写	N#19		photo	N#19（現場を走査するカメラとライダー）							現場を測る機械（2021年7月）	A		—	NISTは、ドローンやレーザーで、がれきの山を測
c717	第6章　がれきの下で	1150.7	3.9	実写	N#20		photo	N#20（札を付けた部材を警察の護衛で保管所へ）							警察に守られて運ぶ部材（2021年7月）	A		🔁 台本の型は B4（2023年の搬送）＝語りの「警察の車に守られて」と年が合う N#20 に	証拠は、警察の車に守られて、現場の外の倉庫へ運ば
c718	第6章　がれきの下で	1154.6	11.0	実写	B5	⑤b-1	film	B5@11–16.3 は c312 で使う → B5@⑤b-1（倉庫の部材の別の秒）	tail	2	PC		5.6	PC（倉庫の部材の点群のフライスルー）	倉庫の証拠（2023年）／点群（約17億点）	A推定		—	7月の終わりまでに、証拠はすべて安全な場所へ移さ
c719	第6章　がれきの下で	1165.6	14.0	図				図 時間の帯（6月25日 NIST の6人が現地へ → 6月30日 本格的な調査を発表 → 2022年1月28日 証拠を NIST が預かる・札「建設安全チーム法（National Construction Safety Team Act）による調査」）								自作			NISTは、崩れた次の日に、6人の科学者と技術者
c720	第6章　がれきの下で	1179.6	7.1	実写	N#44		photo	N#44（現場の空中写真を見る調査団）							空中写真を見る NIST の調査団	A		公務の人の顔は可	調べて、何がわかったの？次の章から、NISTが見
c801	第7章　プールデッキから	1186.7	8.2	図				図 模式図【横から】柱と床の板（床の重さの矢印が下・柱の矢印が上＝TR0062〜0064 の図の型）								自作			押し抜きせん断って、どんな壊れ方なの？床の板は、
c802	第7章　プールデッキから	1194.9	7.4	図動	GIF		anim	GIF（NIST の押し抜きせん断の動く図）							NIST のアニメーション	A		🔁 台本は模式図。c801 の模式図の次	床は柱のまわりで曲がり、斜めのひびが入る。重さが
c803	第7章　プールデッキから	1202.3	7.4	quote				quote（決め所）								自作			まわりに支えが無いと、床は、柱に沿って滑り落ちる
c804	第7章　プールデッキから	1209.7	12.8	図				図 模式図（はさみで紙を切る絵 → 柱が床をずらして押し抜く絵・柱の頭にフックの形の鉄筋が残る）								自作			落ちきると、柱の頭には、フックの形に曲がった鉄筋
c805	第7章　プールデッキから	1222.5	10.8	図				図 模式図【上から】最初の2か所（K-13.1・L-13.1 の札・まわりの継ぎ目に色＝TR0095 の図の型）								自作			6月の初めと中ごろに壊れた2か所は、まわりの継ぎ
c806	第7章　プールデッキから	1233.4	7.2	図				図 流れ図（3つの道具：コンピュータの模型・実物大の試験・ひびの理論）								自作			どうやって、確かめたの？道具は3つ。コンピュータ
c807	第7章　プールデッキから	1240.6	4.8	図				図 模式図【上から】コンピュータの模型（継ぎ目ごとの重さとたわみの色＝TR0258 の図の型）								自作			模型では、継ぎ目の1つずつに、かかる重さと、床の
c808	第7章　プールデッキから	1245.4	11.2	実写	B8	129〜	film	B8@129〜（ワシントン大学の区間・⑤b-1）							実物大の試験（ワシントン大学）	A推定（撮影者の記載なし）		128秒の表題カードの後だけ。2:08 より前はミネソタ大学＝使わない	試験は、ワシントン大学で。プールデッキの柱と床の
c809	第7章　プールデッキから	1256.5	11.2	実写	B8	188–198	film	B8@188–198（真上から見た試験体の床・ワシントン大学）							試験体の床（ワシントン大学）	A推定		梯子の商標 WERNER／LEANSAFE はもとから在る字	床の板は、約3.2メートル四方（10フィート6イ
c810	第7章　プールデッキから	1267.7	5.6	実写	B8	⑤b-1	film	B8@⑤b-1（129〜187・199〜207 のうち油圧ジャッキの見える秒＝188〜198 は c809）							試験体と油圧ジャッキ（ワシントン大学）	A推定		🔁 台本の型 fb_c327（80〜88秒）はミネソタ大学＝使わない	床のまわりに8本の油圧ジャッキを並べ、継ぎ目にか
c811	第7章　プールデッキから	1273.3	9.7	頁	tf_p084_salt		page	tf_p084_salt（TF スライド84＝塩水の槽と電極）							NIST の技術的知見のスライド84	A		🔁 台本の型 fb_c328（ミネソタ大学）→ スライド	何体かは、塩水と電気で、わざと上の鉄筋を錆びさせ
c812	第7章　プールデッキから	1283.0	8.5	実写	N#70		photo	N#70（床の上面のひび・ワシントン大学）	tail	2	N#66		4.1	N#66（床を切った断面の斜めのひび・1430x804＝額装）	試験のあとの床（ワシントン大学・2025年）	A		—	試験の終わりには、床の上に、柱を囲む大きな割れの
c813	第7章　プールデッキから	1291.6	8.2	実写	N#69		photo	N#69（わざと錆びさせた鉄筋の標本）							錆びさせた鉄筋の標本（ワシントン大学・2025年）	A		—	試験とほかの研究から、わかったことがある。中くら
c814	第7章　プールデッキから	1299.8	12.3	図				図 模式図【横から】ひびの幅（柱のまわりの斜めのひび・幅が限界に届くと壊れる＝TR0271 の図の型）								自作			実物に近い物を造って、壊して確かめたんだね。そう
c815	第7章　プールデッキから	1312.1	14.3	図				図 グラフ（青い線＝継ぎ目にかかる力・赤い線＝耐えられる限界・交わる所に印＝TR0273〜0276 の図の型）								自作			ひびの幅は、床の厚さと、柱のまわりで床がどれだけ
c816	第7章　プールデッキから	1326.4	8.2	図				図 数の比べ（決まりどおりの継ぎ目＝赤い線が青い線のずっと上・大きな余裕）								自作			決まりどおりに設計して建てた継ぎ目なら、2本の線
c817	第7章　プールデッキから	1334.6	8.5	図				図 数の比べ（プールデッキの継ぎ目＝2本の線が重なる・余裕ゼロ）								自作			でもプールデッキの継ぎ目では、壊れたとき、その余
c818	第7章　プールデッキから	1343.2	5.1	実写	N#61		photo	N#61（床と柱の継ぎ目のせん断破壊）							実物大の試験で壊れた継ぎ目（ワシントン大学・2025年）	A		—	そう。かかる力が、耐えられる限界に届いてしまった
c819	第7章　プールデッキから	1348.3	5.9	quote				quote（決め所）								自作			NISTは、まとめで、こう言い切っている。壊れな
c820	第7章　プールデッキから	1354.2	5.8	実写	B2	46–49.5	film	B2@46–49.5（デッキの床面を歩く作業員・上から）							プールデッキの跡（崩落の後・2021年）	A推定		顔は小さい（台帳）	どうして、最初から狭かったの？次の章は、建てた時
c901	第8章　見えなかったもの	1359.9	9.0	実写	B3	40–46	film	B3@40–46（倉庫で部材の鉄筋を測る）							倉庫で証拠を測る（2022年）	A推定		調査員の顔＝公務	継ぎ目の強さは、設計の時点で、足りていたの？NI
c902	第8章　見えなかったもの	1369.0	13.0	図				図 模式図 2つの物差し（建てた当時の決まり／今の決まり）								自作			物差しは2つ。建てた当時の決まりと、今の決まりだ
c903	第8章　見えなかったもの	1382.0	7.4	図				図 模式図【上から】強さが足りない所（黄＝中くらい・赤＝ひどい＝TR0215〜0216 の図の型）								自作			図の黄色は、中くらいの不足。赤は、ひどい不足の印
c904	第8章　見えなかったもの	1389.4	3.3	quote				quote（決め所）								自作			決まりの求める強さの半分も無い所があった
c905	第8章　見えなかったもの	1392.7	9.2	図				図 模式図 2つの物差し（同じ・当時の決まりの物差しにも欠けた所＝決まりの限界）								自作			設計が弱かったのは、まず、当時の決まりから、大き
c906	第8章　見えなかったもの	1401.9	8.1	頁	tf_p075_cover		page	tf_p075_cover（TF スライド75＝かぶり・床の断面の写真）							NIST の技術的知見のスライド75	A		🔁 台本は実写（NIST の写真）→ 同じ中身のスライドに	設計の時点で、もう足りなかったなんて。造るときに
c907	第8章　見えなかったもの	1409.9	10.4	図				図 模式図【横から】鉄筋の上のコンクリートの厚さ（図面＝約1.9センチ〈4分の3インチ〉／実際＝約5センチ〈2インチ〉・上の鉄筋が下がる）								自作			鉄筋の上のコンクリートの厚さは、図面では約1.9
c908	第8章　見えなかったもの	1420.3	7.2	図				図 模式図（同じ・ずれの分だけ強さが下がる矢印）								自作			数センチの違いなのに。小さなずれに見える。でも、
c909	第8章　見えなかったもの	1427.5	11.5	頁	tf_p076_bars		page	tf_p076_bars（印字は77）							NIST のスライド77（図面＝サーフサイド町）	A＋町の図面		紙面の引用（頁ごと・額装・無加工・色を変えない・出典に「図面：Town of Surfside」）	図面は、柱のまわりに並ぶ上の鉄筋の、4分の1以上
c910	第8章　見えなかったもの	1439.0	6.1	quote				quote（決め所）								自作			現場から運び出した床の写真では、こうだった。ある
c911	第8章　見えなかったもの	1445.1	14.5	図				図 模式図【上から】鉄筋の間隔（図面の間隔 → 実際は約20から40%広い・柱のまわりの本数が減る）								自作			図面の指定の半分だ。たいていの柱で、真上は、まわ
c912	第8章　見えなかったもの	1459.6	9.5	実写	B5	102–109	film	B5@102–109（倉庫の部材のあいだを歩く）							倉庫に並ぶ証拠（2023年）	A推定		NIST のヘルメットに寄らない	図面と違う造り方を、誰かが認めていたの？わからな
c913	第8章　見えなかったもの	1469.1	9.5	図				図 数の比べ（原因の5つ：設計の強さの不足〈いちばん大きい・広い〉・図面とのずれ〈広い〉・重いプランター・足した砂と敷石・年月の傷み＝AC p.54 の形）								自作			図面の時点でも、造った時点でも、足りなかったんだ
c914	第8章　見えなかったもの	1478.6	11.7	図				図 数の比べ（同じ・5つを順に光らせる）								自作			設計の強さの不足、図面とのずれ、図面より重いプラ
c915	第8章　見えなかったもの	1490.3	8.4	実写	N#42		photo	N#42（吸水の試験）							コンクリートの吸水の試験（2024年8月）	A		—	年月の傷みで大きいのは、鉄筋の錆とみられる。水を
c916	第8章　見えなかったもの	1498.7	13.8	実写	N#3		photo	N#3（携帯の分析器で塩化物を測る）							塩化物を測る（2022年1月）	A		縦横ほぼ同じ＝額装	じゃあ、前から見つかっていた傷みは？関わっていた
c917	第8章　見えなかったもの	1512.5	8.5	quote				quote（決め所）								自作			ただ、強さの不足の内訳では、NISTの2026年
c918	第8章　見えなかったもの	1521.0	9.9	図				図 年表（1979〜81年 設計と建設＝赤い印「住む前から」 → 1981年 完成 → 2021年 崩落）								自作			錆が、いちばんの原因だと思っていた。余裕が足りな
c919	第8章　見えなかったもの	1530.9	5.1	図				図 年表（同じ）								自作			NISTは、それを、人が住む前から組み込まれてい
c920	第8章　見えなかったもの	1536.0	9.0	実写	B6	47–51.75	film	B6@47–51.75（圧縮試験機の中のコア）							コンクリートのコアの試験（2024年）	A推定		51.75 から顔の寄り＝until	傷みは、何年も前から見えていた。でも、弱さの大部
c921	第8章　見えなかったもの	1545.0	15.1	図				図 流れ図（40年の再認証＝傷みを見る → 建てたときの設計と工事は確かめない＝AC p.61 の1c）								自作			NISTは、フロリダの点検の決まりを、ほめるべき
c922	第8章　見えなかったもの	1560.2	10.2	実写	B5	39–46.5	film	B5@39–46.5（コア抜きの刃と水）							コア抜き（2023年）	A推定		絵が柔らかい（実効 約512px）＝別の秒も⑤b-1で	見えていた傷みと、見えなかった不足。その両方だっ
c923	第8章　見えなかったもの	1570.4	7.4	実写	C13		photo	C13（跡地と抜けた鉄筋）							崩落の跡地（2021年10月4日）	CC BY 2.0（Steve Jurvetson）		色や切り出しを変えたら「改変」の表示	でも、プールデッキだけじゃなく、塔まで崩れたのは
ca01	第9章　塔へ渡り、西で止まった	1577.8	12.0	再現				図 再現イラスト A1【正面から】塔の南の面と崩れ落ちたプールデッキ（「推定」の札）								自作	推定		プールデッキが崩れても、塔まで崩れるとは限らない
ca02	第9章　塔へ渡り、西で止まった	1589.8	8.1	図				図 模式図【横から】塔とプールデッキの境（2本の梁＝K と L の札・9.1 の線）								自作			プールデッキの崩れは、北へ進んで、塔との境まで来
ca03	第9章　塔へ渡り、西で止まった	1597.8	9.2	図				図 模式図（同じ・梁と床が外れ、継ぎ目から鉄筋とコンクリートを引き抜く）								自作			梁と床は、崩れながら、継ぎ目から鉄筋とコンクリー
ca04	第9章　塔へ渡り、西で止まった	1607.0	10.8	図				図 模式図【横から】継ぎ目の断面（柱＝緑・床＝灰色＝AC p.65 の形）								自作			その継ぎ目に、弱い所はあったの？2つあった。1つ
ca05	第9章　塔へ渡り、西で止まった	1617.9	13.6	図				図 模式図（同じ・柱の縦の鉄筋・輪の形の鉄筋が無い所＝AC p.71 の形）								自作			2つ目。継ぎ目のほとんどの所に、柱の縦の鉄筋を束
ca06	第9章　塔へ渡り、西で止まった	1631.5	6.4	実写	TLS		film	TLS（ミネソタ大学の据え付けのタイムラプス）							試験体を据える（ミネソタ大学）	A推定（大学の撮影の可能性）		🔁 台本の型 fb_c607	NISTは、この継ぎ目も、2つの弱さごと、実物大
ca07	第9章　塔へ渡り、西で止まった	1637.9	11.8	図				図 数の比べ（約295トン＝20トンの大型トラック約15台分・式は§9）								自作			まず柱に、約295トン（65万ポンド）の重さをか
ca08	第9章　塔へ渡り、西で止まった	1649.8	7.2	実写	TL		film	TL（試験体の床が柱から外れるタイムラプス）							試験体が壊れる（ミネソタ大学）	A推定		右下の NIST の透かしを切る	そのうえで、プールデッキの側の梁と床を、引きはが
ca09	第9章　塔へ渡り、西で止まった	1657.0	11.2	実写	N#72		photo	N#72 か N#60（試験のあとの標本）か AC p.72 の頁							試験のあとの継ぎ目（ミネソタ大学・2025年）	A		「外へ曲がった鉄筋」が写る物を⑤b-1で	安全のため、柱が少し下がり、重さを支えられなくな
ca10	第9章　塔へ渡り、西で止まった	1668.2	11.0	図				図 模式図【横から】継ぎ目が押しつぶされ、柱が下がる（「推定」の札）								自作	推定		そう。NISTは、あの夜の継ぎ目も、こうして押し
ca11	第9章　塔へ渡り、西で止まった	1679.2	12.5	図				図 模式図【正面から】南から北へ崩れる塔の真ん中（屋根が下がり、柱の頭が突き出す＝TR0365〜0367 の画の型・「推定」の札）								自作	推定		2本の柱が同時に下がったか、どちらかが先かは、わ
ca12	第9章　塔へ渡り、西で止まった	1691.7	6.7	頁	TFV	TR0371	anim	TFV@TR0371（止まった境＝ゾーン A・B の図・青い真ん中の部分と点線）							NIST の技術的知見のスライド（止まった境 A・B）	A（右の写真〈TR0373〉は出どころを確かめる＝©2021 なら切る）		🔁 台本は実写（B2 の空撮）＝解体の後の空撮に境は写らない・B1 の残った棟は c621・c711・cc04 で足りなくなる→ NIST の図に	崩れは、どうして西の部分で止まったの？NISTは
ca13	第9章　塔へ渡り、西で止まった	1698.4	5.9	実写	N#17		photo	N#17（残った棟とせん断された断面）							残った西の部分の断面（2021年6月30日ごろ）	A		決め⑤＝🅰 引きだけ：⑤b-1 で原寸を見て、家具・写真・服が見分けられる住戸に寄せない（見分けられれば C1・C2 か B1 の引きに替える）	1つは、床と屋根の板が、コンクリートの壁につなが
ca14	第9章　塔へ渡り、西で止まった	1704.3	3.1	quote				quote（決め所）								自作			コンクリートの壁が、崩れの広がりを止めた
ca15	第9章　塔へ渡り、西で止まった	1707.5	5.6	実写	TFV	TR0377	anim	TFV@TR0377（TF の写真のコマ）							—	要確認		⑤b-1 で出どころの札を読む。©2021 なら使わず B1@159〜160	床は、壁から引きちぎられるように外れた。壁の向こ
ca16	第9章　塔へ渡り、西で止まった	1713.0	12.8	図				図 模式図【横から】壁の無い境（床の板が先に折れる＝①／柱の継ぎ目の押し抜き＝②＝TR0384 の図の型）								自作			もう1つは、壁が無く、床と柱が西の部分まで続いて
ca17	第9章　塔へ渡り、西で止まった	1725.9	12.3	実写	TFV	TR0379	anim	TFV@TR0379（TF の写真のコマ）							—	要確認		同上。代わり＝tf_p139_bars（図）	残った床の裏には、下の鉄筋が引き抜かれた筋が、何
ca18	第9章　塔へ渡り、西で止まった	1738.2	9.4	再現				図 再現イラスト A1【正面から】東の部分が西へ傾く（12階が約53センチの札・「推定」の札）								自作	推定		そう。東の部分は、揺さぶられたあと、12階が西へ
ca19	第9章　塔へ渡り、西で止まった	1747.6	14.0	実写	N#11		photo	N#11（がれきの山から柱を移す）							がれきから運び出す柱（2021年7月7日）	A		TF の TR0427 の写真が使えればそちら	がれきには、何階分もの長さの柱が残っていた。東の
ca20	第9章　塔へ渡り、西で止まった	1761.5	13.5	図				図 年表（1979〜81年 設計＝連鎖を止める定め無し → 1989年 連鎖に強くする鉄筋の決まり → 2025年 今の決まり）								自作			建てたころの決まりには、崩れの連鎖を食い止める定
ca21	第9章　塔へ渡り、西で止まった	1775.0	8.1	実写	D		photo	D（DHS の現場の写真・肖像の写らない引き）							撤去の後の現場（2021年8月19日）	A（DHS）		決め⑥＝15点を全部取得し、犠牲者の写真・遺族・花の寄りが写らない引きだけ。代わり＝B2 の別の秒	ほかにも、原因だと言われたものがあったよね？次の
cb01	第10章　疑われたもの	1783.1	9.0	実写	B2	12–14	film	B2@12–14（ss_b2_87park の秒）							南どなりの 87パーク と現場（2021年）	A推定		札「言われていた話」・重機の CAT はもとから在る字。2秒の区間＝9.0秒は伸ばしすぎ＝13秒のコマ（ss_b2_87park）を静止画で受けるか、走査で 87パーク の写る別の秒	たとえば、となりの工事のせいだという話は？すぐ南
cb02	第10章　疑われたもの	1792.1	14.8	図				模式図（台本のまま）	head	1	S#38		5.1	S#38（基礎の工事の現場と重機）	イメージ	Pixabay Content License	イメージ（差し込み）	杭打ち機の素材は0本＝基礎の工事の重機	工事で掘った所の北の端は、この建物の敷地の南の端
cb03	第10章　疑われたもの	1806.9	7.4	図				図 模式図（同じ・揺れの波）								自作			揺れは、建物の中の人にも感じられ、建物が傷むので
cb04	第10章　疑われたもの	1814.3	13.2	実写	N#43		photo	N#43（建物の計算機モデルを見る調査団）							計算機モデルを見る調査団（2023年4月）	A		—	NISTは、地面と岩、基礎、工事の記録、揺れを測
cb05	第10章　疑われたもの	1827.5	9.7	図				図 模式図（揺れの矢印が、地下の壁と鋼の壁で小さくなり、継ぎ目へ届く前にさらに小さく）								自作			計算では、揺れは、この建物の地下の南の壁と、鋼の
cb06	第10章　疑われたもの	1837.2	5.1	quote				quote（決め所）								自作			NISTの答えは、こうだ。工事の揺れは継ぎ目を傷
cb07	第10章　疑われたもの	1842.2	5.6	頁	TF頁		page	図 p185 TF のスライド185（札の文＝印字185）											スライドには、計算では、傷んでいた継ぎ目さえ傷め
cb08	第10章　疑われたもの	1847.8	9.5	実写	B1	⑤b-1	film	B1@⑤b-1（現場の近くの建物の列）							現場の近くの建物（2021年6〜7月）	A推定		—	住民が揺れを感じたことは、計算でも裏づけられた。
cb09	第10章　疑われたもの	1857.4	8.5	図				図 一覧（アイコン：基礎・陥没と沈み・ハリケーンと高潮・車の衝突・爆発・クレーンの落下物・屋上の工事＝TF p189 の形）								自作			NISTは、ほかにも、崩れに大きくは関わっていな
cb10	第10章　疑われたもの	1865.9	7.1	図				図 一覧（同じ・後半を光らせる）								自作			車の衝突や爆発、クレーンからの落下物。そして、崩
cb11	第10章　疑われたもの	1873.0	13.6	図				図 模式図【上から】人工衛星で地面の沈みを見る（5年分・沈みの色は無し）								自作			地面の下に、空洞があったんじゃないの？人工衛星の
cb12	第10章　疑われたもの	1886.6	10.4	図				図 模式図【横から】石灰岩の地面と空洞（水に溶けてできる空洞の説明＝この建物の下には無い）								自作			建物の土台の下は、石灰岩。水に溶けて、空洞ができ
cb13	第10章　疑われたもの	1897.0	7.2	図				模式図【横から】くいと地下の床（札「くい：強さは足りていた（計算と試験）」）							—	自作		🔁 台本は実写（地下の床の写真は在庫に無い）＝§0' の「cb13 のくいを示す図か札」	くいも、計算と試験で、強さが足りていた。地下の床
cb14	第10章　疑われたもの	1904.2	10.5	図				図 一覧（崩れの起こり＝プールデッキの継ぎ目の余裕の少なさ／大きくは関わっていない＝となりの工事の揺れ・地面・嵐など）								自作			外から来た何かじゃなく、建物そのものに原因があっ
cb15	第10章　疑われたもの	1914.7	8.5	実写	N#24		photo	N#18 は c702 → N#24（ライダーの撮像を相談する連邦職員）か B2 の別の秒							—	A		⑤b-1 で同じ絵を2回使わない	となりの工事の揺れは、住民が感じるほどだった。で
cb16	第10章　疑われたもの	1923.3	3.9	実写	B1	74–77.8	film	B1@74–77.8（鉄筋の出た床とコーン）							崩落の現場の床（2021年6〜7月）	A推定		—	原因がわかって、それで終わり？最後の章は、その後
cc01	終章　その後	1927.2	6.1	実写	D		photo	D（DHS・撤去の後の現場の引き）							撤去の後の現場（2021年8月19日）	A（DHS）		決め⑥＝引きだけ（肖像・遺族・花の寄りが写らないコマ）	崩れたあと、何が変わったの？まず、第3章で見た大
cc02	終章　その後	1933.3	9.5	文字の頁	資料の頁		page	図 p3004 大陪審の報告 p.1（文字の頁・`failings at every level` の段）											大陪審は、原因探しではなく、建物を安全に保つ仕組
cc03	終章　その後	1942.8	6.9	quote				quote（決め所）								自作			そして、29か月のあいだの知らせについては、こう
cc04	終章　その後	1949.8	9.4	実写	B1	⑤b-1	film	B1@⑤b-1（現場の引き・残った西の部分＝決め⑤で引きの秒だけ）							崩落の現場（2021年6〜7月）	A推定		—	でも、この崩落を防げるほど早く動いた人は、誰もい
cc05	終章　その後	1959.1	11.8	図				図 一覧（大陪審の勧告の6つのねらい＝アイコン：役所が早く見つけて動く・海辺の傷み・傷みを見つけて直す・報告を期限どおりに・役所の力・住民がネットで読める）								自作			大陪審は、勧告のねらいを6つ挙げた。役所が危ない
cc06	終章　その後	1971.0	10.2	実写	D		photo	C13 は c923 → D の別のコマ（決め⑥＝引きだけ・ca21・cc01 と別のコマ）							撤去の後の現場（2021年8月19日）	A（DHS）		—	40年の点検は、もっと早くすべきだ、とも書いた。
cc07	終章　その後	1981.2	12.5	図				図 地図【上から】サーフサイドとノースマイアミビーチ市（位置だけ）								自作			まわりの町では、何か動きはあったの？大陪審は、そ
cc08	終章　その後	1993.6	8.2	図				図 数の比べ（10階建て・156戸・40年の点検の期限＝2012年 → 9年半の遅れ）								自作			見つかった1つが、10階建て、156戸のマンショ
cc09	終章　その後	2001.9	7.4	quote				quote（決め所・技師の手紙の1行＝GJ p.20 が引く文・名前は出さない）								自作			崩落の8日後、7月2日。市に、技師の手紙と、点検
cc10	終章　その後	2009.3	4.8	再現				図 再現イラスト（同じ建物・赤い札＝危険の印・人は描かない）								自作			市は、建物に危険の赤い札を貼り、住民全員に、すぐ
cc11	終章　その後	2014.0	8.7	図				図 流れ図（報告が理事会の手元に止まる → 市は知らない／市が点検の遅れを調べる → 報告が市へ → すぐに退去）								自作			報告が役所に届いたから、すぐに動けたんだね。そう
cc12	終章　その後	2022.7	9.9	図				図 流れ図（技師の報告 → 48時間以内に市へ写し＝アベンチュラ市の決まり・GJ p.21 の形）								自作			近くのアベンチュラ市は、新しい決まりを作った。管
cc13	終章　その後	2032.6	5.4	フリー	S#4		stock	S#4（夕方の海辺の高層の空撮・2021年9月の投稿）							イメージ	Pexels License	イメージ	🔁 台本は実写（B2）＝州の法律の話は海辺のマンション全体＝フリー素材に。跡地が写らないか⑤b-1	法律も変わった。2022年、フロリダ州の議会が、
cc14	終章　その後	2038.0	11.3	図				法律の要点（台本のまま）	head	1	S#1		6.2	S#1（海辺の白いコンクリートの建物の空撮）	イメージ	Pexels License	イメージ（差し込み）	跡地・屋上の看板の字を⑤b-1で	この法律で、3階以上のマンションは、建って30年
cc15	終章　その後	2049.4	14.1	図				図 法律の要点（同じ・直すお金の備えの調べ＝10年ごと・2024年の終わりから積み立て無しは不可）								自作			屋根や柱、床、基礎、防水などを直すお金の備えも、
cc16	終章　その後	2063.5	10.4	実写	B1	⑤b-1	film	B1@⑤b-1（現場の引き）							崩落の現場（2021年6〜7月）	A推定		—	1992年7月1日までに完成した建物は、最初の点
cc17	終章　その後	2073.9	12.7	図				時間の帯（6月24日 1:22 にともす → 7月20日 20:03 に消す）							—	自作		🔁 台本は実写（町の追悼の灯の写真は在庫に無い）＝決め⑥で時間の帯の図に	町は毎年、6月24日に追悼の灯をともし、7月20
cc18	終章　その後	2086.5	12.2	図				図 地図【上から】記念の場所（88番通りの端の公園・現場のすぐそば）								自作			2026年8月6日、町は、現場のそばの88番通り
cc19	終章　その後	2098.7	14.3	再現				図 再現イラスト（光の柱の並び・人は描かない＝A13 の設計の形）								自作			13本の光の柱には、崩れた建物の鉄筋と、がれきが
cc20	終章　その後	2113.0	15.1	図				図 時間の帯（2022年6月1日 土地を売る命令〈1億2,000万ドル〉→ 6月24日 和解の最終の命令＝崩落から1年 → 7月27日 売却を終えたと報告）								自作			裁判所は2022年6月1日、償いのお金などに充て
cc21	終章　その後	2128.1	9.0	実写	N#28		photo	N#28（新しい倉庫の柱の標本）							倉庫の証拠（2023年5月）	A		—	NISTの調べは、もう終わったの？最終の報告は、
cc22	終章　その後	2137.2	8.2	図				図 一覧（勧告の題目の候補＝アイコン：設計と工事の質・決まりを守らせること・新しい建物の決まり・記録の保管と点検・今ある建物の診断と手入れ・教育と訓練＝AC p.17）								自作			勧告の題目の候補には、設計と工事の質、記録を残す
cc23	終章　その後	2145.4	5.9	実写	TL		film	TL の別の秒 か N#71（試験中の MAST）							実物大の試験（ミネソタ大学）	A推定／A		—	押し抜きせん断の決まりにも、研究で良くできる所が
cc24	終章　その後	2151.3	3.9	panel				panel この動画の3つの問い（①に印）								自作			最初の問い、答えは出たの？1つ目、この夜、何が起
cc25	終章　その後	2155.2	10.8	再現				図 再現イラスト A1【正面から】プールデッキ → 塔の下の継ぎ目 → 真ん中と東（流れの矢印・「推定」の札）								自作	推定		プールデッキの崩れが、塔の下の継ぎ目を傷め、塔の
cc26	終章　その後	2166.1	11.7	panel				panel 3つの問い（②に印）								自作			2つ目、なぜ、建って40年の建物が崩れたのか。余
cc27	終章　その後	2177.8	9.2	実写	N#53		photo	N#53（試験のあとの標本＝プールデッキの継ぎ目の壊れ方）							試験のあとの継ぎ目（2025年）	A		—	NISTは、この建物を、最初の日から、とてももろ
cc28	終章　その後	2187.0	14.5	panel				panel 3つの問い（③に印）								自作			3つ目、見えていた傷みは、なぜ止められなかったの
cc29	終章　その後	2201.4	9.0	実写	TFV	最後の言葉	anim	TFV@最後の言葉（調査を率いた1人が話す区間）							NIST の技術的知見の動画（2026年6月）	A		公務の人の顔は可・名前は出さない。代わり＝S#27（夜の窓の明かり・イメージ）	調査を率いた1人は、最後に、こう話している。アメ
cc30	終章　その後	2210.5	7.1	panel				panel コメントの問い								自作			マンションや団地の点検のお知らせ、読んだことはあ
