title	cat	w	h	mime	bd	lic	artist	credit	dto	hidden	desc	page	thumb	url
File:China Airlines Airbus A300B4-220 (B-1810-179).jpg	Category:Airbus A300 of China Airlines at Nagoya Airport	4096	2771	image/jpeg	8	CC BY-SA 2.0	contri from Yonezawa-Shi Yamagata, Japan	CHINA AIRLINES A300B4-220 (B-1810/179)	circa 1992 date QS:P,+1992-00-00T00:00:00Z/9,P1480,Q5727902 	CC-BY-SA-2.0|Files from contri Flickr stream|Flickr images reviewed by FlickreviewR|Images with annotations	China Airlines Airbus A300B4-220 (B-1810-179).	https://commons.wikimedia.org/wiki/File:China_Airlines_Airbus_A300B4-220_(B-1810-179).jpg	https://thumb.wikimedia.org/wikipedia/commons/thumb/1/1f/China_Airlines_Airbus_A300B4-220_%28B-1810-179%29.jpg/960px-China_Airlines_Airbus_A300B4-220_%28B-1810-179%29.jpg?utm_source=commons.wikimedia.org&utm_campaign=imageinfo&utm_content=thumbnail	https://upload.wikimedia.org/wikipedia/commons/1/1f/China_Airlines_Airbus_A300B4-220_%28B-1810-179%29.jpg?utm_source=commons.wikimedia.org&utm_campaign=imageinfo&utm_content=original
File:B-18551 A300B4-622R China Al NGO 07JUL01 (7018144159).jpg	Category:Airbus A300 of China Airlines at Nagoya Airport	1851	1234	image/jpeg	8	CC BY-SA 3.0	Ken Fielding	Flickr	2001-07-07	CC-BY-SA-3.0|Items with VRTS permission confirmed|Photographs by Ken Fielding	Airbus A300B4-622R (registration B-18551) of China Airlines at Nagoya Airport.	https://commons.wikimedia.org/wiki/File:B-18551_A300B4-622R_China_Al_NGO_07JUL01_(7018144159).jpg	https://thumb.wikimedia.org/wikipedia/commons/thumb/a/a3/B-18551_A300B4-622R_China_Al_NGO_07JUL01_%287018144159%29.jpg/960px-B-18551_A300B4-622R_China_Al_NGO_07JUL01_%287018144159%29.jpg?utm_source=commons.wikimedia.org&utm_campaign=imageinfo&utm_content=thumbnail	https://upload.wikimedia.org/wikipedia/commons/a/a3/B-18551_A300B4-622R_China_Al_NGO_07JUL01_%287018144159%29.jpg?utm_source=commons.wikimedia.org&utm_campaign=imageinfo&utm_content=original
File:China Airlines Airbus A300-622R (N8888P 555) (6821272981).jpg	Category:Airbus A300 of China Airlines at Nagoya Airport	4096	2730	image/jpeg	8	CC BY-SA 2.0	contri from Yonezawa-Shi, Yamagata, Japan	China Airlines Airbus A300-622R (N8888P/555)	2012-02-05 15:22	CC-BY-SA-2.0|Files from contri Flickr stream|Flickr images reviewed by File Upload Bot (Magnus Manske)|Scanned with Nikon Coolscan V ED	HIstoric Photo	https://commons.wikimedia.org/wiki/File:China_Airlines_Airbus_A300-622R_(N8888P_555)_(6821272981).jpg	https://thumb.wikimedia.org/wikipedia/commons/thumb/2/29/China_Airlines_Airbus_A300-622R_%28N8888P_555%29_%286821272981%29.jpg/960px-China_Airlines_Airbus_A300-622R_%28N8888P_555%29_%286821272981%29.jpg?utm_source=commons.wikimedia.org&utm_campaign=imageinfo&utm_content=thumbnail	https://upload.wikimedia.org/wikipedia/commons/2/29/China_Airlines_Airbus_A300-622R_%28N8888P_555%29_%286821272981%29.jpg?utm_source=commons.wikimedia.org&utm_campaign=imageinfo&utm_content=original
File:China Airlines Airbus A300B4-622R (N8888P-555) (28641358314).jpg	Category:Airbus A300 of China Airlines at Nagoya Airport	4096	2730	image/jpeg	8	CC BY-SA 2.0	contri from Yonezawa, Yamagata, Japan	China Airlines Airbus A300B4-622R (N8888P/555)	2016-08-27 22:13	CC-BY-SA-2.0|Files from contri Flickr stream|Flickr images reviewed by FlickreviewR	OLD Photo...	https://commons.wikimedia.org/wiki/File:China_Airlines_Airbus_A300B4-622R_(N8888P-555)_(28641358314).jpg	https://thumb.wikimedia.org/wikipedia/commons/thumb/d/d8/China_Airlines_Airbus_A300B4-622R_%28N8888P-555%29_%2828641358314%29.jpg/960px-China_Airlines_Airbus_A300B4-622R_%28N8888P-555%29_%2828641358314%29.jpg?utm_source=commons.wikimedia.org&utm_campaign=imageinfo&utm_content=thumbnail	https://upload.wikimedia.org/wikipedia/commons/d/d8/China_Airlines_Airbus_A300B4-622R_%28N8888P-555%29_%2828641358314%29.jpg?utm_source=commons.wikimedia.org&utm_campaign=imageinfo&utm_content=original
File:Airbus A300B4-220 PW CAL CIS PAINT 2.tif	Category:Airbus A300 of China Airlines	3000	1669	image/tiff	0	CC BY-SA 4.0	Tdhla1	Own work	2019-04-03	CC-BY-SA-4.0|Self-published work	The Airbus A300B4 was used by China Airlines since 1989 was fitted with Pratt and Whitney JT-9s which were also used on their 747-200B Fleet. Note: Before 1995, China Airline's Cooperate identity System (CIS) was used for its fleet which included the Republic of China Flag (Taiwan Island), this would create outrage in the People's Republic of China (PRC).	https://commons.wikimedia.org/wiki/File:Airbus_A300B4-220_PW_CAL_CIS_PAINT_2.tif	https://thumb.wikimedia.org/wikipedia/commons/thumb/1/1c/Airbus_A300B4-220_PW_CAL_CIS_PAINT_2.tif/lossless-page1-960px-Airbus_A300B4-220_PW_CAL_CIS_PAINT_2.tif.png?utm_source=commons.wikimedia.org&utm_campaign=imageinfo&utm_content=thumbnail	https://upload.wikimedia.org/wikipedia/commons/1/1c/Airbus_A300B4-220_PW_CAL_CIS_PAINT_2.tif?utm_source=commons.wikimedia.org&utm_campaign=imageinfo&utm_content=original
File:A300, B-1814, China Airlines Hong Kong, Kai Tak May 1997.jpg	Category:B-1814 (aircraft)	5552	3712	image/jpeg	8	CC BY-SA 2.0	Mike Cornwall	https://www.flickr.com/photos/hilifta/19100085852/	1997-05	CC-BY-SA-2.0|Flickr images reviewed by FlickreviewR 2	A300, B-1814, China Airlines Hong Kong, Kai Tak May 1997	https://commons.wikimedia.org/wiki/File:A300,_B-1814,_China_Airlines_Hong_Kong,_Kai_Tak_May_1997.jpg	https://thumb.wikimedia.org/wikipedia/commons/thumb/b/b8/A300%2C_B-1814%2C_China_Airlines_Hong_Kong%2C_Kai_Tak_May_1997.jpg/960px-A300%2C_B-1814%2C_China_Airlines_Hong_Kong%2C_Kai_Tak_May_1997.jpg?utm_source=commons.wikimedia.org&utm_campaign=imageinfo&utm_content=thumbnail	https://upload.wikimedia.org/wikipedia/commons/b/b8/A300%2C_B-1814%2C_China_Airlines_Hong_Kong%2C_Kai_Tak_May_1997.jpg?utm_source=commons.wikimedia.org&utm_campaign=imageinfo&utm_content=original
File:B-1814 China Airlines Airbus A.300B4 622R on short finals at HKG 19.11.1997.jpg	Category:B-1814 (aircraft)	1535	1028	image/jpeg	8	CC BY-SA 3.0	CACTUSMAN13	Own work	1997-11-19 17:21:28	CC-BY-SA-3.0|Self-published work	B-1814 HKG 19.11.97 B-1814 China Airlines Airbus A.300B4 622R on short finals at HKG 19.11.1997. 3 months later the aircraft crashed in Taiwan	https://commons.wikimedia.org/wiki/File:B-1814_China_Airlines_Airbus_A.300B4_622R_on_short_finals_at_HKG_19.11.1997.jpg	https://thumb.wikimedia.org/wikipedia/commons/thumb/b/b1/B-1814_China_Airlines_Airbus_A.300B4_622R_on_short_finals_at_HKG_19.11.1997.jpg/960px-B-1814_China_Airlines_Airbus_A.300B4_622R_on_short_finals_at_HKG_19.11.1997.jpg?utm_source=commons.wikimedia.org&utm_campaign=imageinfo&utm_content=thumbnail	https://upload.wikimedia.org/wikipedia/commons/b/b1/B-1814_China_Airlines_Airbus_A.300B4_622R_on_short_finals_at_HKG_19.11.1997.jpg?utm_source=commons.wikimedia.org&utm_campaign=imageinfo&utm_content=original
File:China Airlines B-1814 Airbus A300 at HK airport.jpg	Category:B-1814 (aircraft)	1024	681	image/jpeg	8	CC BY-SA 4.0	PaulMCC Images	Own work	1997-11	CC-BY-SA-4.0|Self-published work	China Airlines B-1814 Airbus A300 at HK airport	https://commons.wikimedia.org/wiki/File:China_Airlines_B-1814_Airbus_A300_at_HK_airport.jpg	https://thumb.wikimedia.org/wikipedia/commons/thumb/6/65/China_Airlines_B-1814_Airbus_A300_at_HK_airport.jpg/960px-China_Airlines_B-1814_Airbus_A300_at_HK_airport.jpg?utm_source=commons.wikimedia.org&utm_campaign=imageinfo&utm_content=thumbnail	https://upload.wikimedia.org/wikipedia/commons/6/65/China_Airlines_B-1814_Airbus_A300_at_HK_airport.jpg?utm_source=commons.wikimedia.org&utm_campaign=imageinfo&utm_content=original
File:China Airlines B-1814 Airbus A300B4-622R at HK Airport.jpg	Category:B-1814 (aircraft)	1024	655	image/jpeg	8	GFDL 1.2	Alain Durand	https://www.airliners.net/user/uy707/profile/photos	1991-09-30	GFDL|GFDL-1.2|Items with VRTS permission confirmed|Photos by Alain Durand	China Airlines B-1814 Airbus A300 at HK airport	https://commons.wikimedia.org/wiki/File:China_Airlines_B-1814_Airbus_A300B4-622R_at_HK_Airport.jpg	https://thumb.wikimedia.org/wikipedia/commons/thumb/2/23/China_Airlines_B-1814_Airbus_A300B4-622R_at_HK_Airport.jpg/960px-China_Airlines_B-1814_Airbus_A300B4-622R_at_HK_Airport.jpg?utm_source=commons.wikimedia.org&utm_campaign=imageinfo&utm_content=thumbnail	https://upload.wikimedia.org/wikipedia/commons/2/23/China_Airlines_B-1814_Airbus_A300B4-622R_at_HK_Airport.jpg?utm_source=commons.wikimedia.org&utm_campaign=imageinfo&utm_content=original
File:HONG KONG KAI TAK 19 OCT 1993 CHINA AIRLINES AIRBUS A300 B-1814 (cropped).jpg	Category:B-1814 (aircraft)	1626	584	image/jpeg	8	CC BY 2.0	simon butler	https://www.flickr.com/photos/antonov22/8580245260/	1993-10-19	CC-BY-2.0|Flickr images missing SDC creator|Flickr images reviewed by trusted users	HONG KONG KAI TAK 19 OCT 1993 CHINA AIRLINES AIRBUS A300 B-1814 W/O 16 FEB 1998 Crashed on landing Taipei-Chaing Kai Shek Int'l. killing all 196 onboard and 7 people on the ground	https://commons.wikimedia.org/wiki/File:HONG_KONG_KAI_TAK_19_OCT_1993_CHINA_AIRLINES_AIRBUS_A300_B-1814_(cropped).jpg	https://thumb.wikimedia.org/wikipedia/commons/thumb/3/39/HONG_KONG_KAI_TAK_19_OCT_1993_CHINA_AIRLINES_AIRBUS_A300_B-1814_%28cropped%29.jpg/960px-HONG_KONG_KAI_TAK_19_OCT_1993_CHINA_AIRLINES_AIRBUS_A300_B-1814_%28cropped%29.jpg?utm_source=commons.wikimedia.org&utm_campaign=imageinfo&utm_content=thumbnail	https://upload.wikimedia.org/wikipedia/commons/3/39/HONG_KONG_KAI_TAK_19_OCT_1993_CHINA_AIRLINES_AIRBUS_A300_B-1814_%28cropped%29.jpg?utm_source=commons.wikimedia.org&utm_campaign=imageinfo&utm_content=original
File:HONG KONG KAI TAK 19 OCT 1993 CHINA AIRLINES AIRBUS A300 B-1814.jpg	Category:B-1814 (aircraft)	2002	1336	image/jpeg	8	CC BY 2.0	simon butler	https://www.flickr.com/photos/antonov22/8580245260/	1993-10-19	CC-BY-2.0|Flickr images reviewed by FlickreviewR 2|Photographs by Simon Butler	HONG KONG KAI TAK 19 OCT 1993 CHINA AIRLINES AIRBUS A300 B-1814	https://commons.wikimedia.org/wiki/File:HONG_KONG_KAI_TAK_19_OCT_1993_CHINA_AIRLINES_AIRBUS_A300_B-1814.jpg	https://thumb.wikimedia.org/wikipedia/commons/thumb/9/9e/HONG_KONG_KAI_TAK_19_OCT_1993_CHINA_AIRLINES_AIRBUS_A300_B-1814.jpg/960px-HONG_KONG_KAI_TAK_19_OCT_1993_CHINA_AIRLINES_AIRBUS_A300_B-1814.jpg?utm_source=commons.wikimedia.org&utm_campaign=imageinfo&utm_content=thumbnail	https://upload.wikimedia.org/wikipedia/commons/9/9e/HONG_KONG_KAI_TAK_19_OCT_1993_CHINA_AIRLINES_AIRBUS_A300_B-1814.jpg?utm_source=commons.wikimedia.org&utm_campaign=imageinfo&utm_content=original
File:18 30-9-86 B-1810 Don Mueang (52921749059).jpg	Category:B-1810 (aircraft)	2233	1345	image/jpeg	8	CC BY 2.0	Pete Macklin	18 30-9-86 B-1810 Don Mueang	1986-09-30	CC-BY-2.0|Flickr images reviewed by FlickreviewR 2|Photographs by Pete Macklin	18 30-9-86 B-1810 Don Mueang	https://commons.wikimedia.org/wiki/File:18_30-9-86_B-1810_Don_Mueang_(52921749059).jpg	https://thumb.wikimedia.org/wikipedia/commons/thumb/b/b7/18_30-9-86_B-1810_Don_Mueang_%2852921749059%29.jpg/960px-18_30-9-86_B-1810_Don_Mueang_%2852921749059%29.jpg?utm_source=commons.wikimedia.org&utm_campaign=imageinfo&utm_content=thumbnail	https://upload.wikimedia.org/wikipedia/commons/b/b7/18_30-9-86_B-1810_Don_Mueang_%2852921749059%29.jpg?utm_source=commons.wikimedia.org&utm_campaign=imageinfo&utm_content=original
File:Airbus A300B4-220, China Airlines AN0213097.jpg	Category:B-1812 (Airbus A300)	1024	683	image/jpeg	8	GFDL 1.2	JetPix	Gallery page http://www.airliners.net/photo/China-Airlines/Airbus-A300B4-220/0213097/L Photo http://cdn-www.airliners.ne	15 April 1992 date QS:P571,+1992-04-15T00:00:00Z/11	Files uploaded in cooperation with blocked accounts|GFDL|GFDL-1.2|Images uploaded by Fæ|Images with infobox aircraft|Items with VRTS permission confirmed|Photos by Torsten Maiwald		https://commons.wikimedia.org/wiki/File:Airbus_A300B4-220,_China_Airlines_AN0213097.jpg	https://thumb.wikimedia.org/wikipedia/commons/thumb/8/81/Airbus_A300B4-220%2C_China_Airlines_AN0213097.jpg/960px-Airbus_A300B4-220%2C_China_Airlines_AN0213097.jpg?utm_source=commons.wikimedia.org&utm_campaign=imageinfo&utm_content=thumbnail	https://upload.wikimedia.org/wikipedia/commons/8/81/Airbus_A300B4-220%2C_China_Airlines_AN0213097.jpg?utm_source=commons.wikimedia.org&utm_campaign=imageinfo&utm_content=original
File:Airbus A300B4-622R, China Airlines AN0193868.jpg	Category:N88887 (Airbus A300)	1024	685	image/jpeg	8	GFDL 1.2	JetPix	Gallery page http://www.airliners.net/photo/China-Airlines/Airbus-A300B4-622R/0193868/L Photo http://cdn-www.airliners.n	5 December 1996 date QS:P571,+1996-12-05T00:00:00Z/11	Files uploaded in cooperation with blocked accounts|GFDL|GFDL-1.2|Images uploaded by Fæ|Images with infobox aircraft|Items with VRTS permission confirmed|Photos by Torsten Maiwald	Ex PK-GAM	https://commons.wikimedia.org/wiki/File:Airbus_A300B4-622R,_China_Airlines_AN0193868.jpg	https://thumb.wikimedia.org/wikipedia/commons/thumb/5/5f/Airbus_A300B4-622R%2C_China_Airlines_AN0193868.jpg/960px-Airbus_A300B4-622R%2C_China_Airlines_AN0193868.jpg?utm_source=commons.wikimedia.org&utm_campaign=imageinfo&utm_content=thumbnail	https://upload.wikimedia.org/wikipedia/commons/5/5f/Airbus_A300B4-622R%2C_China_Airlines_AN0193868.jpg?utm_source=commons.wikimedia.org&utm_campaign=imageinfo&utm_content=original
File:China Airlines Airbus A300B4-622R N88887.jpg	Category:N88887 (Airbus A300)	660	492	image/jpeg	8	GFDL 1.2	Gary Watt	https://www.airliners.net/photo/China-Airlines/Airbus-A300B4-622R/13047/L	November 1997	GFDL-1.2|Images with watermarks|Items with VRTS permission confirmed|Photos by Gary Watt	Aircraft A300 China Airlines Airbus A300B4-622R Reg.: N88887 MSN: 625 Location & Date Hong Kong - Kai Tak International (HKG / VHHH) [CLOSED] Hong Kong, China - November 1997 Caption -	https://commons.wikimedia.org/wiki/File:China_Airlines_Airbus_A300B4-622R_N88887.jpg	https://upload.wikimedia.org/wikipedia/commons/8/85/China_Airlines_Airbus_A300B4-622R_N88887.jpg?utm_source=commons.wikimedia.org&utm_campaign=imageinfo&utm_content=thumbnail_unscaled	https://upload.wikimedia.org/wikipedia/commons/8/85/China_Airlines_Airbus_A300B4-622R_N88887.jpg?utm_source=commons.wikimedia.org&utm_campaign=imageinfo&utm_content=original
File:China Airlines B-1816 Airbus A300 at HK Airport.jpg	Category:B-1816 (Airbus A300)	1024	698	image/jpeg	8	GFDL 1.2	Alain Durand	https://www.airliners.net/user/uy707/profile/photos	1991-09-30	GFDL|GFDL-1.2|Items with VRTS permission confirmed|Photos by Alain Durand	China Airlines B-1816 Airbus A300 at HK airport	https://commons.wikimedia.org/wiki/File:China_Airlines_B-1816_Airbus_A300_at_HK_Airport.jpg	https://thumb.wikimedia.org/wikipedia/commons/thumb/9/91/China_Airlines_B-1816_Airbus_A300_at_HK_Airport.jpg/960px-China_Airlines_B-1816_Airbus_A300_at_HK_Airport.jpg?utm_source=commons.wikimedia.org&utm_campaign=imageinfo&utm_content=thumbnail	https://upload.wikimedia.org/wikipedia/commons/9/91/China_Airlines_B-1816_Airbus_A300_at_HK_Airport.jpg?utm_source=commons.wikimedia.org&utm_campaign=imageinfo&utm_content=original
File:CI A300 B-1816.jpg	Category:B-1816 (Airbus A300)	10349	7026	image/jpeg	8	CC BY-SA 4.0	Aero Icarus	https://www.flickr.com/photos/aero_icarus/54478476530/	Unknown	CC-BY-SA-4.0|Creative Commons Attribution-Share Alike 4.0 missing SDC copyright license|Creative Commons Attribution-Share Alike missing SDC copyright status|Flickr images missing SDC copyright status|Flickr images reviewed by FlickreviewR 2	This A300 crashed 31 years ago on this day on approach to Nagoya, Japan...264 people lost their lives. RIP!	https://commons.wikimedia.org/wiki/File:CI_A300_B-1816.jpg	https://thumb.wikimedia.org/wikipedia/commons/thumb/a/a3/CI_A300_B-1816.jpg/960px-CI_A300_B-1816.jpg?utm_source=commons.wikimedia.org&utm_campaign=imageinfo&utm_content=thumbnail	https://upload.wikimedia.org/wikipedia/commons/a/a3/CI_A300_B-1816.jpg?utm_source=commons.wikimedia.org&utm_campaign=imageinfo&utm_content=original
File:Photo of China Airlines Airbus A300B4-622R B-1816 at Nagoya-Komaki International Airport (NGO, RJNN).jpg	Category:B-1816 (Airbus A300)	1200	800	image/jpeg	8	CC BY-SA 2.0	Guido Allieri	https://www.flickr.com/photos/guidojet/50639018057/	1993-04-13	CC-BY-SA-2.0|Flickr images missing SDC inception|Flickr images reviewed by FlickreviewR 2	A306-ChinaAl-B1816-047 China Airlines, founded in 1959, is the state-owned national carrier of the Republic of China (commonly known as Taiwan), and one of its two major airlines along with EVA Air. China Airlines operated 6 Airbus A.300B later supplemented by 14 of the updated series -600 version. B-1816 (c/n 580 series -622R) was delivered new in February 1991. The plane was lost on April 26th, 	https://commons.wikimedia.org/wiki/File:Photo_of_China_Airlines_Airbus_A300B4-622R_B-1816_at_Nagoya-Komaki_International_Airport_(NGO,_RJNN).jpg	https://thumb.wikimedia.org/wikipedia/commons/thumb/7/74/Photo_of_China_Airlines_Airbus_A300B4-622R_B-1816_at_Nagoya-Komaki_International_Airport_%28NGO%2C_RJNN%29.jpg/960px-Photo_of_China_Airlines_Airbus_A300B4-622R_B-1816_at_Nagoya-Komaki_International_Airport_%28NGO%2C_RJNN%29.jpg?utm_source=commons.wikimedia.org&utm_campaign=imageinfo&utm_content=thumbnail	https://upload.wikimedia.org/wikipedia/commons/7/74/Photo_of_China_Airlines_Airbus_A300B4-622R_B-1816_at_Nagoya-Komaki_International_Airport_%28NGO%2C_RJNN%29.jpg?utm_source=commons.wikimedia.org&utm_campaign=imageinfo&utm_content=original
File:B-18501 A300B4-622R China Airlines NRT 22MAY03 (8449253161).jpg	Category:B-18501 (aircraft)	4336	2891	image/jpeg	8	CC BY-SA 3.0	Ken Fielding	Flickr	2013-01-25 14:15:01	CC-BY-SA-3.0|Items with VRTS permission confirmed|Photographs by Ken Fielding	Built in Oct-96 and delivered new to China Airlines. This aircraft was sold to Air Atlanta Icelandic in Oct-06 as TF-ELE and was converted into a freighter in Apr-07. It was sold to Maximus Air Cargo, UAE, in Dec-08 as A6-MXB. It's currently (Feb-13) on lease to Etihad Crystal Cargo and based in Abu Dhabi (AUH).	https://commons.wikimedia.org/wiki/File:B-18501_A300B4-622R_China_Airlines_NRT_22MAY03_(8449253161).jpg	https://thumb.wikimedia.org/wikipedia/commons/thumb/f/ff/B-18501_A300B4-622R_China_Airlines_NRT_22MAY03_%288449253161%29.jpg/960px-B-18501_A300B4-622R_China_Airlines_NRT_22MAY03_%288449253161%29.jpg?utm_source=commons.wikimedia.org&utm_campaign=imageinfo&utm_content=thumbnail	https://upload.wikimedia.org/wikipedia/commons/f/ff/B-18501_A300B4-622R_China_Airlines_NRT_22MAY03_%288449253161%29.jpg?utm_source=commons.wikimedia.org&utm_campaign=imageinfo&utm_content=original
File:China Airlines Airbus A300 TTT-1.jpg	Category:B-18502 (aircraft)	1024	681	image/jpeg	8	GFDL 1.2	Tsung TsenTsan	http://www.airliners.net/photo/China-Airlines/Airbus-A300B4-622R/0595621/L/	2004-01-10	GFDL|GFDL-1.2|Items with VRTS permission confirmed|Photos by Tsung TsenTsan	China Airlines Airbus A300 @ Ngurah Rai Int'l Airport	https://commons.wikimedia.org/wiki/File:China_Airlines_Airbus_A300_TTT-1.jpg	https://thumb.wikimedia.org/wikipedia/commons/thumb/f/f4/China_Airlines_Airbus_A300_TTT-1.jpg/960px-China_Airlines_Airbus_A300_TTT-1.jpg?utm_source=commons.wikimedia.org&utm_campaign=imageinfo&utm_content=thumbnail	https://upload.wikimedia.org/wikipedia/commons/f/f4/China_Airlines_Airbus_A300_TTT-1.jpg?utm_source=commons.wikimedia.org&utm_campaign=imageinfo&utm_content=original
File:ChinaAirlines A300 fukuoka 20050925102120.jpg	Category:B-18502 (aircraft)	2655	1770	image/jpeg	8	CC0	Amayagan	Own work	2005-09-25 10:20:14	CC-Zero|Self-published work	チャイナエアライン エアバス A300 福岡空港	https://commons.wikimedia.org/wiki/File:ChinaAirlines_A300_fukuoka_20050925102120.jpg	https://thumb.wikimedia.org/wikipedia/commons/thumb/6/60/ChinaAirlines_A300_fukuoka_20050925102120.jpg/960px-ChinaAirlines_A300_fukuoka_20050925102120.jpg?utm_source=commons.wikimedia.org&utm_campaign=imageinfo&utm_content=thumbnail	https://upload.wikimedia.org/wikipedia/commons/6/60/ChinaAirlines_A300_fukuoka_20050925102120.jpg?utm_source=commons.wikimedia.org&utm_campaign=imageinfo&utm_content=original
File:B-18503 A300B4-622R China A-l BKK 31MAR06 (5671122054).jpg	Category:B-18503 (aircraft)	1800	1200	image/jpeg	8	CC BY-SA 3.0	Ken Fielding	Flickr	2011-04-29 20:44:00	CC-BY-SA-3.0|Items with VRTS permission confirmed|Photographs by Ken Fielding	A picture of an airplane (name of it is on the file name).	https://commons.wikimedia.org/wiki/File:B-18503_A300B4-622R_China_A-l_BKK_31MAR06_(5671122054).jpg	https://thumb.wikimedia.org/wikipedia/commons/thumb/4/43/B-18503_A300B4-622R_China_A-l_BKK_31MAR06_%285671122054%29.jpg/960px-B-18503_A300B4-622R_China_A-l_BKK_31MAR06_%285671122054%29.jpg?utm_source=commons.wikimedia.org&utm_campaign=imageinfo&utm_content=thumbnail	https://upload.wikimedia.org/wikipedia/commons/4/43/B-18503_A300B4-622R_China_A-l_BKK_31MAR06_%285671122054%29.jpg?utm_source=commons.wikimedia.org&utm_campaign=imageinfo&utm_content=original
File:China Airlines Airbus A300B4-622R Pichugin-1.jpg	Category:B-18503 (aircraft)	1500	997	image/jpeg	8	GFDL 1.2	Dmitriy Pichugin	http://www.airliners.net/photo/China-Airlines/Airbus-A300B4-622R/0998748/L/	2005-07-01	GFDL-1.2|Items with VRTS permission confirmed|Photos by Dmitriy Pichugin	China Airlines Airbus A300B4-622R @ Ngurah Rai Airport	https://commons.wikimedia.org/wiki/File:China_Airlines_Airbus_A300B4-622R_Pichugin-1.jpg	https://thumb.wikimedia.org/wikipedia/commons/thumb/0/00/China_Airlines_Airbus_A300B4-622R_Pichugin-1.jpg/960px-China_Airlines_Airbus_A300B4-622R_Pichugin-1.jpg?utm_source=commons.wikimedia.org&utm_campaign=imageinfo&utm_content=thumbnail	https://upload.wikimedia.org/wikipedia/commons/0/00/China_Airlines_Airbus_A300B4-622R_Pichugin-1.jpg?utm_source=commons.wikimedia.org&utm_campaign=imageinfo&utm_content=original
File:China Airlines Airbus A300B4-622R Pichugin-2.jpg	Category:B-18573 (aircraft)	1500	997	image/jpeg	8	GFDL 1.2	Dmitriy Pichugin	http://www.airliners.net/photo/China-Airlines/Airbus-A300B4-622R/1004037/L/	2005-06-28	GFDL-1.2|Items with VRTS permission confirmed|Photos by Dmitriy Pichugin	China Airlines Airbus A300B4-622R @ Ngurah Rai Airport	https://commons.wikimedia.org/wiki/File:China_Airlines_Airbus_A300B4-622R_Pichugin-2.jpg	https://thumb.wikimedia.org/wikipedia/commons/thumb/4/45/China_Airlines_Airbus_A300B4-622R_Pichugin-2.jpg/960px-China_Airlines_Airbus_A300B4-622R_Pichugin-2.jpg?utm_source=commons.wikimedia.org&utm_campaign=imageinfo&utm_content=thumbnail	https://upload.wikimedia.org/wikipedia/commons/4/45/China_Airlines_Airbus_A300B4-622R_Pichugin-2.jpg?utm_source=commons.wikimedia.org&utm_campaign=imageinfo&utm_content=original
File:Airbus A300B4-622R, China Airlines AN0145015.jpg	Category:B-18575 (aircraft)	1280	815	image/jpeg	8	GFDL 1.2	Sunil Gupta	Gallery page http://www.airliners.net/photo/China-Airlines/Airbus-A300B4-622R/0145015/L Photo http://cdn-www.airliners.n	8 February 2001	Files uploaded in cooperation with blocked accounts|GFDL-1.2|Images uploaded by Fæ|Images with infobox aircraft|Items with VRTS permission confirmed|Photos by Sunil Gupta	One of the prettiest tails flying.	https://commons.wikimedia.org/wiki/File:Airbus_A300B4-622R,_China_Airlines_AN0145015.jpg	https://thumb.wikimedia.org/wikipedia/commons/thumb/1/1d/Airbus_A300B4-622R%2C_China_Airlines_AN0145015.jpg/960px-Airbus_A300B4-622R%2C_China_Airlines_AN0145015.jpg?utm_source=commons.wikimedia.org&utm_campaign=imageinfo&utm_content=thumbnail	https://upload.wikimedia.org/wikipedia/commons/1/1d/Airbus_A300B4-622R%2C_China_Airlines_AN0145015.jpg?utm_source=commons.wikimedia.org&utm_campaign=imageinfo&utm_content=original
File:B-18575 A300B4-622R China Al SIN 24SEP99 (5671122448).jpg	Category:B-18575 (aircraft)	1800	1200	image/jpeg	8	CC BY-SA 3.0	Ken Fielding	Flickr	2011-04-29 20:44:58	CC-BY-SA-3.0|Items with VRTS permission confirmed|Photographs by Ken Fielding	A picture of an airplane (name of it is on the file name).	https://commons.wikimedia.org/wiki/File:B-18575_A300B4-622R_China_Al_SIN_24SEP99_(5671122448).jpg	https://thumb.wikimedia.org/wikipedia/commons/thumb/e/e5/B-18575_A300B4-622R_China_Al_SIN_24SEP99_%285671122448%29.jpg/960px-B-18575_A300B4-622R_China_Al_SIN_24SEP99_%285671122448%29.jpg?utm_source=commons.wikimedia.org&utm_campaign=imageinfo&utm_content=thumbnail	https://upload.wikimedia.org/wikipedia/commons/e/e5/B-18575_A300B4-622R_China_Al_SIN_24SEP99_%285671122448%29.jpg?utm_source=commons.wikimedia.org&utm_campaign=imageinfo&utm_content=original
File:B-18610 B737-809 China Al SIN 24SEP99 (6333810731).jpg	Category:B-18575 (aircraft)	1800	1200	image/jpeg	8	CC BY-SA 3.0	Ken Fielding	Flickr	2011-11-11 12:38:37	CC-BY-SA-3.0|Items with VRTS permission confirmed|Photographs by Ken Fielding	A picture of an airplane (name of it is on the file name).	https://commons.wikimedia.org/wiki/File:B-18610_B737-809_China_Al_SIN_24SEP99_(6333810731).jpg	https://thumb.wikimedia.org/wikipedia/commons/thumb/5/54/B-18610_B737-809_China_Al_SIN_24SEP99_%286333810731%29.jpg/960px-B-18610_B737-809_China_Al_SIN_24SEP99_%286333810731%29.jpg?utm_source=commons.wikimedia.org&utm_campaign=imageinfo&utm_content=thumbnail	https://upload.wikimedia.org/wikipedia/commons/5/54/B-18610_B737-809_China_Al_SIN_24SEP99_%286333810731%29.jpg?utm_source=commons.wikimedia.org&utm_campaign=imageinfo&utm_content=original
File:China Airlines Airbus A300 MRD.jpg	Category:B-18576 (aircraft)	1200	799	image/jpeg	8	GFDL 1.2	M Radzi Desa	http://www.airliners.net/photo/China-Airlines/Airbus-A300B4-622R/0915273/L/	2005-08-25	GFDL-1.2|Items with VRTS permission confirmed|Photos by M Radzi Desa	China Airlines Airbus A300	https://commons.wikimedia.org/wiki/File:China_Airlines_Airbus_A300_MRD.jpg	https://thumb.wikimedia.org/wikipedia/commons/thumb/0/02/China_Airlines_Airbus_A300_MRD.jpg/960px-China_Airlines_Airbus_A300_MRD.jpg?utm_source=commons.wikimedia.org&utm_campaign=imageinfo&utm_content=thumbnail	https://upload.wikimedia.org/wikipedia/commons/0/02/China_Airlines_Airbus_A300_MRD.jpg?utm_source=commons.wikimedia.org&utm_campaign=imageinfo&utm_content=original
File:ChinaAirlines A300 fukuoka 20041023102346.jpg	Category:B-18577 (aircraft)	2231	1487	image/jpeg	8	CC0	Amayagan	Own work	2004-10-23 10:23:36	CC-Zero|Self-published work	チャイナエアライン エアバス A300 福岡空港	https://commons.wikimedia.org/wiki/File:ChinaAirlines_A300_fukuoka_20041023102346.jpg	https://thumb.wikimedia.org/wikipedia/commons/thumb/e/e5/ChinaAirlines_A300_fukuoka_20041023102346.jpg/960px-ChinaAirlines_A300_fukuoka_20041023102346.jpg?utm_source=commons.wikimedia.org&utm_campaign=imageinfo&utm_content=thumbnail	https://upload.wikimedia.org/wikipedia/commons/e/e5/ChinaAirlines_A300_fukuoka_20041023102346.jpg?utm_source=commons.wikimedia.org&utm_campaign=imageinfo&utm_content=original
File:ChinaAirlines A300 fukuoka 20050429102946.jpg	Category:B-18578 (aircraft)	2717	1811	image/jpeg	8	CC0	Amayagan	Own work	2005-04-29 10:29:34	CC-Zero|Self-published work	チャイナエアライン エアバス A300 福岡空港	https://commons.wikimedia.org/wiki/File:ChinaAirlines_A300_fukuoka_20050429102946.jpg	https://thumb.wikimedia.org/wikipedia/commons/thumb/1/1c/ChinaAirlines_A300_fukuoka_20050429102946.jpg/960px-ChinaAirlines_A300_fukuoka_20050429102946.jpg?utm_source=commons.wikimedia.org&utm_campaign=imageinfo&utm_content=thumbnail	https://upload.wikimedia.org/wikipedia/commons/1/1c/ChinaAirlines_A300_fukuoka_20050429102946.jpg?utm_source=commons.wikimedia.org&utm_campaign=imageinfo&utm_content=original
File:Airbus A300B4-220, China Airlines AN0193866.jpg	Category:B-192 (aircraft)	1024	698	image/jpeg	8	GFDL 1.2	JetPix	Gallery page http://www.airliners.net/photo/China-Airlines/Airbus-A300B4-220/0193866/L Photo http://cdn-www.airliners.ne	10 December 1996 date QS:P571,+1996-12-10T00:00:00Z/11	Files uploaded in cooperation with blocked accounts|GFDL|GFDL-1.2|Images uploaded by Fæ|Images with infobox aircraft|Items with VRTS permission confirmed|Photos by Torsten Maiwald		https://commons.wikimedia.org/wiki/File:Airbus_A300B4-220,_China_Airlines_AN0193866.jpg	https://thumb.wikimedia.org/wikipedia/commons/thumb/a/ac/Airbus_A300B4-220%2C_China_Airlines_AN0193866.jpg/960px-Airbus_A300B4-220%2C_China_Airlines_AN0193866.jpg?utm_source=commons.wikimedia.org&utm_campaign=imageinfo&utm_content=thumbnail	https://upload.wikimedia.org/wikipedia/commons/a/ac/Airbus_A300B4-220%2C_China_Airlines_AN0193866.jpg?utm_source=commons.wikimedia.org&utm_campaign=imageinfo&utm_content=original
File:B-192 A300B4-220 China A-l SIN 01JAN99 (5670551681).jpg	Category:B-192 (aircraft)	1800	1200	image/jpeg	8	CC BY-SA 3.0	Ken Fielding	Flickr	2011-04-29 20:38:41	CC-BY-SA-3.0|Items with VRTS permission confirmed|Photographs by Ken Fielding	B-192 was re-registered B-18582 in Oct-99	https://commons.wikimedia.org/wiki/File:B-192_A300B4-220_China_A-l_SIN_01JAN99_(5670551681).jpg	https://thumb.wikimedia.org/wikipedia/commons/thumb/9/90/B-192_A300B4-220_China_A-l_SIN_01JAN99_%285670551681%29.jpg/960px-B-192_A300B4-220_China_A-l_SIN_01JAN99_%285670551681%29.jpg?utm_source=commons.wikimedia.org&utm_campaign=imageinfo&utm_content=thumbnail	https://upload.wikimedia.org/wikipedia/commons/9/90/B-192_A300B4-220_China_A-l_SIN_01JAN99_%285670551681%29.jpg?utm_source=commons.wikimedia.org&utm_campaign=imageinfo&utm_content=original
File:HONG KONG KAI TAK FEB 1998 CHINA AIRLINES AIRBUS A300 B-192 (8673301706).jpg	Category:B-192 (aircraft)	1774	1183	image/jpeg	8	CC BY 2.0	simon butler from halesowen, uk	HONG KONG KAI TAK FEB 1998 CHINA AIRLINES AIRBUS A300 B-192	2013-04-22 19:30	CC-BY-2.0|Flickr images reviewed by FlickreviewR 2|Photographs by Simon Butler	HONG KONG KAI TAK FEB 1998 CHINA AIRLINES AIRBUS A300 B-192	https://commons.wikimedia.org/wiki/File:HONG_KONG_KAI_TAK_FEB_1998_CHINA_AIRLINES_AIRBUS_A300_B-192_(8673301706).jpg	https://thumb.wikimedia.org/wikipedia/commons/thumb/7/7b/HONG_KONG_KAI_TAK_FEB_1998_CHINA_AIRLINES_AIRBUS_A300_B-192_%288673301706%29.jpg/960px-HONG_KONG_KAI_TAK_FEB_1998_CHINA_AIRLINES_AIRBUS_A300_B-192_%288673301706%29.jpg?utm_source=commons.wikimedia.org&utm_campaign=imageinfo&utm_content=thumbnail	https://upload.wikimedia.org/wikipedia/commons/7/7b/HONG_KONG_KAI_TAK_FEB_1998_CHINA_AIRLINES_AIRBUS_A300_B-192_%288673301706%29.jpg?utm_source=commons.wikimedia.org&utm_campaign=imageinfo&utm_content=original
File:HONG KONG KAI TAK FEBRUARY 1998 CHINA AIRLINES AIRBUS A300 B-192 (48803799932).jpg	Category:B-192 (aircraft)	1450	1065	image/jpeg	8	CC BY 2.0	simon butler from halesowen, uk	HONG KONG KAI TAK FEBRUARY 1998 CHINA AIRLINES AIRBUS A300 B-192	2019-09-27 14:46	CC-BY-2.0|Flickr images missing SDC inception|Flickr images reviewed by FlickreviewR 2|Photographs by Simon Butler	HONG KONG KAI TAK FEBRUARY 1998 CHINA AIRLINES AIRBUS A300 B-192	https://commons.wikimedia.org/wiki/File:HONG_KONG_KAI_TAK_FEBRUARY_1998_CHINA_AIRLINES_AIRBUS_A300_B-192_(48803799932).jpg	https://thumb.wikimedia.org/wikipedia/commons/thumb/4/45/HONG_KONG_KAI_TAK_FEBRUARY_1998_CHINA_AIRLINES_AIRBUS_A300_B-192_%2848803799932%29.jpg/960px-HONG_KONG_KAI_TAK_FEBRUARY_1998_CHINA_AIRLINES_AIRBUS_A300_B-192_%2848803799932%29.jpg?utm_source=commons.wikimedia.org&utm_campaign=imageinfo&utm_content=thumbnail	https://upload.wikimedia.org/wikipedia/commons/4/45/HONG_KONG_KAI_TAK_FEBRUARY_1998_CHINA_AIRLINES_AIRBUS_A300_B-192_%2848803799932%29.jpg?utm_source=commons.wikimedia.org&utm_campaign=imageinfo&utm_content=original
File:HONG KONG KAI TAK FEB 1998 CHINA AIRLINES AIRBUS A300 B-194 (8672080909).jpg	Category:B-194 (aircraft)	1752	1167	image/jpeg	8	CC BY 2.0	simon butler from halesowen, uk	HONG KONG KAI TAK FEB 1998 CHINA AIRLINES AIRBUS A300 B-194	2013-04-22 19:14	CC-BY-2.0|Flickr images reviewed by FlickreviewR 2|Photographs by Simon Butler	HONG KONG KAI TAK FEB 1998 CHINA AIRLINES AIRBUS A300 B-194	https://commons.wikimedia.org/wiki/File:HONG_KONG_KAI_TAK_FEB_1998_CHINA_AIRLINES_AIRBUS_A300_B-194_(8672080909).jpg	https://thumb.wikimedia.org/wikipedia/commons/thumb/d/d8/HONG_KONG_KAI_TAK_FEB_1998_CHINA_AIRLINES_AIRBUS_A300_B-194_%288672080909%29.jpg/960px-HONG_KONG_KAI_TAK_FEB_1998_CHINA_AIRLINES_AIRBUS_A300_B-194_%288672080909%29.jpg?utm_source=commons.wikimedia.org&utm_campaign=imageinfo&utm_content=thumbnail	https://upload.wikimedia.org/wikipedia/commons/d/d8/HONG_KONG_KAI_TAK_FEB_1998_CHINA_AIRLINES_AIRBUS_A300_B-194_%288672080909%29.jpg?utm_source=commons.wikimedia.org&utm_campaign=imageinfo&utm_content=original
File:CL676-A300.png	Category:China Airlines Flight 676	1372	864	image/png	8	CC BY-SA 4.0	Anynobody	Own work	2008-02-20 06:13	CC-BY-SA-4.0,3.0,2.5,2.0,1.0|GFDL|License migration redundant|Self-published work	China Airlines Flight 676	https://commons.wikimedia.org/wiki/File:CL676-A300.png	https://thumb.wikimedia.org/wikipedia/commons/thumb/c/c1/CL676-A300.png/960px-CL676-A300.png?utm_source=commons.wikimedia.org&utm_campaign=imageinfo&utm_content=thumbnail	https://upload.wikimedia.org/wikipedia/commons/c/c1/CL676-A300.png?utm_source=commons.wikimedia.org&utm_campaign=imageinfo&utm_content=original
File:The wreckage of the plane crash of Dayuan in 1998 (cropped).jpg	Category:China Airlines Flight 676	294	382	image/jpeg	8	CC BY-SA 3.0	CCY18999	Own work	2013-01-15 16:06	CC-BY-SA-3.0|Extracted images|GFDL|License migration redundant|Self-published work	​大園空難所留下的唯一證物，保存於奇跡咖飛場店內一角。	https://commons.wikimedia.org/wiki/File:The_wreckage_of_the_plane_crash_of_Dayuan_in_1998_(cropped).jpg	https://upload.wikimedia.org/wikipedia/commons/3/3b/The_wreckage_of_the_plane_crash_of_Dayuan_in_1998_%28cropped%29.jpg?utm_source=commons.wikimedia.org&utm_campaign=imageinfo&utm_content=thumbnail_unscaled	https://upload.wikimedia.org/wikipedia/commons/3/3b/The_wreckage_of_the_plane_crash_of_Dayuan_in_1998_%28cropped%29.jpg?utm_source=commons.wikimedia.org&utm_campaign=imageinfo&utm_content=original
File:The wreckage of the plane crash of Dayuan in 1998.jpg	Category:China Airlines Flight 676	405	720	image/jpeg	8	CC BY-SA 3.0	CCY18999	Own work	2013-01-15 16:06	CC-BY-SA-3.0|GFDL|Images with extracted images|License migration redundant|Self-published work|Taken with Sony DSC-W300	​大園空難所留下的唯一證物，保存於奇跡咖飛場店內一角。	https://commons.wikimedia.org/wiki/File:The_wreckage_of_the_plane_crash_of_Dayuan_in_1998.jpg	https://upload.wikimedia.org/wikipedia/commons/a/aa/The_wreckage_of_the_plane_crash_of_Dayuan_in_1998.jpg?utm_source=commons.wikimedia.org&utm_campaign=imageinfo&utm_content=thumbnail_unscaled	https://upload.wikimedia.org/wikipedia/commons/a/aa/The_wreckage_of_the_plane_crash_of_Dayuan_in_1998.jpg?utm_source=commons.wikimedia.org&utm_campaign=imageinfo&utm_content=original
