行	判定	食い違い	台本の読み	聞取の読み	台本	聞取
pr01-1	読みが違う	チ→ティ	ネンツキニチゴゼンジフンメリイランドシュウボルチモア	ネンツキニチゴゼンジフンメリイランドシュウボルティモア	2024年3月26日、午前1時29分。メリーランド州ボルチモア。	2024年3月26日午前1時29分。メリーランド州ボルティモア。
pr01-2	読み一致		ゼンチョオメエトルノハシガマンナカカラカワニオチタ	ゼンチョオメエトルノハシガマンナカカラカワニオチタ	全長2769メートルの橋が、真ん中から川に落ちた。	全長二千七百六十九メートルの橋が真ん中から川に落ちた。
pr02-1	読み一致		ハシノオエニハニンガイタドオロノアナヲウメテエタホシュウハンガニン	ハシノオエニハニンガイタドオロノアナヲウメテエタホシュウハンガニン	橋の上には、8人がいた。道路の穴を埋めていた補修班が7人。	橋の上には八人がいた。道路の穴を埋めていた補修班が七人。
pr02-2	読み一致		ソレヲミテマワッテエタテンケンインガニン	ソレヲミテマワッテエタテンケンインガニン	それを見て回っていた点検員が1人。	それを見て回っていた点検員が一人
pr03-1	読み一致		ニンガナクナッタニンガジュウショオヲオッテエキノビテンケンインハブジダッタ	ニンガナクナッタニンガジュウショオヲオッテエキノビテンケンインハブジダッタ	6人が亡くなった。1人が重傷を負って生き延び、点検員は無事だった。	六人が亡くなった。一人が重傷を負って生き延び、点検員は無事だった。
pr03-2	読み一致		フネニノッテエタニンノオチケガハニンデアル	フネニノッテエタニンノオチケガハニンデアル	船に乗っていた23人のうち、けがは1人である。	船に乗っていた二十三人のうち、怪我は一人である。
pr04-1	読み一致		フネノイジョオハハシノリョオタンニイタケエカンニツタワッテエタ	フネノイジョオハハシノリョオタンニイタケエカンニツタワッテエタ	船の異常は、橋の両端にいた警官に伝わっていた。	船の異常は橋の両端にいた警官に伝わっていた。
pr04-2	読み一致		ケエカンハクルマヲトメタハシノオエノニンニハダレモツタエナカッタ	ケエカンハクルマヲトメタハシノオエノニンニハダレモツタエナカッタ	警官は車を止めた。橋の上の8人には、誰も伝えなかった。	警官は車を止めた。橋の上の八人には誰も伝えなかった。
pr04-3	読み一致		ショオトツマデフンビョオアッタ	ショオトツマデフンビョオアッタ	衝突まで、1分16秒あった	衝突まで1分16秒あった。
pr05-1	読みが違う	エヌティーエスビイ→—	シラベタノハアメリカノコッカウンユアンゼンイインカイリャクショオエヌティーエスビイ	シラベタノハアメリカノコッカウンユアンゼンイインカイリャクショオ	調べたのは、アメリカの国家運輸安全委員会。略称エヌティーエスビー。	調べたのはアメリカの国家運輸安全委員会、略称NTSB。
pr05-2	読み一致		サイシュウホオコクハペエジアル	サイシュウホオコクハペエジアル	最終報告は259ページある。	最終報告は二百五十九ページある。
pr06-1	読み一致		ゲンインハフネノハイデンバンノナカニアッタホンノシンゴオセンダッタ	ゲンインハフネノハイデンバンノナカニアッタホンノシンゴオセンダッタ	原因は、船の配電盤の中にあった一本の信号線だった。	原因は船の配電盤の中にあった一本の信号線だった。
pr06-2	読み一致		ソノセンガタンシダイニオクマデハイッテエナカッタ	ソノセンガタンシダイニオクマデハイッテエナカッタ	その線が、端子台に奥まで入っていなかった。	その線が端子台に奥まで入っていなかった
pr07-1	読み一致		センガハズレテテエデンガオキフネハスイシントソオダヲドオジニウシナッタ	センガハズレテテエデンガオキフネハスイシントソオダヲドオジニウシナッタ	線が外れて停電が起き、船は推進と操舵を同時に失った。	線が外れて停電が起き、船は推進と操舵を同時に失った。
pr07-2	読み一致		ソノトキハシマデハフィートオヨソメエトルデアル	ソノトキハシマデハフィートオヨソメエトルデアル	そのとき、橋までは3200フィート。およそ975メートルである。	その時、橋までは三二〇〇フィート、およそ九七五メートルである。
pr08-1	読み一致		フネハキョオキャクニアタッタビョオデキョオキャクガクズレ	フネハキョオキャクニアタッタビョオデキョオキャクガクズレ	船は橋脚に当たった。13秒で橋脚が崩れ、	船は橋脚に当たった。十三秒で橋脚が崩れ
pr08-2	読み一致		チュウオオノハシゲタツガセンシュノオエトカワヘオチタ	チュウオオノハシゲタミッツガセンシュノオエトカワヘオチタ	中央の橋桁3つが、船首の上と川へ落ちた。	中央の橋げた三つが船首の上と川へ落ちた。
pr09-1	読み一致		ホオコクショハホオラクソノモノニモフミコンデエル	ホオコクショハホオラクソノモノニモフミコンデエル	報告書は、崩落そのものにも踏み込んでいる。	報告書は崩落そのものにも踏み込んでいる。
pr09-2	読み一致		コノハシニハソトコオセンガアタッタトキニクズレナイタメノソナエガナカッタ	コノハシニハソトコオセンガアタッタトキニクズレナイタメノソナエガナカッタ	この橋には、外航船が当たったときに崩れないための備えが無かった。	この橋には外航船が当たった時に崩れないための備えがなかった。
pr10-1	読みが違う	アト→ノチ	ジコノアトニケエサンシテミルトコノハシガクズレルミコミハ	ジコノノチニケエサンシテミルトコノハシガクズレルミコミハ	事故のあとに計算してみると、この橋が崩れる見込みは、	事故の後に計算してみると、この橋が崩れる見込みは
pr10-2	読み一致		ハシノセッケエシシンガキョヨオシテエルセンノオヨソバイダッタダレモケエサンシテエナカッタ	ハシノセッケエシシンガキョヨオシテエルセンノオヨソバイダッタダレモケエサンシテエナカッタ	橋の設計指針が許容している線のおよそ30倍だった。誰も計算していなかった。	橋の設計指針が許容している線のおよそ三十倍だった。誰も計算していなかった
pr11-1	読み一致		シラセハフネカラリクヘリクカラケエカンヘトワタッテエク	シラセハフネカラリクヘリクカラケエカンヘトワタッテエク	知らせは、船から陸へ、陸から警官へと渡っていく。	知らせは船から陸へ、陸から警官へと渡っていく。
pr11-2	読み一致		サイゴノホンダケガツナガッテエナカッタ	サイゴノホンダケガツナガッテエナカッタ	最後の一本だけが、繋がっていなかった。	最後の一本だけがつながっていなかった。
pr12-1	読み一致		コレハソノフンビョオトトドカナカッタフンビョオノキロクデアル	コレハソノフンビョオトトドカナカッタフンビョオノキロクデアル	これは、その4分9秒と、届かなかった1分16秒の記録である。	これはその四分九秒と届かなかった一分十六秒の記録である。
pr12-2	読み一致		ペエジノホオコクショダケデタドル	ペエジノホオコクショダケデタドル	259ページの報告書だけで、たどる。	二百五十九ページの報告書だけでたどる
c101-1	読み一致		フランシススコットキイキョオボルチモアノミナトノデグチヲマタイデエタ	フランシススコットキイキョオボルチモアノミナトノデグチヲマタイデエタ	フランシス・スコット・キー橋。ボルチモアの港の出口を跨いでいた。	フランシス・スコット・キー橋。ボルチモアの港の出口をまたいでいた。
c101-2	読み一致		ソノセッケエノキジュンニフネガブツカルトイウコオモクハナカッタ	ソノセッケエノキジュンニフネガブツカルトイウコオモクハナカッタ	その設計の基準に、船がぶつかるという項目は無かった。	その設計の基準に船がぶつかるという項目はなかった
c102-1	読み一致		カイツウハネンツキニチ	カイツウハネンツキニチ	開通は1977年3月23日。	開通は1977年3月23日
c102-2	読みが違う	アト→ゴ	クズレタノハソノネントニチアトダッタ	クズレタノハソノネントニチゴダッタ	崩れたのは、その47年と3日あとだった。	崩れたのはその四十七年と三日後だった。
c103-1	読みが違う	エムディーティーエエ→—	モチヌシハメリイランドシュウコオツウキョクリャクショオエムディーティーエエ	モチヌシハメリイランドシュウコオツウキョクリャクショオ	持ち主はメリーランド州交通局。略称エムディーティーエー。	持ち主はメリーランド州交通局、略称MDTA。
c103-2	読み一致		シュウドオゴオヲパタプスコガワノオエニワタシテエタ	シュウドオゴオヲパタプスコガワノオエニワタシテエタ	州道695号を、パタプスコ川の上に渡していた。	州道695号をパタプスコ川の上に渡していた
c104-1	読み一致		ゼンチョオハフィートオヨソメエトル	ゼンチョオハフィートオヨソメエトル	全長は9086フィート。およそ2769メートル。	全長は九千八十六フィート、およそ二千七百六十九メートル
c104-2	読み一致		シュコオロノオエノケタカハフィートオヨソメエトルアッタ	シュコオロノオエノケタカハフィートオヨソメエトルアッタ	主航路の上の桁下は185フィート、およそ56メートルあった。	主航路の上の桁下は百八十五フィート、およそ五十六メートルあった。
c105-1	読み一致		ハシノシタヲトオルノハハバフィートノフォートマクヘンリイレンポオコオロ	ハシノシタヲトオルノハハバフィートノフォートマクヘンリイレンポオコオロ	橋の下を通るのは、幅700フィートのフォート・マクヘンリー連邦航路。	橋の下を通るのは幅七百フィートのフォートマクヘンリー連邦航路。
c105-2	読みが違う	ソト→ガイ	ソトコオセンハコノコオロノチュウシンヲトオッテハシノシタヲヌケル	ガイコオセンハコノコオロノチュウシンヲトオッテハシノシタヲヌケル	外航船は、この航路の中心を通って橋の下を抜ける。	外交船はこの航路の中心を通って橋の下を抜ける。
c106-1	読み一致		シャセンハツネンノツウコオハニチアタリダイ	シャセンハヨッツネンノツウコオハニチアタリダイ	車線は4つ。2023年の通行は1日あたり34121台。	車線は四つ。二〇二三年の通行は一日当たり三万四千百二十一台。
c106-2	読み一致		ソノオチワリガトラックダッタ	ソノオチワリガトラックダッタ	そのうち1割がトラックだった。	そのうち一割がトラックだった。
c107-1	読み一致		キケンブツヲツンダクルマハワンノシタノトンネルヲトオレナイ	キケンブツヲツンダクルマハワンノシタノトンネルヲトオレナイ	危険物を積んだ車は、湾の下のトンネルを通れない。	危険物を積んだ車は湾の下のトンネルを通れない。
c107-2	読み一致		ダカラコノハシハソノシュルイノクルマニトッテオモナミチダッタ	ダカラコノハシハソノシュルイノクルマニトッテオモナミチダッタ	だからこの橋は、その種類の車にとって、主な道だった。	だからこの橋はその種類の車にとって主な道だった。
c108-1	読みが違う	タン→ハシ	リョオタンノキョオダイドテノガワデハシヲウケルダイガキキョオキャクガキ	リョオハシノキョオダイドテノガワデハシヲウケルダイガキキョオキャクガキ	両端の橋台、土手の側で橋を受ける台が2基。橋脚が36基。	両橋の橋台、土手の側で橋を受ける台が二基、橋脚が三十六基
c108-2	判定できない	径間	キョオキャクトキョオキャクノアイダヲトヨブ	キョオキャクトキョオキャクノマヲトヨブ	橋脚と橋脚のあいだを、径間と呼ぶ。	橋脚と橋脚の間を径間と呼ぶ。
c108-3	判定できない	径間	コオロノオエノダケガハガネノトラスデクマレテエタ	コオロノオエノケエカンダケガハガネノトラスデクマレテエタ	航路の上の3径間だけが、鋼のトラスで組まれていた。	高路の上の三景観だけが鋼のトラスで組まれていた。
c109-1	読み一致		トラストハサンカッケエヲクミアワセテチカラヲナガスホネグミノコトデアル	トラストハサンカッケエヲクミアワセテチカラヲナガスホネグミノコトデアル	トラスとは、三角形を組み合わせて力を流す骨組みのことである。	トラスとは三角形を組み合わせて力を流す骨組みのことである。
c109-2	読み一致		ウエヲトオルノデハナクホネグミノナカヲクルマガトオルカタチダッタ	ウエヲトオルノデハナクホネグミノナカヲクルマガトオルカタチダッタ	上を通るのではなく、骨組みの中を車が通る形だった。	上を通るのではなく、骨組みの中を車が通る形だった。
c110-1	読み一致		コノホネグミニハキメラレタヨビナガツイテエル	コノホネグミニハキメラレタヨビナガツイテエル	この骨組みには、決められた呼び名が付いている。	この骨組みには決められた呼び名がついている。
c110-2	読みが違う	コオ→ハガネ／—→リ	ヒジョオチョオコオヒッパブザイハガネデデキテエテヒッパラレテエテ	ヒジョオチョオハガネヒッパリブザイハガネデデキテエテヒッパラレテエテ	非冗長鋼引張部材。鋼でできていて、引っ張られていて、	非冗長。鋼引っ張り部材。鋼でできていて、引っ張られていて
c110-3	読み一致		ホンガコワレレバハシハオチカネナイ	ホンガコワレレバハシハオチカネナイ	1本が壊れれば、橋は落ちかねない	一本が壊れれば橋は落ちかねない。
c111-1	読み一致		ソオヨバレタブザイハカゲツニド	ソオヨバレタブザイハカゲツニド	そう呼ばれた部材は、24か月に一度、	そう呼ばれた部材は二十四ヶ月に一度
c111-2	読み一致		ケンサインガテノトドクキョリマデヨッテシラベルコトガギムヅケラレテエル	ケンサインガテノトドクキョリマデヨッテシラベルコトガギムヅケラレテエル	検査員が手の届く距離まで寄って調べることが義務づけられている。	検査員が手の届く距離まで寄って調べることが義務付けられている。
c112-1	読み一致		ホオラクノマエノサイゴノケンサハネンツキ	ホオラクノマエノサイゴノケンサハネンツキ	崩落の前の最後の検査は、2023年5月。	崩落の前の最後の検査は2023年5月
c112-2	読み一致		ホオコクショハコノトキフグアイハミツカッテエナイトカイテエル	ホオコクショハコノトキフグアイハミツカッテエナイトカイテエル	報告書は、このとき不具合は見つかっていない、と書いている。	報告書はこの時不具合は見つかっていないと書いている。
c113-1	読み一致		キョオキャクニハソナエガアッタハシガヒライタネンカラ	キョオキャクニハソナエガアッタハシガヒライタネンカラ	橋脚には備えがあった。橋が開いた1977年から、	橋脚には備えがあった。橋が開いた1977年から
c113-2	判定できない	衝工	バントバンノキョオキャクヲツブレテチカラヲスウコンクリイトトキノボオガカコンデエタ	バントジュウハチバンノキョオキャクヲツブレテチカラヲスウコンクリイトトキノボオチョオコオガカコンデエタ	17番と18番の橋脚を、潰れて力を吸うコンクリートと木の防衝工が囲んでいた。	十七番と十八番の橋脚を潰れて力を吸うコンクリートと木の防潮工が囲んでいた。
c114-1	読み一致		スコシハナレタミズノオエニハドルフィントヨバレルコオゾオブツガキ	スコシハナレタミズノオエニハドルフィントヨバレルコオゾオブツガキ	少し離れた水の上には、ドルフィンと呼ばれる構造物が4基。	少し離れた水の上にはドルフィンと呼ばれる構造物が四基
c114-2	読み一致		ゴムノカンショオザイヲマイテハズレタフネヲソラスタメノモノデアル	ゴムノカンショオザイヲマイテハズレタフネヲソラスタメノモノデアル	ゴムの緩衝材を巻いて、外れた船をそらすためのものである。	ゴムの緩衝材を巻いて外れた船をそらすためのものである。
c115-1	読み一致		タダシセッケエニツカワレタノハネンノキジュンダッタ	タダシセッケエニツカワレタノハネンノキジュンダッタ	ただし、設計に使われたのは1969年の基準だった。	ただし、設計に使われたのは1969年の基準だった。
c115-2	読み一致		フネガブツカルキケンモハシヲマモルソナエモソノキジュンニハカカレテエナイ	フネガブツカルキケンモハシヲマモルソナエモソノキジュンニハカカレテエナイ	船がぶつかる危険も、橋を守る備えも、その基準には書かれていない。	船がぶつかる危険も、橋を守る備えも、その基準には書かれていない。
c201-1	読み一致		ツキニチノヨルハシノミナミイキノミギシャセンガコオジノタメニトジラレテエタ	ツキニチノヨルハシノミナミイキノミギシャセンガコオジノタメニトジラレテエタ	3月25日の夜。橋の南行きの右車線が、工事のために閉じられていた。	3月25日の夜、橋の南行きの右車線が工事のために閉じられていた。
c201-2	読み一致		ブラウナアビルダアズシャノホシュウハンニンガロメンノアナヲウメテエタ	ブラウナアビルダアズシャノホシュウハンニンガロメンノアナヲウメテエタ	ブラウナー・ビルダーズ社の補修班7人が、路面の穴を埋めていた。	ブラウナービルダーズ社の補修班七人が路面の穴を埋めていた
c202-1	読み一致		トジテエタノハミナミイキノミギシャセンホン	トジテエタノハミナミイキノミギシャセンホン	閉じていたのは、南行きの右車線1本。	閉じていたのは南行きの右車線一本。
c202-2	読みが違う	ホカ→タ	ホカノシャセンニハクルマガカヨッテエタ	タノシャセンニハクルマガカヨッテエタ	ほかの車線には、車が通っていた。	他の車線には車が通っていた。
c203-1	読み一致		モオニンエボオンエンタアプライズシャノテンケンインガイタ	モオニンエボオンエンタアプライズシャノテンケンインガイタ	もう1人、エボーン・エンタープライズ社の点検員がいた。	もう一人、エボーンエンタープライズ社の点検員がいた。
c203-2	読み一致		シュウコオツウキョクノシタウケデコンクリイトノカワキグアイヲミテマワッテエタ	シュウコオツウキョクノシタウケデコンクリイトノカワキグアイヲミテマワッテエタ	州交通局の下請けで、コンクリートの乾き具合を見て回っていた。	州交通局の下請けでコンクリートの乾き具合を見て回っていた
c204-1	読み一致		テンケンインハハシノリョオタンニイタシュウコオツウキョクケエサツノケエカント	テンケンインハハシノリョオタンニイタシュウコオツウキョクケエサツノケエカント	点検員は、橋の両端にいた州交通局警察の警官と、	点検員は橋の両端にいた州交通局警察の警官と
c204-2	読み一致		ホシュウハンノサギョオチョオトソレゾレケエタイデンワノバンゴオヲコオカンシテエタ	ホシュウハンノサギョオチョオトソレゾレケエタイデンワノバンゴオヲコオカンシテエタ	補修班の作業長と、それぞれ携帯電話の番号を交換していた。	補修班の作業長とそれぞれ携帯電話の番号を交換していた。
c204-3	読み一致		ハシノオエノマドグチハテンケンインニンダッタ	ハシノオエノマドグチハテンケンインニンダッタ	橋の上の窓口は、点検員1人だった	橋の上の窓口は点検員一人だった。
c205-1	読み一致		タダシソレハコジンドオシノバンゴオノコオカンダッタ	タダシソレハコジンドオシノバンゴオノコオカンダッタ	ただし、それは個人どうしの番号の交換だった。	ただし、それは個人同士の番号の交換だった。
c205-2	読み一致		キンキュウノトキニドオツタエルカヲキメタテジュンハナカッタ	キンキュウノトキニドオツタエルカヲキメタテジュンハナカッタ	緊急のときにどう伝えるかを決めた手順は、無かった。	緊急の時にどう伝えるかを決めた手順はなかった
c206-1	読み一致		ハシノリョオタンニハシュウコオツウキョクケエサツノクルマガダイズツトマッテエタ	ハシノリョオタンニハシュウコオツウキョクケエサツノクルマガダイズツトマッテエタ	橋の両端には、州交通局警察の車が1台ずつ止まっていた。	橋の両端には州交通局警察の車が一台ずつ止まっていた。
c206-2	読みが違う	アイダ→マ	コオジノアイダクルマノナガレヲオトスタメデアル	コオジノマクルマノナガレヲオトスタメデアル	工事のあいだ、車の流れを落とすためである。	工事の間、車の流れを落とすためである。
c207-1	読み一致		コオジヲハジメルマエニテンケンインハシュウノオンヨオセンタアニモレンラクシ	コオジヲハジメルマエニテンケンインハシュウノオンヨオセンタアニモレンラクシ	工事を始める前に、点検員は州の運用センターにも連絡し、	工事を始める前に、点検員は州の運用センターにも連絡し
c207-2	読み一致		シャセンヲトジルキョカヲトッテエタ	シャセンヲトジルキョカヲトッテエタ	車線を閉じる許可を取っていた。	車線を閉じる許可を取っていた
c208-1	読みが違う	ウ→—	シュウコオツウキョクトホシュウハンノカイシャノケエヤクニハコオカイテアル	シュウコオツウキョクトホシュハンノカイシャノケエヤクニハコオカイテアル	州交通局と補修班の会社の契約には、こう書いてある。	州交通局と保守班の会社の契約にはこう書いてある。
c208-2	読み一致		ウケオイシャハシュウコオツウキョクトレンラクガトレルシュダンヲヨオイスルコトアンゼンジョオノヨオケンデアル	ウケオイシャハシュウコオツウキョクトレンラクガトレルシュダンヲヨオイスルコトアンゼンジョオノヨオケンデアル	請負者は、州交通局と連絡が取れる手段を用意すること。安全上の要件である。	請負者は州交通局と連絡が取れる手段を用意すること。安全上の要件である。
c209-1	読み一致		ミトメラレルシュダンハツケエタイデンワシミンバンドムセン	ミトメラレルシュダンハミッツケエタイデンワシミンバンドムセン	認められる手段は3つ。携帯電話、市民バンド無線、	認められる手段は三つ。携帯電話、市民バンド、無線。
c209-2	読み一致		マタハケエタイガタノソオホオコオムセンキ	マタハケエタイガタノソオホオコオムセンキ	または携帯型の双方向無線機。	または携帯型の双方向無線機
c210-1	読み一致		ソノヨルハシノオエニイタノハコノニンダケダッタ	ソノヨルハシノオエニイタノハコノニンダケダッタ	その夜、橋の上にいたのは、この8人だけだった。	その夜、橋の上にいたのはこの8人だけだった。
c211-1	判定できない	径間	コオジノクルマハダイダイニダイダイニダイダイニダイ	コオジノクルマハダイダイケエカンニダイダイケエカンニダイダイケエカンニダイ	工事の車は7台。第18径間に4台、第20径間に2台、第22径間に1台。	工事の車は七台。第十八景観に四台、第二十景観に二台、第二十二景観に一台。
c211-2	読み一致		ドレモミナミヲムイテトマッテエタ	ドレモミナミヲムイテトマッテエタ	どれも南を向いて止まっていた。	どれも南を向いて止まっていた。
c212-1	読み一致		ジコノトキニンハキュウケエチュウダッタ	ジコノトキニンハキュウケエチュウダッタ	事故のとき、7人は休憩中だった。	事故の時、七人は休憩中だった。
c212-2	判定できない	径間	ダイトダイニトメタクルマノナカニイタ	ダイケエカントダイケエカンニトメタクルマノナカニイタ	第18径間と第20径間に止めた車の中にいた。	第十八警官と第二十警官に停めた車の中にいた。
c213-1	読み一致		テンケンインハハシヲアルイテワタッテエタ	テンケンインハハシヲアルイテワタッテエタ	点検員は、橋を歩いて渡っていた。	点検員は橋を歩いて渡っていた。
c213-2	判定できない	径間	カワイテエクコンクリイトヲミニイキダイノジブンノクルママデモドッタトコロダッタ	カワイテエクコンクリイトヲミニイキダイケエカンノジブンノクルママデモドッタトコロダッタ	乾いていくコンクリートを見に行き、第22径間の自分の車まで戻ったところだった。	乾いていくコンクリートを見に行き、第二十二警官の自分の車まで戻ったところだった。
c214-1	読み一致		オナジコロミナトノオクノシイガアトマリンタアミナルデハ	オナジコロミナトノオクノシイガアトマリンタアミナルデハ	同じころ、港の奥のシーガート・マリン・ターミナルでは、	同じ頃、港の奥のシーガートマリンターミナルでは
c214-2	読み一致		セキノコンテナセンガシュッコオノシタクヲシテエタ	セキノコンテナセンガシュッコオノシタクヲシテエタ	1隻のコンテナ船が出港の支度をしていた。	一隻のコンテナ船が出港の支度をしていた。
c215-1	読み一致		ツミコミガオワッタノハゴゴジフン	ツミコミガオワッタノハゴゴジフン	積み込みが終わったのは午後11時06分。	積み込みが終わったのは午後11時06分
c215-2	読み一致		ツギノミナトハスリランカノコロンボニチノコオカイニナルハズダッタ	ツギノミナトハスリランカノコロンボニチノコオカイニナルハズダッタ	次の港はスリランカのコロンボ。27日の航海になるはずだった。	次の港はスリランカのコロンボ。二十七日の航海になるはずだった
c301-1	読み一致		フネノナハダリシンガポオルセンセキノコンテナセンデアル	フネノナハダリシンガポオルセンセキノコンテナセンデアル	船の名はダリ。シンガポール船籍のコンテナ船である。	船の名はダリ。シンガポール船籍のコンテナ船である。
c301-2	読み一致		テエアツノデンキガオチルトアカリモカジモキカンモドオジニトマルツクリダッタ	テエアツノデンキガオチルトアカリモカジモキカンモドオジニトマルツクリダッタ	低圧の電気が落ちると、明かりも舵も機関も同時に止まる造りだった。	低圧の電気が落ちると、明かりも家事も機関も同時に止まる作りだった。
c302-1	読み一致		ネンカンコクノゲンダイジュウコオギョオデツクラレタ	ネンカンコクノゲンダイジュウコオギョオデツクラレタ	2015年、韓国の現代重工業で造られた。	2015年、韓国の現代重工業で作られた
c302-2	読み一致		ゼンチョオハフィートオヨソメエトル	ゼンチョオハフィートオヨソメエトル	全長は984フィート。およそ300メートル。	全長は九百八十四フィート、およそ三百メートル
c302-3	読み一致		ハシガカカッタネンイチバンオオキナコンテナセンデモフィートダッタ	ハシガカカッタネンイチバンオオキナコンテナセンデモフィートダッタ	橋が架かった1977年、いちばん大きなコンテナ船でも700フィートだった。	橋がかかった1977年、一番大きなコンテナ船でも700フィートだった。
c303-1	読み一致		ツンデエタノハコノコンテナオモサニシテトン	ツンデエタノハコノコンテナオモサニシテトン	積んでいたのは4679個のコンテナ。重さにして5万5671トン。	積んでいたのは四千六百七十九個のコンテナ。重さにして五万五千六百七十一トン。
c303-2	読み一致		フィートノコンテナニナオストコブンニアタル	フィートノコンテナニナオストコブンニアタル	20フィートのコンテナに直すと、8544個ぶんにあたる。	二十フィートのコンテナに直すと八千五百四十四個分に当たる
c304-1	読み一致		ジョオインハニンソコニミナトノミズサキジンガニンノリコム	ジョオインハニンソコニミナトノミズサキジンガニンノリコム	乗員は21人。そこに、港の水先人が2人乗り込む。	乗員は二十一人。そこに港の水先人が二人乗り込む。
c305-1	読み一致		ミズサキジンハソノスイイキヲシッテエルアンナイヤクデアル	ミズサキジンハソノスイイキヲシッテエルアンナイヤクデアル	水先人は、その水域を知っている案内役である。	水先人はその水域を知っている案内役である。
c305-2	読み一致		フネノシキハセンチョオノモトニアリミズサキジンハシンロトソクリョクヲシジスル	フネノシキハセンチョオノモトニアリミズサキジンハシンロトソクリョクヲシジスル	船の指揮は船長のもとにあり、水先人は針路と速力を指示する。	船の指揮は船長のもとにあり、水先人は進路と速力を指示する。
c306-1	読み一致		ゴゼンジフンメリイランドミズサキジンクミアイノジョオキュウミズサキジント	ゴゼンジフンメリイランドミズサキジンクミアイノジョオキュウミズサキジント	午前0時05分、メリーランド水先人組合の上級水先人と、	午前零時五分。メリーランド水先人組合の上級水先人と
c306-2	読み一致		クンレンチュウノミズサキジンガノリコンダ	クンレンチュウノミズサキジンガノリコンダ	訓練中の水先人が乗り込んだ。	訓練中の水先人が乗り込んだ。
c307-1	読み一致		ジフンタグボオトセキニツキソワレテガンペキヲハナレル	ジフンタグボオトセキニツキソワレテガンペキヲハナレル	0時36分、タグボート2隻に付き添われて岸壁を離れる。	0時36分。タグボート2隻に付き添われて岸壁を離れる。
c307-2	読みが違う	—→テン	キッスイツマリスイニシズムフカサハメエトルオモサハトンダッタ	キッスイツマリスイニシズムフカサハテンメエトルオモサハトンダッタ	喫水、つまり水に沈む深さは12.15メートル。重さは11万2383トンだった。	喫水、つまり水に沈む深さは十二点一五メートル、重さは十一万二千三百八十三トンだった。
c308-1	読み一致		コノトキダイアルハツデンキノオチダイガマワッテエタゴオキトゴオキ	コノトキダイアルハツデンキノオチダイガマワッテエタゴオキトゴオキ	このとき、4台ある発電機のうち2台が回っていた。3号機と4号機。	この時、四台ある発電機のうち二台が回っていた。三号機と四号機
c308-2	読み一致		ボルトノコオアツノボセンデンキヲワケルミキノセンニツナガッテエル	ボルトノコオアツノボセンデンキヲワケルミキノセンニツナガッテエル	6600ボルトの高圧の母線、電気を分ける幹の線につながっている。	六千六百ボルトの高圧の母線、電気を分ける幹の線につながっている。
c309-1	読み一致		フネノデンキハダンニナッテエルコオアツノボセンカラ	フネノデンキハダンニナッテエルコオアツノボセンカラ	船の電気は二段になっている。高圧の母線から、	船の電気は二段になっている。高圧の母線から
c309-2	読み一致		ヘンアツキヲトオシテデンアツヲオトシテエアツノボセンヘオクル	ヘンアツキヲトオシテデンアツヲオトシテエアツノボセンヘオクル	変圧器を通して電圧を落とし、低圧の母線へ送る。	変圧器を通して電圧を落とし、低圧の母線へ送る。
c310-1	読み一致		テエアツノガワガニナッテエタノハショオメエネンリョオポンプ	テエアツノガワガニナッテエタノハショオメエネンリョオポンプ	低圧の側が担っていたのは、照明、燃料ポンプ、	低圧の側が担っていたのは照明、燃料ポンプ
c310-2	読み一致		シュキカンノレエキャクスイポンプソシテソオダポンプダイノオチダイデアル	シュキカンノレエキャクスイポンプソシテソオダポンプダイノオチダイデアル	主機関の冷却水ポンプ、そして操舵ポンプ3台のうち2台である。	主機関の冷却水ポンプ、そしてソーダポンプ三台のうち二台である。
c311-1	読み一致		ツマリテエアツガオチレバアカリトカジトキカンガドオジニトマル	ツマリテエアツガオチレバアカリトカジトキカンガドオジニトマル	つまり、低圧が落ちれば、明かりと舵と機関が同時に止まる。	つまり、低圧が落ちれば明かりと家事と機関が同時に止まる。
c311-2	読み一致		コオアツノガワガイキテエテモデアル	コオアツノガワガイキテエテモデアル	高圧の側が生きていても、である。	高圧の側が生きていてもである。
c312-1	読み一致		ネンリョオハタンクニガロンオヨソリットル	ネンリョオハタンクニガロンオヨソリットル	燃料はタンクに180万ガロン、およそ680万リットル。	燃料はタンクに百八十万ガロン、およそ六百八十万リットル
c312-2	読みが違う	ハクヨオケエユ→カシワバカツラアブラ	コノヨルモヤシテエタノハソノオチノハクヨオケエユデアル	コノヨルモヤシテエタノハソノオチノカシワバカツラアブラデアル	この夜、燃やしていたのは、そのうちの舶用軽油である。	この夜燃やしていたのはそのうちの柏葉桂油である。
c313-1	読み一致		コオアツノハイデンバンノナカニハセエギョヨオノホソイシンゴオセンガホンモハシッテエル	コオアツノハイデンバンノナカニハセエギョヨオノホソイシンゴオセンガホンモハシッテエル	高圧の配電盤の中には、制御用の細い信号線が何本も走っている。	高圧の配電盤の中には制御用の細い信号線が何本も走っている。
c313-2	読み一致		セントセンヲツナグチイサナブヒンヲタンシダイトイウ	セントセンヲツナグチイサナブヒンヲタンシダイトイウ	線と線をつなぐ小さな部品を、端子台という。	線と線をつなぐ小さな部品を端子台という
c313-3	読みが違う	タン→サグ	タンシダイハフネニコアッタ	サグシダイハフネニコアッタ	端子台は、船に数千個あった	探師台は船に数千個あった
c314-1	読み一致		ジフントジフンタグボオトヲジュンニハナス	イチジフントイチジフンタグボオトヲジュンニハナス	1時07分と1時08分、タグボートを順に離す。	一時七分と一時八分タグボートを順に離す。
c314-2	読み一致		フネハフォートマクヘンリイコオロヲナンセエヘクダッテエク	フネハフォートマクヘンリイコオロヲナンセエヘクダッテエク	船はフォート・マクヘンリー航路を、南西へ下っていく。	船はフォートマクヘンリー航路を南西へ下っていく。
c315-1	読み一致		ミナトデハフネガコオロノナカデアンテエシタラタグヲハナスノガフツウダッタ	ミナトデハフネガコオロノナカデアンテエシタラタグヲハナスノガフツウダッタ	港では、船が航路の中で安定したらタグを離すのがふつうだった。	港では船が航路の中で安定したらタグを離すのが普通だった。
c315-2	読みが違う	ソク→—／セン→ワガフネ	ハヤサガアガルトタグノソクガセンノオシロノナガレデアブナクナルカラデアル	ハヤサガアガルトタグノガワガフネノオシロノナガレデアブナクナルカラデアル	速さが上がると、タグの側が船の後ろの流れで危なくなるからである。	速さが上がるとタグのガワが船の後ろの流れで危なくなるからである。
c316-1	読みが違う	パ→バ	センシュニハカンパンチョオガニンノコッタ	センシュニハカンバンチョオガニンノコッタ	船首には甲板長が1人残った。	選手には看板長が一人残った
c316-2	読みが違う	ジン→シノブ	ハシヲヌケルマデセンシュニニンオケトイウミズサキジンノシジダッタ	ハシヲヌケルマデセンシュニニンオケトイウミズサキシノブノシジダッタ	橋を抜けるまで船首に1人置け、という水先人の指示だった。	橋を抜けるまで船首に一人置けという水崎忍の指示だった。
c317-1	読みが違う	ミズサキ→スイセン	ジフンジョオキュウミズサキジンガクンレンチュウノミズサキジンニコオイッテエル	イチジフンジョオキュウスイセンジンガクンレンチュウノミズサキジンニコオイッテエル	1時21分。上級水先人が、訓練中の水先人にこう言っている。	一時二十一分。上級推薦人が訓練中の水先人にこう言っている。
c317-2	読み一致		ソクリョクハノットイカニタモテ	ソクリョクハノットイカニタモテ	速力は10ノット以下に保て。	速力は十ノット以下に保て
c318-1	読み一致		コノトキフネハシンロドデコオロノチュウシンノスコシヒダリヲススンデエタ	コノトキフネハシンロドデコオロノチュウシンノスコシヒダリヲススンデエタ	このとき船は、針路140度で、航路の中心の少し左を進んでいた。	この時船は針路百四十度で航路の中心の少し左を進んでいた。
c318-2	読み一致		ソノフンゴアカリガキエル	ソノフンゴアカリガキエル	その4分後、明かりが消える。	その四分後、明かりが消える。
c401-1	読み一致		ジフンビョオテエアツノボセンガオチタ	イチジフンビョオテエアツノボセンガオチタ	1時25分00秒。低圧の母線が落ちた。	一時二十五分零零秒。低圧の母線が落ちた。
c401-2	読み一致		ホオコクショハココカラノノコリジカンヲカッコニイレテカイテエルマイナスフンビョオ	ホオコクショハココカラノノコリジカンヲカッコニイレテカイテエルマイナスフンビョオ	報告書は、ここからの残り時間を括弧に入れて書いている。マイナス4分9秒。	報告書はここからの残り時間を括弧に入れて書いている。マイナス四分九秒
c402-1	読み一致		アカリガキエタソオダポンプダイガゼンブトマッタ	アカリガキエタソオダポンプダイガゼンブトマッタ	明かりが消えた。操舵ポンプ3台が全部止まった。	明かりが消えた。ソーダポンプ三台が全部止まった。
c402-2	読み一致		ネンリョオポンプモレエキャクスイポンプモセンシュヲヨコニオススラスタアノホキモトマッタ	ネンリョオポンプモレエキャクスイポンプモセンシュヲヨコニオススラスタアノホキモトマッタ	燃料ポンプも、冷却水ポンプも、船首を横に押すスラスターの補機も止まった。	燃料ポンプも冷却水ポンプも船首を横に押すスラスターの帆機も止まった。
c403-1	読みが違う	—→テン	フネハノットデススンデエタシンロド	フネハテンノットデススンデエタシンロド	船は8.9ノットで進んでいた。針路142度。	船は八点九ノットで進んでいた。針路百四十二度。
c403-2	読みが違う	シ→ジ／—→テン	センシュカラハシマデハフィートフネノナガサノセキブンデアル	センシュカラハジマデハフィートフネノナガサノテンセキブンデアル	船首から橋までは3200フィート。船の長さの3.3隻ぶんである。	船首から端までは三千二百フィート、船の長さの三点三隻分である。
c404-1	読み一致		カジハテエデンシタシュンカンノチュウオオヲムイタママカタマッタ	カジハテエデンシタシュンカンノチュウオオヲムイタママカタマッタ	舵は、停電した瞬間の中央を向いたまま固まった。	火事は停電した瞬間の中央を向いたまま固まった。
c404-2	読み一致		ポンプニデンキガキテエナイノデウゴカシヨオガナイ	ポンプニデンキガキテエナイノデウゴカシヨオガナイ	ポンプに電気が来ていないので、動かしようがない。	ポンプに電気が来ていないので動かしようがない。
c404-3	読み一致		カジハウゴカセナカッタ	カジハウゴカセナカッタ	舵は、動かせなかった	舵は動かせなかった。
c405-1	読み一致		ビョオゴノジフンビョオコオカイデエタキロクソオチガ	ビョオゴノイチジフンビョオコオカイデエタキロクソオチガ	3秒後の1時25分03秒。航海データ記録装置が、	三秒後の一時二十五分零三秒。航海データ記録装置が
c405-2	読み一致		スウチノキロクヲトメタデンキガコナクナッタカラデアル	スウチノキロクヲトメタデンキガコナクナッタカラデアル	数値の記録を止めた。電気が来なくなったからである。	数値の記録を止めた。電気が来なくなったからである。
c406-1	読み一致		コオカイデエタキロクソオチハイチソクリョクシンロカジトキカンヘノシジヲ	コオカイデエタキロクソオチハイチソクリョクシンロカジトキカンヘノシジヲ	航海データ記録装置は、位置、速力、針路、舵と機関への指示を、	航海データ記録装置は位置、速力、針路、舵と機関への指示を
c406-2	読み一致		ジドオデカキツヅケルソオチデアル	ジドオデカキツヅケルソオチデアル	自動で書き続ける装置である。	自動で書き続ける装置である。
c407-1	読み一致		タダシコノソオチニハテエデンニソナエタデンゲンガナカッタ	タダシコノソオチニハテエデンニソナエタデンゲンガナカッタ	ただし、この装置には停電に備えた電源が無かった。	ただし、この装置には停電に備えた電源がなかった。
c407-2	読み一致		キソクデモモトメラレテエナイサイショノフンチカクスウチガヌケテエル	キソクデモモトメラレテエナイサイショノフンチカクスウチガヌケテエル	規則でも求められていない。最初の1分近く、数値が抜けている。	規則でも求められていない最初の1分近く数値が抜けている
c408-1	読み一致		ジフンビョオシュキカンガトマッタレエキャクスイポンプガオチタタメデアル	イチジフンビョオシュキカンガトマッタレエキャクスイポンプガオチタタメデアル	1時25分08秒。主機関が止まった。冷却水ポンプが落ちたためである。	一時二十五分八秒。主機関が止まった。冷却水ポンプが落ちたためである。
c408-2	読み一致		スイシンモオシナワレタ	スイシンモオシナワレタ	推進も失われた。	推進も失われた。
c409-1	読み一致		センチョオハセンシュノカンパンチョオニイカリノソバデタイキスルヨオメエジタ	センチョオハセンシュノカンパンチョオニイカリノソバデタイキスルヨオメエジタ	船長は、船首の甲板長に錨のそばで待機するよう命じた。	船長は船首の甲板長に錨のそばで待機するよう命じた。
c409-2	読み一致		ジョオキュウミズサキジンガシキヲヒキトリカジハキクカトタズネル	ジョオキュウミズサキジンガシキヲヒキトリカジハキクカトタズネル	上級水先人が指揮を引き取り、舵は効くかと尋ねる。	上級水先人が指揮を引き取り、「舵は利くか？」と尋ねる。
c410-1	読み一致		トオコオカイシトソオダシュハキイテエルトコタエタ	トオコオカイシトソオダシュハキイテエルトコタエタ	二等航海士と操舵手は、効いていると答えた。	二等航海士と操舵手は聞いていると答えた。
c410-2	読み一致		ジッサイニハダイノポンプノドレニモデンキハキテエナカッタ	ジッサイニハダイノポンプノドレニモデンキハキテエナカッタ	実際には、3台のポンプのどれにも電気は来ていなかった。	実際には三台のポンプのどれにも電気は来ていなかった。
c411-1	読み一致		ジフンビョオソオダシュガホオコクスル	イチジフンビョオソオダシュガホオコクスル	1時25分47秒。操舵手が報告する。	一時二十五分四十七秒、操舵手が報告する。
c411-2	読み一致		シンロガミギヘフレテエマスカジハヒダリイッパイニアテテエマス	シンロガミギヘフレテエマスカジハヒダリイッパイニアテテエマス	針路が右へ振れています。舵は左いっぱいに当てています。	進路が右へ振れています。舵は左いっぱいに当てています。
c412-1	読み一致		ジフンビョオテエデンカラビョオキカンシツニイタデンキギシガキヅク	イチジフンビョオテエデンカラビョオキカンシツニイタデンキギシガキヅク	1時25分58秒。停電から58秒。機関室にいた電気技師が気づく。	一時二十五分五十八秒。停電から五十八秒。機関室にいた電気技師が気づく。
c412-2	読み一致		コオアツハイキテエルオチテエルノハテエアツダケダ	コオアツハイキテエルオチテエルノハテエアツダケダ	高圧は生きている。落ちているのは低圧だけだ。	高圧は生きている。落ちているのは低圧だけだ。
c413-1	読みが違う	テ→シュ	デンキギシハヘンアツキニツナガルシャダンキデンキノモトセンヲツテデトジタ	デンキギシハヘンアツキニツナガルシャダンキデンキノモトセンヲフタツシュデトジタ	電気技師は、変圧器につながる遮断器、電気の元栓を2つ、手で閉じた。	電気技師は変圧器につながる遮断機、電気の元栓を二つ手で閉じた。
c413-2	読み一致		アカリガモドリソオダポンプダイガマワリハジメル	アカリガモドリソオダポンプダイガマワリハジメル	明かりが戻り、操舵ポンプ2台が回りはじめる。	明かりが戻り、ソーダポンプ 2台が回り始める。
c414-1	読みが違う	ミズサキ→スイセン	ホボオナジジフンビョオジョオキュウミズサキジンガデンワヲカケタ	ホボオナジジフンビョオジョオキュウスイセンジンガデンワヲカケタ	ほぼ同じ1時25分59秒。上級水先人が電話をかけた。	ほぼ同じ 1時25分59秒、上級推薦人が電話をかけた。
c414-2	読み一致		アイテハリクニイルミズサキジンクミアイノハイシャガカリデアル	アイテハリクニイルミズサキジンクミアイノハイシャガカリデアル	相手は、陸にいる水先人組合の配車係である。	相手は陸にいる水先人組合の配車係である。
c414-3	読み一致		ハシヲツウコオドメニシテクレ	ハシヲツウコオドメニシテクレ	橋を、通行止めにしてくれ	橋を通行止めにしてくれ。
c415-1	読み一致		デンワハビョオデオワッテエルコノトキハシマデフィート	デンワハビョオデオワッテエルコノトキハシマデフィート	電話は7秒で終わっている。このとき橋まで2430フィート。	電話は七秒で終わっている。この時、橋まで二四三〇フィート
c415-2	読みが違う	—→テン	ソクリョクノットデチカヅイテエタ	ソクリョクテンノットデチカヅイテエタ	速力8.5ノットで近づいていた。	速力八点五ノットで近づいていた。
c416-1	読み一致		デンキトカジハモドッタシカシスイシンハモドラナイ	デンキトカジハモドッタシカシスイシンハモドラナイ	電気と舵は戻った。しかし推進は戻らない。	電気と家事は戻った。しかし、水深は戻らない。
c416-2	読み一致		シュキカンハヒトガテデカケナオサナイトオゴカナイツクリデアル	シュキカンハヒトガテデカケナオサナイトオゴカナイツクリデアル	主機関は、人が手で掛け直さないと動かない造りである。	手記感は人が手でかけ直さないと動かない作りである。
c417-1	読み一致		ジフンビョオテエデンカラビョオヒジョオヨオノハツデンキガツナガッタ	イチジフンビョオテエデンカラビョオヒジョオヨオノハツデンキガツナガッタ	1時26分10秒。停電から70秒。非常用の発電機がつながった。	一時二十六分十秒。停電から七十秒。非常用の発電機がつながった。
c417-2	読み一致		ダイメノソオダポンプニモデンキガクル	ダイメノソオダポンプニモデンキガクル	3台目の操舵ポンプにも電気が来る。	三代目のソーダポンプにも電気が来る
c418-1	読み一致		ジフンビョオダイノポンプガソロッテマワッタ	イチジフンビョオダイノポンプガソロッテマワッタ	1時26分18秒。3台のポンプがそろって回った。	一時二十六分十八秒。三台のポンプが揃って回った。
c418-2	読みが違う	—→テン	ソレデモセンシュガミギヘフレルハヤサハマイブンドマデアガッタ	ソレデモセンシュガミギヘフレルハヤサハマイブンテンドマデアガッタ	それでも船首が右へ振れる速さは、毎分7.5度まで上がった。	それでも船首が右へ振れる速さは毎分七点五度まで上がった。
c419-1	読み一致		ジフンビョオジョオキュウミズサキジンガムセンデタグボオトヲヨブ	イチジフンビョオジョオキュウミズサキジンガムセンデタグボオトヲヨブ	1時26分38秒、上級水先人が無線でタグボートを呼ぶ。	一時二十六分三十八秒、上級水先人が無線でタグボートを呼ぶ。
c419-2	読み一致		ソノビョオゴハイシャガカリガシュウコオツウキョクノトオチョクニデンワヲイレタ	ソノビョオゴハイシャガカリガシュウコオツウキョクノトオチョクニデンワヲイレタ	その6秒後、配車係が州交通局の当直に電話を入れた。	その六秒後、配車係が州交通局の当直に電話を入れた。
c420-1	読み一致		クミアイノテジュンデハキンキュウノトキハマズエンガンケエビタイヘカケルコトニナッテエタ	クミアイノテジュンデハキンキュウノトキハマズエンガンケエビタイヘカケルコトニナッテエタ	組合の手順では、緊急のときはまず沿岸警備隊へ掛けることになっていた。	組合の手順では、緊急の時はまず沿岸警備隊へかけることになっていた。
c420-2	読み一致		ハイシャガカリハイチランニシュウコオツウキョクノバンゴオヲミツケムカシノクンレンドオリサキニソコヘカケタ	ハイシャガカリハイチランニシュウコオツウキョクノバンゴオヲミツケムカシノクンレンドオリサキニソコヘカケタ	配車係は一覧に州交通局の番号を見つけ、昔の訓練どおり、先にそこへ掛けた。	配車係は一覧に州交通局の番号を見つけ、昔の訓練通り先にそこへかけた。
c421-1	読みが違う	シ→ジ	ジフンビョオハシマデフィート	イチジフンビョオハジマデフィート	1時27分02秒。橋まで1500フィート。	一時二十七分二秒。端まで千五百フィート。
c421-2	読みが違う	ミズサキ→スイセン／—→オ	ジョオキュウミズサキジンガサゲンノイカリヲナゲヨトメエジル	ジョオキュウスイセンジンガサゲンノイカリヲナゲヨオトメエジル	上級水先人が、左舷の錨を投げよと命じる。	上級推薦人が「左舷の錨を投げよう」と命じる
c422-1	読み一致		ソノビョオゴフネノデンキヲミハルデンリョクカンリソオチガシュウハスウノテエカヲケンチシタ	ソノビョオゴフネノデンキヲミハルデンリョクカンリソオチガシュウハスウノテエカヲケンチシタ	その2秒後、船の電気を見張る電力管理装置が、周波数の低下を検知した。	その二秒後、船の電気を見張る電力管理装置が周波数の低下を検知した。
c422-2	読み一致		ゴオキトゴオキガボセンカラキリハナサレコオアツモテエアツモオチルドメノテエデンデアル	ゴオキトゴオキガボセンカラキリハナサレコオアツモテエアツモオチルドメノテエデンデアル	3号機と4号機が母線から切り離され、高圧も低圧も落ちる。二度目の停電である。	三号機と四号機が母線から切り離され、高圧も低圧も落ちる。二度目の停電である。
c423-1	読み一致		ジフンビョオデンキギシガモオクミノシャダンキヲテデトジタ	ジフンビョオデンキギシガモオクミノシャダンキヲテデトジタ	1時27分36秒。電気技師が、もう一組の遮断器を手で閉じた。	1時27分36秒、電気技師がもう一組の遮断機を手で閉じた。
c423-2	読みが違う	ュ→—	テエアツガモドルソレデモシュキカンハトマッタママデアル	テエアツガモドルソレデモシキカンハトマッタママデアル	低圧が戻る。それでも主機関は止まったままである。	低圧が戻る。それでも指揮官は止まったままである。
c424-1	読み一致		ジフンビョオハシマデフィートフネノナガサセキブンヲキッタ	イチジフンビョオハシマデフィートフネノナガサセキブンヲキッタ	1時27分46秒。橋まで939フィート。船の長さ1隻ぶんを切った。	一時二十七分四十六秒。橋まで九百三十九フィート。船の長さ一隻分を切った。
c424-2	読みが違う	—→テン	ソクリョクノット	ソクリョクテンノット	速力7.5ノット。	速力七点五ノット
c425-1	読み一致		ジョオキュウミズサキジンガセンシュスラスタアヲヒダリイッパイトメエジル	ジョオキュウミズサキジンガセンシュスラスタアヲヒダリイッパイトメエジル	上級水先人が、船首スラスターを左いっぱいと命じる。	上級水先人が船首スラスターを左いっぱいと命じる。
c425-2	読み一致		トオコオカイシガツマミヲマワシタホキガサイショノテエデンデトマッテオリウゴカナカッタ	トオコオカイシガツマミヲマワシタホキガサイショノテエデンデトマッテオリウゴカナカッタ	二等航海士がつまみを回した。補機が最初の停電で止まっており、動かなかった。	二等航海士がつまみを回した。帆機が最初の停電で止まっており、動かなかった。
c426-1	読み一致		ジフンビョオセンシュカラカンパンチョオノホオコクガカエル	ジフンビョオセンシュカラカンパンチョオノホオコクガカエル	1時27分55秒。船首から甲板長の報告が返る。	1時27分55秒。船首から甲板長の報告が返る。
c426-2	読み一致		イカリノブレエキガヒラカナカッタ	イカリノブレエキガヒラカナカッタ	錨のブレーキが、開かなかった	怒りのブレーキが開かなかった。
c427-1	読み一致		ジフンビョオセンシュガコオロノソトヘデテドロニノリアゲハジメル	イチジフンビョオセンシュガコオロノソトヘデテドロニノリアゲハジメル	1時28分10秒、船首が航路の外へ出て、泥に乗り上げはじめる。	一時二十八分十秒。選手が航路の外へ出て泥に乗り上げ始める。
c427-2	読み一致		ジフンビョオカンパンチョオガテデブレエキヲハズシイカリガオチタ	ジフンビョオカンパンチョオガテデブレエキヲハズシイカリガオチタ	1時28分42秒、甲板長が手でブレーキを外し、錨が落ちた。	1時28分42秒。甲板長が手でブレーキを外し、錨が落ちた。
c427-3	読み一致		ジフンビョオセンシュノオゲンガバンキョオキャクニアタッタ	イチジフンビョオセンシュノオゲンガバンキョオキャクニアタッタ	1時29分09秒。船首の右舷が、17番橋脚に当たった。	一時二十九分零九秒。船首の右舷が十七番橋脚に当たった。
c501-1	読み一致		トケエヲフンビョオダケモドス	トケエヲフンビョオダケモドス	時計を、1分16秒だけ戻す。	時計を1分16秒だけ戻す。
c501-2	読み一致		ジフンビョオシュウコオツウキョクノトオチョクガハシノリョオタンノケエカンニシジヲダシタ	イチジフンビョオシュウコオツウキョクノトオチョクガハシノリョオタンノケエカンニシジヲダシタ	1時27分53秒。州交通局の当直が、橋の両端の警官に指示を出した。	一時二十七分五十三秒、州交通局の当直が橋の両端の警官に指示を出した。
c502-1	読み一致		ナイヨオハハシヲクルマノツウコオドメニセヨ	ナイヨオハハシヲクルマノツウコオドメニセヨ	内容は、橋を車の通行止めにせよ。	内容は橋を車の通行止めにせよ。
c502-2	読み一致		ケエカンニンハコオジノタメニモトカラソコニイタ	ケエカンニンハコオジノタメニモトカラソコニイタ	警官2人は、工事のために元からそこにいた。	警官二人は工事のために元からそこにいた。
c503-1	読み一致		ジフンビョオホクタンノケエカンガクルマヲヨコムキニウゴカシミナミイキノシャセンヲフサイダ	イチジフンビョオホクタンノケエカンガクルマヲヨコムキニウゴカシミナミイキノシャセンヲフサイダ	1時28分21秒。北端の警官が車を横向きに動かし、南行きの2車線を塞いだ。	一時二十八分二十一秒。北端の警官が車を横向きに動かし、南行きの二車線を塞いだ。
c503-2	読み一致		ナンタンノケエカンモキタイキヲフサイダ	ナンタンノケエカンモキタイキヲフサイダ	南端の警官も、北行きを塞いだ。	南端の警官も北行きを塞いだ。
c504-1	読み一致		フネガアタルマデアトビョオ	フネガアタルマデアトビョオ	船が当たるまで、あと48秒。	船が当たるまであと48秒。
c504-2	読みが違う	アト→ノチ	コノアトハシニハイッタイッパンノクルマハダイモナイ	コノノチハシニハイッタイッパンノクルマハダイモナイ	このあと、橋に入った一般の車は1台も無い。	この後、橋に入った一般の車は一台もない。
c505-1	読み一致		ホオコクショハコノオゴキヲタカクヒョオカシテエル	ホオコクショハコノオゴキヲタカクヒョオカシテエル	報告書は、この動きを高く評価している。	報告書はこの動きを高く評価している。
c505-2	読みが違う	ト→—	ミズサキジントハイシャガカリトシュウコオツウキョクノスバヤサガヨリオオキナジンメエノソンシツヲフセエダト	ミズサキジントハイシャガカリトシュウコオツウキョクノスバヤサガヨリオオキナジンメエノソンシツヲフセエダ	水先人と配車係と州交通局の素早さが、より大きな人命の損失を防いだ、と。	水先人と配車係と州交通局の素早さがより大きな人命の損失を防いだ
c506-1	読み一致		ホボオナジコロトオチョクハホクタンノケエカンニハシノオエノホシュウハンノコトヲタズネテエル	ホボオナジコロトオチョクハホクタンノケエカンニハシノオエノホシュウハンノコトヲタズネテエル	ほぼ同じころ、当直は北端の警官に、橋の上の補修班のことを尋ねている。	ほぼ同じ頃、当直は北端の警官に橋の上の補修班のことを尋ねている。
c506-2	読み一致		ケエカンハコオコタエタ	ケエカンハコオコタエタ	警官は、こう答えた。	警官はこう答えた。
c507-1	読み一致		モオニンキテジブントコオタイシタラハシニノリイレテシラセニイク	モオニンキテジブントコオタイシタラハシニノリイレテシラセニイク	もう1人来て自分と交代したら、橋に乗り入れて知らせに行く。	もう一人来て自分と交代したら橋に乗り入れて知らせに行く
c507-2	読み一致		オオエンガキテカラシラセニイクツモリダッタ	オオエンガキテカラシラセニイクツモリダッタ	応援が来てから、知らせに行くつもりだった	応援が来てから知らせに行くつもりだった。
c508-1	読み一致		ソノマエニフネガアタッタ	ソノマエニフネガアタッタ	その前に、船が当たった。	その前に船が当たった。
c508-2	読み一致		ケエカンガシラセニイケルヨリモフネノホオガハヤカッタ	ケエカンガシラセニイケルヨリモフネノホオガハヤカッタ	警官が知らせに行けるよりも、船のほうが早かった。	警官が知らせに行けるよりも船の方が早かった。
c509-1	読み一致		ココデバンゴオノハナシニモドル	ココデバンゴオノハナシニモドル	ここで、番号の話に戻る。	ここで番号の話に戻る。
c509-2	読み一致		テンケンインハリョオタンノケエカントバンゴオヲコオカンシテエタサギョオチョオノバンゴオモモッテエタ	テンケンインハリョオタンノケエカントバンゴオヲコオカンシテエタサギョオチョオノバンゴオモモッテエタ	点検員は、両端の警官と番号を交換していた。作業長の番号も持っていた。	点検員は両端の警官と番号を交換していた。作業長の番号も持っていた。
c510-1	読み一致		ハシヲシメロトイウシジガハイッタトキソノバンゴオハツカワレナカッタ	ハシヲシメロトイウシジガハイッタトキソノバンゴオハツカワレナカッタ	橋を閉めろという指示が入ったとき、その番号は使われなかった。	橋を閉めろという指示が入った時、その番号は使われなかった。
c510-2	読み一致		ケエカンハテンケンインニデンワヲカケナカッタ	ケエカンハテンケンインニデンワヲカケナカッタ	警官は、点検員に電話をかけなかった	警官は点検員に電話をかけなかった。
c511-1	読み一致		キメラレタテジュンガナカッタトホオコクショハカク	キメラレタテジュンガナカッタトホオコクショハカク	決められた手順が無かった、と報告書は書く。	決められた手順がなかったと報告書は書く。
c511-2	読みが違う	アイダ→マ	ケエカントハシノオエノサギョオインヤテンケンインノアイダニソクジノレンラクノトリキメハナカッタ	ケエカントハシノオエノサギョオインヤテンケンインノマニソクジノレンラクノトリキメハナカッタ	警官と、橋の上の作業員や点検員のあいだに、即時の連絡の取り決めは無かった。	警官と橋の上の作業員や点検員の間に即時の連絡の取り決めはなかった。
c512-1	判定できない	径間	ソノトキニンハダイトダイノクルマノナカデヤスンデエタ	ソノトキニンハダイケエカントダイケエカンノクルマノナカデヤスンデエタ	そのとき、7人は第18径間と第20径間の車の中で休んでいた。	その時七人は第十八警官と第二十警官の車の中で休んでいた。
c512-2	判定できない	径間	テンケンインハダイヲアルイテエタ	テンケンインハダイケエカンヲアルイテエタ	点検員は第22径間を歩いていた。	点検員は第二十二計館を歩いていた。
c513-1	判定できない	径間	クズレナカッタノオチイチバンチカイノハダイダッタ	クズレナカッタケエマノオチイチバンチカイノハダイケエカンダッタ	崩れなかった径間のうち、いちばん近いのは第16径間だった。	崩れなかった桂馬のうち、一番近いのは第十六景観だった。
c513-2	読み一致		ホンニンタチハシラナカッタトホオコクショハカイテエル	ホンニンタチハシラナカッタトホオコクショハカイテエル	本人たちは知らなかった、と報告書は書いている。	本人たちは知らなかったと報告書は書いている。
c514-1	判定できない	径間／警管	ダイノイチバンキタノクルマカラオヨソメエトル	ダイノイチバンキタノクルマカラオヨソメエトル	第20径間のいちばん北の車から、およそ892メートル。	第二十警管の一番北の車からおよそ八百九十二メートル。
c514-2	判定できない	径間	ダイノダイカラハオヨソメエトルデアル	タイケエカンノダイカラハオヨソメエトルデアル	第18径間の4台からは、およそ516メートルである。	対十八景観の四台からはおよそ五百十六メートルである。
c515-1	読み一致		シラサレテクルマデニゲタナラムカウサキハミナミダッタダロオトホオコクショハカク	シラサレテクルマデニゲタナラムカウサキハミナミダッタダロオトホオコクショハカク	知らされて車で逃げたなら、向かう先は南だっただろう、と報告書は書く。	知らされて車で逃げたなら、向かう先は南だっただろうと報告書は書く。
c516-1	読み一致		クルマハゼンブガミナミヲムイテエタハツデンキヲヒイテエルモノモアル	クルマハゼンブガミナミヲムイテエタハツデンキヲヒイテエルモノモアル	車は全部が南を向いていた。発電機を引いているものもある。	車は全部が南を向いていた。発電機を引いているものもある。
c516-2	読み一致		ムキヲカエラレナイホドオオキイモノモアルチュウオオニハブンリタイガアル	ムキヲカエラレナイホドオオキイモノモアルチュウオオニハブンリタイガアル	向きを変えられないほど大きいものもある。中央には分離帯がある。	向きを変えられないほど大きいものもある。中央には分離帯がある。
c517-1	読み一致		テンケンインハオトヲキイタホオコクショノコトバデハクズレルヨオナカミナリノオト	テンケンインハオトヲキイタホオコクショノコトバデハクズレルヨオナカミナリノオト	点検員は、音を聞いた。報告書の言葉では、崩れるような雷の音。	点検員は音を聞いた。報告書の言葉では崩れるような雷の音。
c517-2	判定できない	径間	キタヘハシッタダイマデヌケタトコロデアルイテエタガオチタ	キタヘハシッタダイケエカンマデヌケタトコロデアルイテエタケエカンガオチタ	北へ走った。第23径間まで抜けたところで、歩いていた径間が落ちた。	北へ走った。第二十三、警官まで抜けたところで歩いていた警官が落ちた。
c518-1	読み一致		テンケンインハシュウノオンヨオセンタアニホオラクヲツタエブジニハシノキタノハジヘツイタ	テンケンインハシュウノオンヨオセンタアニホオラクヲツタエブジニハシノキタノハジヘツイタ	点検員は州の運用センターに崩落を伝え、無事に橋の北の端へ着いた。	点検員は州の運用センターに崩落を伝え、無事に橋の北の端へ着いた。
c518-2	読み一致		ソコデケエカンニントオチアッテエル	ソコデケエカンニントオチアッテエル	そこで警官2人と落ち合っている。	そこで警官二人と落ち合っている。
c519-1	判定できない	径間	ニンハトトモニカワヘオチタ	ニンハケエカントトモニカワヘオチタ	7人は、径間とともに川へ落ちた。	七人は警官と共に川へ落ちた。
c519-2	読み一致		ニンガクルマノヒライタマドカラヌケダシチカクノザンガイマデオヨイダ	ニンガクルマノヒライタマドカラヌケダシチカクノザンガイマデオヨイダ	1人が車の開いた窓から抜け出し、近くの残骸まで泳いだ。	一人が車の開いた窓から抜け出し、近くの残骸まで泳いだ。
c520-1	読みが違う	エ→ン	ジフンシュウコオツウキョクケエサツノテエガバンキョオキャクノチカクデソノニンヲミツケタ	イチジフンシュウコオツウキョクケエサツノテンガバンキョオキャクノチカクデソノニンヲミツケタ	1時55分。州交通局警察の艇が、20番橋脚の近くでその1人を見つけた。	一時五十五分、州交通局警察の点が二十番橋脚の近くでその一人を見つけた。
c520-2	読み一致		ジュウショオヲオッテエタガイキテエタ	ジュウショオヲオッテエタガイキテエタ	重傷を負っていたが、生きていた。	重傷を負っていたが、生きていた。
c521-1	読み一致		ホオコクショノケツロンハコオデアル	ホオコクショノケツロンハコオデアル	報告書の結論は、こうである。	報告書の結論はこうである。
c521-2	読み一致		ケエカントオナジコロニテンケンイントサギョオインニモツタワッテエタラ	ケエカントオナジコロニテンケンイントサギョオインニモツタワッテエタラ	警官と同じころに、点検員と作業員にも伝わっていたら。	警官と同じ頃に点検員と作業員にも伝わっていたら
c521-3	判定できない	径間	クズレナイマデエケタカモシレナイ	クズレナイケエカマデエケタカモシレナイ	崩れない径間まで、行けたかもしれない	崩れない経過まで行けたかもしれない。
c522-1	読み一致		コジンドオシデケエタイノバンゴオヲコオカンシテエタダケデハユウコオデハナカッタ	コジンドオシデケエタイノバンゴオヲコオカンシテエタダケデハユウコオデハナカッタ	個人どうしで携帯の番号を交換していただけでは、有効ではなかった。	個人同士で携帯の番号を交換していただけでは有効ではなかった。
c522-2	読み一致		ケエタイガタノソオホオコオムセンキナラモットハヤクトドイタカモシレナイトモカカレテエル	ケエタイガタノソオホオコオムセンキナラモットハヤクトドイタカモシレナイトモカカレテエル	携帯型の双方向無線機なら、もっと早く届いたかもしれない、とも書かれている。	携帯型の双方向無線機ならもっと早く届いたかもしれないとも書かれている。
c601-1	読み一致		センシュノオゲンガアタッタノハバンキョオキャクノホクセエノハシラダッタ	センシュノオゲンガアタッタノハバンキョオキャクノホクセエノハシラダッタ	船首の右舷が当たったのは、17番橋脚の北西の柱だった。	船主の右舷が当たったのは十七番橋脚の北西の柱だった。
c601-2	読み一致		アタッタタカサハスイメンカラフィートホドオエデアル	アタッタタカサハスイメンカラフィートホドオエデアル	当たった高さは、水面から20フィートほど上である。	当たった高さは水面から二十フィートほど上である。
c602-1	読み一致		アタッタトキノチカラヲハシノセッケエシシンノシキデダシテミルト	アタッタトキノチカラヲハシノセッケエシシンノシキデダシテミルト	当たったときの力を、橋の設計指針の式で出してみると、	当たった時の力を橋の設計指針の式で出してみると
c602-2	判定できない	耐力	キョオキャクノノバイヲコエタ	キョオキャクノタイリョクノバイヲコエタ	橋脚の耐力の、4倍を超えた	橋脚の体力の四倍を超えた
c603-1	判定できない	耐力	ノネハキップキップハポンドダカラ	タイリョクノネハキップキップハポンドダカラ	耐力の値は5509キップ。1キップは1000ポンドだから、	体力の値は五千五百九キップ。一キップは千ポンドだから
c603-2	読み一致		ヨコムキニオヨソトンブンノチカラマデトイウケエサンニナル	ヨコムキニオヨソトンブンノチカラマデトイウケエサンニナル	横向きにおよそ2500トンぶんの力まで、という計算になる。	横向きにおよそ二千五百トン分の力までという計算になる。
c604-1	読み一致		バンキョオキャクハホンノハシラヲヤナデツナイダカタチノキョオキャクデアル	バンキョオキャクハホンノハシラヲヤナデツナイダカタチノキョオキャクデアル	17番橋脚は、4本の柱を梁でつないだ形の橋脚である。	十七番。橋脚は四本の柱を梁でつないだ形の橋脚である。
c604-2	判定できない	耐力	ホオコクショハソノオチホンガヲコエテコワレタトカイテエル	ホオコクショハソノオチホンガタイリョクヲコエテコワレタトカイテエル	報告書は、そのうち2本が耐力を超えて壊れた、と書いている。	報告書はそのうち2本が体力を超えて壊れたと書いている。
c605-1	読み一致		ジフンビョオ	イチジフンビョオ	1時29分22秒。	一時二十九分二十二秒。
c605-2	読み一致		セッショクカラビョオデキョオキャクガクズレタ	セッショクカラビョオデキョオキャクガクズレタ	接触から13秒で、橋脚が崩れた	接触から13秒で橋脚が崩れた。
c606-1	判定できない	径間	ツヅイテチュウオオノガオチタ	ツヅイテチュウオオノサンケエカンガオチタ	続いて、中央の3径間が落ちた。	続いて中央の三景館が落ちた。
c606-2	判定できない	径間	キタガワデモキョオキャクキトツガツヅケテオチテエル	キタガワデモキョオキャクキトケエカンミッツガツヅケテオチテエル	北側でも、橋脚3基と径間3つが続けて落ちている。	北側でも橋脚三基と警官三つが続けて落ちている。
c607-1	読み一致		オチタハシゲタハカワヘソシテフネノセンシュノオエヘオチタ	オチタハシゲタハカワヘソシテフネノセンシュノオエヘオチタ	落ちた橋桁は、川へ、そして船の船首の上へ落ちた。	落ちた橋桁は川へ、そして船の船首の上へ落ちた。
c607-2	読み一致		センシュニイタカンパンインニンガニゲルトチュウデカルイケガヲオッテエル	センシュニイタカンパンインニンガニゲルトチュウデカルイケガヲオッテエル	船首にいた甲板員1人が、逃げる途中で軽いけがを負っている。	船首にいた甲板員一人が逃げる途中で軽い怪我を負っている。
c608-1	読み一致		ココデマズウタガワレルトコロガアル	ココデマズウタガワレルトコロガアル	ここで、まず疑われるところがある。	ここでまず疑われるところがある。
c608-2	読み一致		ハシノホネグミガホンコワレレバオチルツクリダッタカラデハナイカ	ハシノホネグミガホンコワレレバオチルツクリダッタカラデハナイカ	橋の骨組みが、1本壊れれば落ちる造りだったからではないか。	橋の骨組みが一本壊れれば落ちる作りだったからではないか。
c609-1	読み一致		ダイショオデオイタヒジョオチョオコオヒッパブザイデアル	ダイショオデオイタヒジョオチョオコオヒッパブザイデアル	第1章で置いた、非冗長鋼引張部材である。	第一章で置いた非常調鋼引張部材である。
c609-2	判定できない	径間	キイキョオノカワノオエノハタシカニソノブザイデクマレテエタ	キイキョオノカワノオエノサンケエカンハタシカニソノブザイデクマレテエタ	キー橋の川の上の3径間は、たしかにその部材で組まれていた。	キー橋の川の上の三景館は確かにその部材で組まれていた。
c610-1	読み一致		ダカラカゲツゴトニテノトドクキョリデノケンサガギムヅケラレテエタ	ダカラカゲツゴトニテノトドクキョリデノケンサガギムヅケラレテエタ	だから24か月ごとに、手の届く距離での検査が義務づけられていた。	だから二十四ヶ月ごとに手の届く距離での検査が義務付けられていた。
c610-2	読み一致		サイゴノケンサハネンツキデフグアイハミツカッテエナイ	サイゴノケンサハネンツキデフグアイハミツカッテエナイ	最後の検査は2023年5月で、不具合は見つかっていない。	最後の検査は2023年5月で不具合は見つかっていない。
c611-1	読み一致		ホオコクショハコノジコノヨオインデハナカッタモノヲツアゲテエル	ホオコクショハコノジコノヨオインデハナカッタモノヲムッツアゲテエル	報告書は、この事故の要因ではなかったものを6つ挙げている。	報告書はこの事故の要因ではなかったものを六つ挙げている。
c611-2	読み一致		テンコオジョオインノシカクインシュヤヤクブツネンリョオノシツゼンジツノテエハクチュウノテエデンソシテ	テンコオジョオインノシカクインシュヤヤクブツネンリョオノシツゼンジツノテエハクチュウノテエデンソシテ	天候。乗員の資格。飲酒や薬物。燃料の質。前日の停泊中の停電。そして。	天候、乗員の資格、飲酒や薬物、燃料の質、前日の停泊中の停電、そして
c612-1	読み一致		ツメガソノブザイダッタ	ムッツメガソノブザイダッタ	6つ目が、その部材だった。	六つ目がその部材だった。
c612-2	読み一致		ソノブザイハヨオインデハナカッタ	ソノブザイハヨオインデハナカッタ	その部材は、要因ではなかった	その部材は要因ではなかった。
c613-1	読み一致		リユウハタンジュンデアルサキニコワレタノハホネグミデハナクソレヲササエテエタキョオキャクダッタ	リユウハタンジュンデアルサキニコワレタノハホネグミデハナクソレヲササエテエタキョオキャクダッタ	理由は単純である。先に壊れたのは骨組みではなく、それを支えていた橋脚だった。	理由は単純である。先に壊れたのは骨組みではなく、それを支えていた橋脚だった。
c613-2	読み一致		チカラノミチスジカラシテンソノモノガヌケタ	チカラノミチスジカラシテンソノモノガヌケタ	力の道筋から、支点そのものが抜けた。	力の道筋から視点そのものが抜けた。
c614-1	読み一致		ホオコクショハコオカイテエルキョオキャクノホオニハソノブザイハツカワレテエナイ	ホオコクショハコオカイテエルキョオキャクノホオニハソノブザイハツカワレテエナイ	報告書はこう書いている。橋脚のほうには、その部材は使われていない。	報告書はこう書いている。「橋脚の方にはその部材は使われていない。」
c614-2	読み一致		バンキョオキャクガクズレタトキチカラノミチスジノジュウヨオナブブンガトリノゾカレタ	バンキョオキャクガクズレタトキチカラノミチスジノジュウヨオナブブンガトリノゾカレタ	17番橋脚が崩れたとき、力の道筋の重要な部分が取り除かれた。	十七番。橋脚が崩れた時、力の道筋の重要な部分が取り除かれた。
c615-1	読み一致		ツマリホネグミノガワハゲンインデハナカッタ	ツマリホネグミノガワハゲンインデハナカッタ	つまり、骨組みの側は原因ではなかった。	つまり骨組みの側は原因ではなかった。
c615-2	読みが違う	キヨヨオ→トモトモ	キヨヨオインニアガッタノモフネガキョオキャクニトドイタトキノソナエノガワダッタ	トモトモインニアガッタノモフネガキョオキャクニトドイタトキノソナエノガワダッタ	寄与要因に挙がったのも、船が橋脚に届いたときの備えの側だった。	友友院に上がったのも、船が橋脚に届いた時の備えの側だった。
c616-1	読み一致		ホオコクショノコトバデハハシノカナリノブブンガカワニクズレオチタ	ホオコクショノコトバデハハシノカナリノブブンガカワニクズレオチタ	報告書の言葉では、橋のかなりの部分が川に崩れ落ちた。	報告書の言葉では、橋のかなりの部分が川に崩れ落ちた
c616-2	読み一致		キョオキャクモユカバンモトラスモセンシュトマエノフナグラノオエニオチタ	キョオキャクモユカバンモトラスモセンシュトマエノフナグラノオエニオチタ	橋脚も、床版も、トラスも、船首と前の船倉の上に落ちた。	橋脚も床版もトラスも船首と前の船倉の上に落ちた。
c617-1	読み一致		フネノヒガイハウゲンノセンシュニシュウチュウシテエタ	フネノヒガイハウゲンノセンシュニシュウチュウシテエタ	船の被害は、右舷の船首に集中していた。	船の被害は右舷の船首に集中していた。
c617-2	読み一致		ソンガイガクハドルヲコエテエルツミニノソンガイハカクテエシテエナイ	ソンガイガクハドルヲコエテエルツミニノソンガイハカクテエシテエナイ	損害額は1800万ドルを超えている。積荷の損害は確定していない。	損害額は千八百万ドルを超えている。積み荷の損害は確定していない。
c618-1	読みが違う	ウ→—／ン→—	ヒトノヒガイハナクナッタホシュウハンニンジュウショオニン	ヒトノヒガイハナクナッタホシュハニンジュウショオニン	人の被害は、亡くなった補修班6人、重傷1人。	人の被害は亡くなった保守派6人、重傷1人。
c618-2	読み一致		フネノジョオインガケエショオニンテンケンインニケガハナカッタ	フネノジョオインガケエショオニンテンケンインニケガハナカッタ	船の乗員が軽傷1人。点検員にけがは無かった。	船の乗員が軽傷一人。点検員に怪我はなかった。
c619-1	読み一致		ソオサクガセエゾンシャヲサガスダンカイヲオエタノハソノヒノゴゴジフン	ソオサクガセエゾンシャヲサガスダンカイヲオエタノハソノヒノゴゴジフン	捜索が生存者を探す段階を終えたのは、その日の午後8時27分。	捜索が生存者を探す段階を終えたのは、その日の午後8時27分
c619-2	読み一致		ヨクニチシズンダクルマノナカカラニンガミツカッタ	ヨクニチシズンダクルマノナカカラニンガミツカッタ	翌27日、沈んだ車の中から2人が見つかった。	翌27日、沈んだ車の中から2人が見つかった。
c620-1	読み一致		ノコルニンモツキニチマデニミツカッテエル	ノコルニンモツキニチマデニミツカッテエル	残る4人も、5月7日までに見つかっている。	残る4人も5月7日までに見つかっている。
c620-2	読みが違う	クルマ→シャ	ニンハゼンインクルマノナカデミツカッタ	ニンハゼンインシャノナカデミツカッタ	6人は全員、車の中で見つかった。	六人は全員車の中で見つかった。
c701-1	読みが違う	アト→ノチ	ジコノアトフネハゲンバニノコサレタ	ジコノノチフネハゲンバニノコサレタ	事故のあと、船は現場に残された。	事故の後、船は現場に残された。
c701-2	読みが違う	—→シガ／キ→—	チョオサインガノリコンダノハツキニチデアル	チョオサインガノリコンダノハシガツニチデアル	調査員が乗り込んだのは、4月1日である。	調査員が乗り込んだのは四月一日である。
c702-1	読み一致		モクテキハツナゼテエデンシタノカヲツキトメルコトダッタ	モクテキハヒトツナゼテエデンシタノカヲツキトメルコトダッタ	目的は1つ。なぜ停電したのかを突き止めることだった。	目的は一つ。なぜ停電したのかを突き止めることだった。
c702-2	読み一致		センシュウンコオカイシャゾオセンショセンセキコクフネノケンサキカンデアルセンキュウキョオカイモクワワッタ	センシュウンコオカイシャゾオセンショセンセキコクフネノケンサキカンデアルセンキュウキョオカイモクワワッタ	船主、運航会社、造船所、船籍国、船の検査機関である船級協会も加わった。	船主、運航会社、造船所、船籍国、船の検査機関である船級協会も加わった。
c703-1	読み一致		マズジコノヒトオナジハイデンノカタチニモドストコロカラハジメタ	マズジコノヒトオナジハイデンノカタチニモドストコロカラハジメタ	まず、事故の日と同じ配電の形に戻すところから始めた。	まず事故の日と同じ配電の形に戻すところから始めた。
c703-2	読み一致		ゴオノヘンアツキニツナガルコオアツノシャダンキヲトジル	ゴオノヘンアツキニツナガルコオアツノシャダンキヲトジル	1号の変圧器につながる、高圧の遮断器を閉じる。	一号の変圧器につながる高圧の遮断機を閉じる。
c704-1	読み一致		トコロガソノシャダンキハトジナカッタ	トコロガソノシャダンキハトジナカッタ	ところが、その遮断器は閉じなかった。	ところが、その遮断機は閉じなかった。
c704-2	読み一致		ゾオセンショノシャダンキノセンモンカヲヨブコトニナッタ	ゾオセンショノシャダンキノセンモンカヲヨブコトニナッタ	造船所の遮断器の専門家を呼ぶことになった。	造船所の遮断機の専門家を呼ぶことになった。
c705-1	読みが違う	—→シガ／キ→—	ツキニチセンモンカガキテタメストシャダンキハドモセエジョオニウゴイタ	シガツニチセンモンカガキテタメストシャダンキハドモセエジョオニウゴイタ	4月10日。専門家が来て試すと、遮断器は何度も正常に動いた。	四月十日。専門家が来て試すと、遮断機は何度も正常に動いた。
c705-2	読み一致		ヘンアツキヲキリカエタトキダケケエホオガデテトジナクナル	ヘンアツキヲキリカエタトキダケケエホオガデテトジナクナル	変圧器を切り替えたときだけ、警報が出て閉じなくなる。	変圧器を切り替えた時だけ警報が出て閉じなくなる。
c706-1	読み一致		ゾオセンショハコレハムカンケエダトハンダンシタ	ゾオセンショハコレハムカンケエダトハンダンシタ	造船所は、これは無関係だと判断した。	造船所はこれは無関係だと判断した。
c706-2	読み一致		キリカエヲクリカエシタシケンノセエデデタアヤマッタケエホオダト	キリカエヲクリカエシタシケンノセエデデタアヤマッタケエホオダト	切り替えを繰り返した試験のせいで出た、誤った警報だ、と。	切り替えを繰り返した試験のせいで出た誤った警報だと。
c707-1	読み一致		コノトキノチョオサハゲンインヲタシカメラレナイママオワッテエル	コノトキノチョオサハゲンインヲタシカメラレナイママオワッテエル	このときの調査は、原因を確かめられないまま終わっている。	この時の調査は原因を確かめられないまま終わっている。
c707-2	読み一致		ゴオノヘンアツキハツナイダママニサレタテエデンガマタオキルカヲミルタメデアル	ゴオノヘンアツキハツナイダママニサレタテエデンガマタオキルカヲミルタメデアル	1号の変圧器はつないだままにされた。停電がまた起きるかを見るためである。	一号の変圧器は繋いだままにされた。停電がまた起きるかを見るためである。
c708-1	読みが違う	—→シガ／キ→—	ツキニチマエブレモケエホオモナクテエアツガオチタ	シガツニチマエブレモケエホオモナクテエアツガオチタ	4月12日。前ぶれも警報も無く、低圧が落ちた。	四月十二日。前触れも警報もなく低圧が落ちた。
c708-2	読み一致		ツキニチノテエデントオナジカタチダッタ	ツキニチノテエデントオナジカタチダッタ	3月26日の停電と、同じ形だった。	3月26日の停電と同じ形だった。
c709-1	読みが違う	—→シガ／キ→—	ツキニチゾオセンショノギジュツシャガデンリョクカイセキキヲダイトリツケタ	シガツニチゾオセンショノギジュツシャガデンリョクカイセキキヲダイトリツケタ	4月24日、造船所の技術者が電力解析器を2台取り付けた。	四月二十四日、造船所の技術者が電力解析機を二台取り付けた。
c709-2	読み一致		サマザマナキキヲウゴカシテフカヲカエテモイジョオハデナイ	サマザマナキキヲウゴカシテフカヲカエテモイジョオハデナイ	さまざまな機器を動かして負荷を変えても、異常は出ない。	様々な機器を動かして負荷を変えても異常は出ない
c710-1	読み一致		ツキニチゴゼンジフンゴロマタオナジシャダンキガオチタ	ツキニチゴゼンジフンゴロマタオナジシャダンキガオチタ	4月29日、午前6時12分ごろ。また同じ遮断器が落ちた。	4月29日午前6時12分頃、また同じ遮断機が落ちた。
c710-2	読み一致		コンドハハカルドオグガツイテエタ	コンドハハカルドオグガツイテエタ	今度は、測る道具が付いていた。	今度は測る道具がついていた。
c711-1	読み一致		カイセキキノキロクハコショオガヘンアツキヨリジョオリュウニアルコトヲシメシテエタ	カイセキキノキロクハコショオガヘンアツキヨリジョオリュウニアルコトヲシメシテエタ	解析器の記録は、故障が変圧器より上流にあることを示していた。	解析機の記録は故障が変圧器より上流にあることを示していた。
c711-2	読み一致		チョオサハソノシャダンキソノモノヘムカウ	チョオサハソノシャダンキソノモノヘムカウ	調査は、その遮断器そのものへ向かう。	調査はその遮断器そのものへ向かう。
c712-1	判定できない	圧引外	コノシャダンキニハフソクデンシソオチトイウブヒンガツイテエル	コノシャダンキニハフソクデンアツビキハズシソオチトイウブヒンガツイテエル	この遮断器には、不足電圧引外し装置という部品が付いている。	この遮断機には不足電圧引き外し装置という部品がついている
c712-2	読み一致		デンアツガサガルトシャダンキヲヒラクアンゼンノタメノソオチデアル	デンアツガサガルトシャダンキヲヒラクアンゼンノタメノソオチデアル	電圧が下がると遮断器を開く、安全のための装置である。	電圧が下がると遮断器を開く安全のための装置である。
c713-1	読み一致		ウラヲカエストシャダンキガトジタママデエルタメニハ	ウラヲカエストシャダンキガトジタママデエルタメニハ	裏を返すと、遮断器が閉じたままでいるためには、	裏を返すと、遮断機が閉じたままでいるためには
c713-2	読み一致		コノソオチニデンキガキテエナケレバナラナイ	コノソオチニデンキガキテエナケレバナラナイ	この装置に電気が来ていなければならない。	この装置に電気が来ていなければならない。
c714-1	読み一致		ギジュツシャガシラベルトトチュウノセッテンハドレモセエジョオダッタソレナノニ	ギジュツシャガシラベルトトチュウノセッテンハドレモセエジョオダッタソレナノニ	技術者が調べると、途中の接点はどれも正常だった。それなのに、	技術者が調べると、途中の接点はどれも正常だった。それなのに
c714-2	読み一致		ソオチハデンキヲウシナッテエタ	ソオチハデンキヲウシナッテエタ	装置は、電気を失っていた	装置は電気を失っていた。
c715-1	読み一致		ソコデシンゴオセンヲホンズツアタッテエッタ	ソコデシンゴオセンヲホンズツアタッテエッタ	そこで、信号線を1本ずつ当たっていった。	そこで信号線を一本ずつあたっていった。
c715-2	読み一致		ユルンダツナギメガツミツカルワゴシャノクチノタンシダイバンゴオハ	ユルンダツナギメガヒトツミツカルワゴシャノクチノタンシダイバンゴオハ	緩んだつなぎ目が1つ見つかる。ワゴ社の3口の端子台。番号は381。	緩んだつなぎ目が一つ見つかる。和語社の三口の端子台、番号は三百八十一
c716-1	読み一致		ホオコクショハソノタンシダイノミギノセンヲワイヤアワンヒダリヲワイヤアスリイトヨブ	ホオコクショハソノタンシダイノミギノセンヲワイヤアワンヒダリヲワイヤアスリイトヨブ	報告書は、その端子台の右の線をワイヤーワン、左をワイヤースリーと呼ぶ。	報告書はその端子台の右の線をワイヤーワン、左をワイヤースリーと呼ぶ。
c716-2	読み一致		ワイヤアワンヲヌイテサシナオストソオチニデンキガモドッタ	ワイヤアワンヲヌイテサシナオストソオチニデンキガモドッタ	ワイヤーワンを抜いて挿し直すと、装置に電気が戻った。	ワイヤーワンを抜いて挿し直すと装置に電気が戻った。
c717-1	読み一致		シャダンキハセッケエドオリニトジタ	シャダンキハセッケエドオリニトジタ	遮断器は、設計どおりに閉じた。	遮断機は設計通りに閉じた。
c717-2	読み一致		ゴオノヘンアツキニデンキガトオリテエアツノボセンガイキカエッタ	ゴオノヘンアツキニデンキガトオリテエアツノボセンガイキカエッタ	1号の変圧器に電気が通り、低圧の母線が生き返った。	一号の変圧器に電気が通り、低圧の母線が生き返った。
c718-1	読み一致		ギジュツシャハモオイチドソノセンヲハズシテミタ	ギジュツシャハモオイチドソノセンヲハズシテミタ	技術者は、もう一度その線を外してみた。	技術者はもう一度その線を外してみた。
c718-2	読みが違う	—→サンガ／キ→—	シャダンキガヒラキフネハテエデンシタツキニチトオナジカタチノケエホオノデナイテエデンデアル	シャダンキガヒラキフネハテエデンシタサンガツニチトオナジカタチノケエホオノデナイテエデンデアル	遮断器が開き、船は停電した。3月26日と同じ形の、警報の出ない停電である。	遮断機が開き、船は停電した。三月二十六日と同じ形の警報の出ない停電である。
c719-1	読み一致		ココデハケツロンヲダシタ	ココデハケツロンヲダシタ	ここで、NTSBは結論を出した。	ここでNTSBは結論を出した。
c719-2	読み一致		サイショノテエデンハコノセンデオキタ	サイショノテエデンハコノセンデオキタ	最初の停電は、この線で起きた	最初の停電はこの線で起きた。
c720-1	読み一致		ザイリョオケンキュウシツニハコンデシラベルトタンシダイノクチノメント	ザイリョオケンキュウシツニハコンデシラベルトタンシダイノクチノメント	材料研究室に運んで調べると、端子台の口の面と、	材料研究室に運んで調べると、端子台の口の面と
c720-2	読み一致		センノサキノカナグニホオデンデヤケタアトガアッタ	センノサキノカナグニホオデンデヤケタアトガアッタ	線の先の金具に、放電で焼けた跡があった。	線の先の金具に放電で焼けた跡があった。
c721-1	読み一致		センタンガクチノメンニフレテエルダケデモデンキハカヨッテシマウ	センタンガクチノメンニフレテエルダケデモデンキハカヨッテシマウ	先端が口の面に触れているだけでも、電気は通ってしまう。	先端が口の面に触れているだけでも電気は通ってしまう。
c721-2	読み一致		ダカラシャダンキハトキドキセエジョオニウゴイタ	ダカラシャダンキハトキドキセエジョオニウゴイタ	だから遮断器は、ときどき正常に動いた。	だから遮断機は時々正常に動いた。
c722-1	読み一致		シカモコノハズレカタハヒトガテデヒライタノトオナジカタチヲシテエル	シカモコノハズレカタハヒトガテデヒライタノトオナジカタチヲシテエル	しかもこの外れ方は、人が手で開いたのと同じ形をしている。	しかもこの外れ方は人が手で開いたのと同じ形をしている。
c722-2	読み一致		デンリョクカンリソオチハイジョオトミナサナイ	デンリョクカンリソオチハイジョオトミナサナイ	電力管理装置は、異常と見なさない。	電力管理装置は異常と見なさない。
c722-3	読み一致		ケエホオハヒトツモナラナカッタ	ケエホオハヒトツモナラナカッタ	警報は、ひとつも鳴らなかった	警報は一つも鳴らなかった。
c723-1	読み一致		デハナゼソノセンハユルンダノカ	デハナゼソノセンハユルンダノカ	では、なぜその線は緩んだのか。	では、なぜその線は緩んだのか。
c723-2	読み一致		フネヲツクルトキハイデンバンノセンニハホンズツラベルノオビガマカレテエタ	フネヲツクルトキハイデンバンノセンニハホンズツラベルノオビガマカレテエタ	船を造るとき、配電盤の線には1本ずつ、ラベルの帯が巻かれていた。	船を作る時、配電盤の線には一本ずつラベルの帯が巻かれていた。
c724-1	読み一致		ネツデチヂマセルウスイツツニツナグベキタンシダイノバンゴオガスッテアル	ネツデチヂマセルウスイツツニツナグベキタンシダイノバンゴオガスッテアル	熱で縮ませる薄い筒に、つなぐべき端子台の番号が刷ってある。	熱で縮ませる薄い筒につなぐべき端子台の番号が刷ってある。
c724-2	読み一致		センヲタダシイカイロニツナグタメノマチガイヲフセグクフウデアル	センヲタダシイカイロニツナグタメノマチガイヲフセグクフウデアル	線を正しい回路につなぐための、間違いを防ぐ工夫である。	線を正しい回路につなぐための間違いを防ぐ工夫である。
c725-1	読みが違う	ワイヤアワン→—	ワイヤアワンデハソノオビガサキノカナグノアオイエリマデオオッテエタ	デハソノオビガサキノカナグノアオイエリマデオオッテエタ	ワイヤーワンでは、その帯が、先の金具の青い襟まで覆っていた。	Wire Oneでは、その帯が先の金具の青い襟まで覆っていた。
c725-2	読み一致		オオッタブンダケソトマワリガフトクナル	オオッタブンダケソトマワリガフトクナル	覆ったぶんだけ、外まわりが太くなる。	覆った分だけ外回りが太くなる。
c725-3	読み一致		オビガセンヲオクマデエレサセナカッタ	オビガセンヲオクマデエレサセナカッタ	帯が、線を奥まで入れさせなかった	帯が栓を奥まで入れさせなかった。
c726-1	読み一致		ホオコクショノスイテエゲンインヲミジカクイエバコオナル	ホオコクショノスイテエゲンインヲミジカクイエバコオナル	報告書の推定原因を、短く言えばこうなる。	報告書の推定原因を短く言えばこうなる。
c726-2	読み一致		ラベルノオビノツケカタガワルクタンシダイノシンゴオセンガユルミテエデンシタ	ラベルノオビノツケカタガワルクタンシダイノシンゴオセンガユルミテエデンシタ	ラベルの帯の付け方が悪く、端子台の信号線が緩み、停電した。	ラベルの帯の付け方が悪く、端子台の信号線が緩み停電した。
c726-3	読み一致		ソレガハシノチカクデスイシントソオダヲウシナワセタ	ソレガハシノチカクデスイシントソオダヲウシナワセタ	それが、橋の近くで推進と操舵を失わせた。	それが橋の近くで推進と操舵を失わせた。
c801-1	読み一致		キイキョオニフネガアタッタノハネンガハジメテデハナイ	キイキョオニフネガアタッタノハネンガハジメテデハナイ	キー橋に船が当たったのは、2024年が初めてではない。	キー橋に船が当たったのは2024年が初めてではない。
c802-1	読み一致		ネンニッポンセンセキノフィートノコンテナセンガ	ネンニッポンセンセキノフィートノコンテナセンガ	1980年。日本船籍の390フィートのコンテナ船が、	1980年、日本船籍の390フィートのコンテナ船が
c802-2	読みが違う	ソオダ→—	ハシカラオヨソヤアドノトコロデソオダヲウシナッタ	ハシカラオヨソヤアドノトコロデヲウシナッタ	橋からおよそ600ヤードのところで操舵を失った。	橋からおよそ六百ヤードのところでSODAを失った。
c803-1	読み一致		フネノナハブルウナゴヤオモサハダリノオヨソブンノデアル	フネノナハブルウナゴヤオモサハダリノオヨソブンノデアル	船の名はブルー・ナゴヤ。重さはダリのおよそ10分の1である。	船の名はブルー名古屋。重さはダリのおよそ十分の一である。
c803-2	読み一致		アタッタサキハオナジバンキョオキャクダッタ	アタッタサキハオナジバンキョオキャクダッタ	当たった先は、同じ17番橋脚だった。	当たった先は同じ十七番橋脚だった。
c804-1	判定できない	衝工	コノトキハツブレテチカラヲスウコンクリイトトキノボオガフネヲトメタ	コノトキハツブレテチカラヲスウコンクリイトトキノボオチョオコオガフネヲトメタ	このときは、潰れて力を吸うコンクリートと木の防衝工が船を止めた。	この時は潰れて力を吸うコンクリートと木の防潮工が船を止めた。
c804-2	読み一致		ハシラニノコッタノハヒョオメンノカルイキズダケデアル	ハシラニノコッタノハヒョオメンノカルイキズダケデアル	柱に残ったのは、表面の軽い傷だけである。	柱に残ったのは表面の軽い傷だけである。
c805-1	判定できない	衝工	ボオハコワレタガモトノセッケエドオリニツクリナオサレタ	ボオショオコオハコワレタガモトノセッケエドオリニツクリナオサレタ	防衝工は壊れたが、元の設計どおりに造り直された。	某商工は壊れたが、元の設計通りに作り直された。
c805-2	読み一致		オナジキョオキャクニネンゴバイノオモサノフネガアタルコトニナル	オナジキョオキャクニネンゴバイノオモサノフネガアタルコトニナル	同じ橋脚に、44年後、10倍の重さの船が当たることになる。	同じ橋脚に四十四年後、十倍の重さの船が当たることになる。
c806-1	読み一致		ハシガカカッテカラノネンデフネハオオキクナッタ	ハシガカカッテカラノネンデフネハオオキクナッタ	橋が架かってからの47年で、船は大きくなった。	橋がかかってからの四十七年で船は大きくなった。
c806-2	読み一致		オオガタカシタカモツセンガキソンノコオワンシセツニタイシテキケンヲマシテエルトホオコクショハカク	オオガタカシタカモツセンガキソンノコオワンシセツニタイシテキケンヲマシテエルトホオコクショハカク	大型化した貨物船が、既存の港湾施設に対して危険を増している、と報告書は書く。	大型化した貨物船が既存の港湾施設に対して危険を増していると報告書は書く。
c807-1	読み一致		ココデハシノセッケエノシシンヲツクッテエルダンタイガデテクル	ココデハシノセッケエノシシンヲツクッテエルダンタイガデテクル	ここで、橋の設計の指針を作っている団体が出てくる。	ここで橋の設計の指針を作っている団体が出てくる。
c807-2	読み一致		ゼンベエシュウドオロコオツウウンユギョオセエカンキョオカイイカキョオカイトヨブ	ゼンベエシュウドオロコオツウウンユギョオセエカンキョオカイイカキョオカイトヨブ	全米州道路交通運輸行政官協会。以下、協会と呼ぶ。	全米州道路交通運輸行政官協会、以下協会と呼ぶ。
c808-1	読み一致		シュッパツテンハネンツキフロリダノサンシャインスカイウェイキョオ	シュッパツテンハネンツキフロリダノサンシャインスカイウェイキョオ	出発点は1980年5月。フロリダの、サンシャイン・スカイウェイ橋。	出発点は1980年5月、フロリダのサンシャインスカイウェイ橋。
c808-2	読み一致		バラヅミセンガアタリハシゲタガオヨソフィートカノワンヘオチタ	バラヅミセンガアタリハシゲタガオヨソフィートカノワンヘオチタ	ばら積み船が当たり、橋桁がおよそ150フィート下の湾へ落ちた。	ばら積み船が当たり、橋桁がおよそ150フィート下の湾へ落ちた。
c809-1	読み一致		チョオキョリバスダイコガタトラックダイジョオヨオシャダイガワンニオチ	チョオキョリバスダイコガタトラックダイジョオヨオシャダイガワンニオチ	長距離バス1台、小型トラック1台、乗用車6台が湾に落ち、	長距離バス一台、小型トラック一台、乗用車六台が湾に落ち
c809-2	読み一致		ニンガナクナッタ	ニンガナクナッタ	35人が亡くなった。	35人が亡くなった。
c810-1	読み一致		コノトキノノカンコクカラネンニキョオカイノシシンガデキタ	コノトキノノカンコクカラネンニキョオカイノシシンガデキタ	このときのNTSBの勧告から、1991年に協会の指針ができた。	この時のNTSBの勧告から1991年に協会の指針ができた
c810-2	読み一致		ネンニカイテエサレテエル	ネンニカイテエサレテエル	2009年に改訂されている。	2009年に改定されている
c811-1	読み一致		イマハクニノカンセンドオロモオノアタラシイハシニハ	イマハクニノカンセンドオロモオノアタラシイハシニハ	いまは、国の幹線道路網の新しい橋には、	今は国の幹線道路網の新しい橋には
c811-2	読み一致		コノシシンノケエサンデホオラクノキケンヲオサエルコトガモトメラレテエル	コノシシンノケエサンデホオラクノキケンヲオサエルコトガモトメラレテエル	この指針の計算で崩落の危険を抑えることが求められている。	この指針の計算で崩落の危険を抑えることが求められている。
c812-1	読み一致		タダシネンヨリマエニタッタハシニハギムガナイ	タダシネンヨリマエニタッタハシニハギムガナイ	ただし、1991年より前に建った橋には、義務が無い。	ただし、 1991年より前に建った橋には義務がない。
c812-2	読み一致		キョオカイハキセツノハシニツイテモケエサンスルヨオススメタアクマデスイショオデアル	キョオカイハキセツノハシニツイテモケエサンスルヨオススメタアクマデスイショオデアル	協会は、既設の橋についても計算するよう勧めた。あくまで推奨である。	協会は季節の橋についても計算するよう勧めた。あくまで推奨である。
c813-1	読み一致		キイキョオハネンノハシナノデシュウコオツウキョクニギムハナカッタ	キイキョオハネンノハシナノデシュウコオツウキョクニギムハナカッタ	キー橋は1977年の橋なので、州交通局に義務は無かった。	キー橋は1977年の橋なので、州交通局に義務はなかった。
c813-2	読み一致		ソレデモススメラレテエタコトヲシッテエルベキダッタトホオコクショハカク	ソレデモススメラレテエタコトヲシッテエルベキダッタトホオコクショハカク	それでも、勧められていたことを知っているべきだった、と報告書は書く。	それでも「進められていたことを知っているべきだった」と報告書は書く。
c814-1	読み一致		シュウコオツウキョクハコノシシンヲインヨオスルベツノキジュンヲツクルイインカイニイタ	シュウコオツウキョクハコノシシンヲインヨオスルベツノキジュンヲツクルイインカイニイタ	州交通局は、この指針を引用する別の基準を作る委員会にいた。	週交通局はこの指針を引用する別の基準を作る委員会にいた。
c814-2	読み一致		シュウノドオロギョオセエモネンノシシンソノモノノカイハツイインダッタ	シュウノドオロギョオセエモネンノシシンソノモノノカイハツイインダッタ	州の道路行政も、2009年の指針そのものの開発委員だった。	州の道路行政も二千九年の指針そのものの開発委員だった
c815-1	読み一致		ネンノシシンノケエサンホオホオハハシノシタヲトオルフネノオオキサトハヤサ	ネンノシシンノケエサンホオホオニハハシノシタヲトオルフネノオオキサトハヤサ	2009年の指針の計算、方法2は、橋の下を通る船の大きさと速さ、	二〇〇九年の指針の計算方法には、橋の下を通る船の大きさと速さ
c815-2	読みが違う	スウ→セツ	ネンカンノセキスウスイロノカタチナドヲイレテクズレルミコミヲダスモノデアル	ネンカンノセキセツスイロノカタチナドヲイレテクズレルミコミヲダスモノデアル	年間の隻数、水路の形などを入れて、崩れる見込みを出すものである。	年間の積雪、水路の形などを入れて崩れる見込みを出すものである。
c816-1	読み一致		ジュウヨオトサレルハシノシキイチハトシニブンノ	ジュウヨオトサレルハシノシキイチハトシニブンノ	重要とされる橋のしきい値は、年に1万分の1。	重要とされる橋のしきい値は年に一万分の1。
c816-2	読み一致		イッパンノハシナラトシニブンノデアル	イッパンノハシナラトシニブンノデアル	一般の橋なら、年に1000分の1である。	一般の橋なら年に1000分の1である。
c817-1	読みが違う	アト→ノチ	ジコノアトガコノケエサンヲキイキョオニアテタ	ジコノノチガコノケエサンヲキイキョオニアテタ	事故のあと、NTSBがこの計算をキー橋に当てた。	事故の後、NTSBがこの計算をキー橋に当てた。
c817-2	読み一致		デテキタミコミハキョヨオノセンヲオオキクコエテエタ	デテキタミコミハキョヨオノセンヲオオキクコエテエタ	出てきた見込みは、許容の線を大きく超えていた。	出てきた見込みは許容の線を大きく超えていた。
c817-3	読み一致		シキイチノオヨソバイ	シキイチノオヨソバイ	しきい値の、およそ30倍	しきい値のおよそ三十倍
c818-1	読み一致		ケエサンシテエレバコノハシガキジュンヲコエテエルコトハワカッタ	ケエサンシテエレバコノハシガキジュンヲコエテエルコトハワカッタ	計算していれば、この橋が基準を超えていることは分かった。	計算していれば、この橋が基準を超えていることはわかった。
c818-2	読み一致		ドオキケンヲサゲルカヲカンガエルザイリョオモテニハイッテエタ	ドオキケンヲサゲルカヲカンガエルザイリョオモテニハイッテエタ	どう危険を下げるかを考える材料も、手に入っていた。	どう危険を下げるかを考える材料も手に入っていた。
c819-1	読み一致		ダカラホオコクショハホオラクトジンメエノソンシツニキヨシタヨオイントシテ	ダカラホオコクショハホオラクトジンメエノソンシツニキヨシタヨオイントシテ	だから報告書は、崩落と人命の損失に寄与した要因として、	だから、報告書は崩落と人命の損失に寄与した要因として
c819-2	読みが違う	ソト→ガイ	ソトコオセンノショオトツニタイスルソナエガナカッタコトヲアゲテエル	ガイコオセンノショオトツニタイスルソナエガナカッタコトヲアゲテエル	外航船の衝突に対する備えが無かったことを挙げている。	外交船の衝突に対する備えがなかったことを挙げている。
c820-1	読み一致		ノモトメデレンポオドオロチョオガゼンコクノハシヲカゾエタ	ノモトメデレンポオドオロチョオガゼンコクノハシヲカゾエタ	NTSBの求めで、連邦道路庁が全国の橋を数えた。	NTSBの求めで、連邦道路庁が全国の橋を数えた。
c820-2	読みが違う	ソト→ガイ／セン→フネ	ソトコオセンガトオルスイロヲマタグハシハノシュウニアル	ガイコオフネガトオルスイロヲマタグハシハノシュウニアル	外航船が通る水路をまたぐ橋は、26の州に176ある。	外港、船が通る水路をまたぐ橋は二十六の州に百七十六ある。
c821-1	読みが違う	アイダ→マ／ア→ワ	ソノオチノハシガネンカラネンノアイダニアタラレテエル	ソノオチノハシガネンカラネンノマニワタラレテエル	そのうち40の橋が、2002年から2023年のあいだに当たられている。	そのうち四十の橋が二千二年から二千二十三年の間に渡られている。
c821-2	読みが違う	ソト→ガイ	アイテハオオガタノソトコオセンゼンタイノパアセントデアル	アイテハオオガタノガイコオセンゼンタイノパアセントデアル	相手は大型の外航船。全体の23パーセントである。	相手は大型の外交船全体の二十三パーセントである。
c822-1	読みが違う	シ→ジ／ソト→ガイ	ネンノシシンヨリマエニタチソトコオセンガトオルスイロヲマタグハシハ	ネンノジシンヨリマエニタチガイコオセンガトオルスイロヲマタグハシハ	1991年の指針より前に建ち、外航船が通る水路をまたぐ橋は68。	1991年の地震より前に立ち、外交船が通る水路をまたぐ橋は68。
c822-2	読み一致		モチヌシハノダンタイオソラクキケンニキヅイテエナイトホオコクショハカク	モチヌシハノダンタイオソラクキケンニキヅイテエナイトホオコクショハカク	持ち主は30の団体。おそらく危険に気づいていない、と報告書は書く。	持ち主は三十の団体、おそらく危険に気づいていないと報告書は書く。
c822-3	読み一致		オナジタチバノハシガアル	オナジタチバノハシガアル	同じ立場の橋が、68ある	同じ立場の橋が68ある
c823-1	読み一致		ハネンツキニチコノケンダケデベツノホオコクショヲダシ	ハネンツキニチコノケンダケデベツノホオコクショヲダシ	NTSBは2025年3月18日、この件だけで別の報告書を出し、	NTSBは2025年3月18日、この件だけで別の報告書を出し
c823-2	読み一致		キンキュウノカンコクヲケンダシタスベテノアテサキガウゴキハジメテエル	キンキュウノカンコクヲケンダシタスベテノアテサキガウゴキハジメテエル	緊急の勧告を4件出した。すべての宛先が動き始めている。	緊急の勧告を四件出した。全ての宛先が動き始めている。
c824-1	読み一致		モオツクリカエシカカレテエルコトガアル	モオヒトツクリカエシカカレテエルコトガアル	もう1つ、繰り返し書かれていることがある。	もう一つ繰り返し書かれていることがある
c824-2	読みが違う	キ→ヒ	キイキョオニハキケンナトキニクルマヲハシニイレナイタメノソオチガナカッタ	ヒイキョオニハキケンナトキニクルマヲハシニイレナイタメノソオチガナカッタ	キー橋には、危険なときに車を橋に入れないための装置が無かった。	ヒー橋には危険な時に車を橋に入れないための装置がなかった。
c825-1	読み一致		アノヨルハコオジノタメニケエカンガリョオタンニイタダカラクルマガトマッタ	アノヨルハコオジノタメニケエカンガリョオタンニイタダカラクルマガトマッタ	あの夜は、工事のために警官が両端にいた。だから車が止まった。	あの夜は工事のために警官が両端にいた。だから車が止まった。
c825-2	読み一致		ケエカンガイナケレバクルマハトマラナカッタトホオコクショハカイテエル	ケエカンガイナケレバクルマハトマラナカッタトホオコクショハカイテエル	警官がいなければ、車は止まらなかった、と報告書は書いている。	「警官がいなければ車は止まらなかった」と報告書は書いている。
c901-1	読みが違う	ロ→ドオ	クズレタハガネトコンクリイトハカワノソコトコオロヲフサイダ	クズレタハガネトコンクリイトハカワノソコトコオドオヲフサイダ	崩れた鋼とコンクリートは、川の底と航路を塞いだ。	崩れた鋼とコンクリートは川の底と坑道を塞いだ。
c901-2	読み一致		ボルチモアコオニデエリスルフネガスベテトマッタ	ボルチモアコオニデエリスルフネガスベテトマッタ	ボルチモア港に出入りする船が、すべて止まった。	ボルチモア港に出入りする船がすべて止まった。
c902-1	読み一致		ジコノアサエンガンケエビタイトメリイランドシュウカンキョオキョクト	ジコノアサエンガンケエビタイトメリイランドシュウカンキョオキョクト	事故の朝、沿岸警備隊とメリーランド州環境局と、	事故の朝、沿岸警備隊とメリーランド州環境局と
c902-2	読み一致		フネノオンコオカイシャノダイリガツノシキショトオゴオシキヲタチアゲタ	フネノオンコオカイシャノダイリガヒトツノシキショトオゴオシキヲタチアゲタ	船の運航会社の代理が、1つの指揮所、統合指揮を立ち上げた。	船の運航会社の代理が一つの指揮所、統合指揮を立ち上げた。
c903-1	読み一致		コオロノカンリハリクグンコオヘエタイノボルチモアチク	コオロノカンリハリクグンコオヘエタイノボルチモアチク	航路の管理は、陸軍工兵隊のボルチモア地区。	航路の管理は陸軍工兵隊のボルチモア地区
c903-2	読み一致		テッキョハカイグンノサルベエジセンスイカントクカンガヒキイタ	テッキョハカイグンノサルベエジセンスイカントクカンガヒキイタ	撤去は、海軍のサルベージ・潜水監督官が率いた。	撤去は海軍のサルベージ潜水監督官が率いた。
c904-1	読み一致		ソクリョオセンガソナアデザンガイノカタチヲハカリセンスイシガスイチュウニハイッタ	ソクリョオセンガソナアデザンガイノカタチヲハカリセンスイシガスイチュウニハイッタ	測量船がソナーで残骸の形を測り、潜水士が水中に入った。	測量船がソナーで残骸の形を測り、潜水士が水中に入った。
c904-2	読みが違う	シ→ジ	ヒキアゲノタメノジュウリョオブツノクレエントハシケモハイッタ	ヒキアゲノタメノジュウリョオブツノクレエントハジケモハイッタ	引き揚げのための、重量物のクレーンとはしけも入った。	引き揚げのための重量物のクレーンと端毛も入った。
c905-1	読みが違う	—→ゴガ／キ→—	ツキニチフネノオエニノッタママノハシゲタヲカヤクデキリハナシタ	ゴガツニチフネノオエニノッタママノハシゲタヲカヤクデキリハナシタ	5月13日。船の上に乗ったままの橋桁を、火薬で切り離した。	五月十三日。船の上に乗ったままの橋桁を火薬で切り離した。
c906-1	読み一致		トリノゾイタリョオヲカイグンハコオカイテエル	トリノゾイタリョオヲカイグンハコオカイテエル	取り除いた量を、海軍はこう書いている。	取り除いた量を海軍はこう書いている。
c906-2	読み一致		カワゾコカラトン	カワゾコカラトン	川底から、5万トン	川底から五万トン
c907-1	読みが違う	—→ゴガ／キ→—	ツキニチダリガウカビコオロカラダサレタ	ゴガツニチダリガウカビコオロカラダサレタ	5月20日、ダリが浮かび、航路から出された。	五月二十日、ダリが浮かび航路から出された。
c907-2	読み一致		ガンペキニモドシテツミニトザンガイヲオロシテエク	ガンペキニモドシテツミニトザンガイヲオロシテエク	岸壁に戻して、積荷と残骸を降ろしていく。	岸壁に戻して積み荷と残骸を下ろしていく。
c908-1	読み一致		ツキニチカギラレタハバノカリノコオロガヒライタ	ツキニチカギラレタハバノカリノコオロガヒライタ	5月21日、限られた幅の仮の航路が開いた。	5月21日、限られた幅の仮の航路が開いた。
c908-2	読み一致		フカサフィートハバフィートケタカフィート	フカサフィートハバフィートケタカフィート	深さ50フィート、幅400フィート、桁下214フィート。	深さ五十フィート、幅四百フィート、桁下二百十四フィート。
c909-1	読み一致		ツキニチサイゴノオオキナトラスノカタマリガレンポオコオロカラトリノゾカレタ	ツキニチサイゴノオオキナトラスノカタマリガレンポオコオロカラトリノゾカレタ	6月4日、最後の大きなトラスの塊が、連邦航路から取り除かれた。	6月4日、最後の大きなトラスの塊が連邦航路から取り除かれた。
c910-1	読みが違う	—→ロクガ／キ→—	ツキニチフォートマクヘンリイコオロガサイカイシタ	ロクガツニチフォートマクヘンリイコオロガサイカイシタ	6月10日、フォート・マクヘンリー航路が再開した。	六月十日、フォート・マクヘンリー航路が再開した。
c910-2	読み一致		ホオラクカラニチデアル	ホオラクカラニチデアル	崩落から76日である。	崩落から七十六日である。
c911-1	読み一致		カワノソコニハネンニシカレタチョッケエインチノガスカンモトオッテエタ	カワノソコニハネンニシカレタチョッケエインチノガスカンモトオッテエタ	川の底には、1974年に敷かれた直径24インチのガス管も通っていた。	川の底には1974年に敷かれた直径二十四インチのガス管も通っていた。
c911-2	判定できない	圧	ヲサゲナカヲチッソニオキカエテアンゼンニシツキニチニツナギナオシテエル	ヲサゲナカヲチッソニオキカエテアンゼンニシロクガツニチニツナギナオシテエル	圧を下げ、中を窒素に置き換えて安全にし、6月28日につなぎ直している。	圧を下げ、中を窒素に置き換えて安全にし、六月二十八日に繋ぎ直している。
c912-1	読み一致		ツンデエタコノコンテナノオチコガキケンブツダッタ	ツンデエタコノコンテナノオチコガキケンブツダッタ	積んでいた4679個のコンテナのうち、56個が危険物だった。	積んでいた四千六百七十九個のコンテナのうち五十六個が危険物だった。
c912-2	読み一致		オチタハシゲタデエタンダクカクニソノオチコガハイッテエタ	オチタハシゲタデエタンダクカクニソノオチコガハイッテエタ	落ちた橋桁で傷んだ区画に、そのうち14個が入っていた。	落ちた橋桁で傷んだ区画にそのうち十四個が入っていた。
c913-1	読み一致		ホオコクショハコンテナカラノキケンナブッシツハカンキョオニデテエナイトカイテエル	ホオコクショハコンテナカラノキケンナブッシツハカンキョオニデテエナイトカイテエル	報告書は、コンテナからの危険な物質は環境に出ていない、と書いている。	報告書はコンテナからの危険な物質は環境に出ていないと書いている。
c914-1	読み一致		ツキニチダリハボルチモアヲハナレノオフォークヘムカッタ	ツキニチダリハボルチモアヲハナレノオフォークヘムカッタ	6月24日、ダリはボルチモアを離れ、ノーフォークへ向かった。	6月24日、ダリはボルチモアを離れ、ノーフォークへ向かった。
c914-2	読みが違う	—→クガ／キ→—／—→イチガ／キ→—	ツキニチニハチュウゴクノゾオセンショヘシュウリガオワッタノハヨクネンツキニチデアル	クガツニチニハチュウゴクノゾオセンショヘシュウリガオワッタノハヨクネンイチガツニチデアル	9月19日には中国の造船所へ。修理が終わったのは、翌年1月16日である。	九月十九日には中国の造船所へ。修理が終わったのは翌年一月十六日である。
c915-1	読み一致		ハシヲワタッテエタニチダイアマリガミナトノマワリヲマワルコトニナッタ	ハシヲワタッテエタニチダイアマリガミナトノマワリヲマワルコトニナッタ	橋を渡っていた1日3万4000台あまりが、港のまわりを回ることになった。	橋を渡っていた一日三万四千台余りが港の周りを回ることになった。
c915-2	読み一致		キケンブツヲツンダクルマハトンネルヲトオレナイノデサラニオオキクマワル	キケンブツヲツンダクルマハトンネルヲトオレナイノデサラニオオキクマワル	危険物を積んだ車は、トンネルを通れないので、さらに大きく回る。	危険物を積んだ車はトンネルを通れないので、さらに大きく回る。
c916-1	読み一致		カケガエノセッケエノカンガエカタハネンツキニコオヒョオサレタ	カケガエノセッケエノカンガエカタハネンツキニコオヒョオサレタ	架け替えの設計の考え方は、2025年2月に公表された。	掛け替えの設計の考え方は2025年2月に公表された
c916-2	読み一致		ゼンチョオマイルトオカラハッタケエブルデケタヲツルハスチョオキョオデアル	ゼンチョオマイルトオカラハッタケエブルデケタヲツルハスチョオキョオデアル	全長2マイル。塔から張ったケーブルで桁を吊る、斜張橋である。	全長二マイル。塔から張ったケーブルで二十桁を吊る斜張橋である。
c916-3	読みが違う	ュ→—	シュコオロノオエノケタカハフィートニナル	ニシコオロノオエノケタカハフィートニナル	主航路の上の桁下は、230フィートになる。	西航路の上の桁下は二百三十フィートになる。
c917-1	読み一致		ハスチョオキョオハブザイガツコワレテモニオモヲササエラレルカタチトサレテエル	ハスチョオキョオハブザイガヒトツコワレテモニオモヲササエラレルカタチトサレテエル	斜張橋は、部材が1つ壊れても荷重を支えられる形とされている。	斜張橋は部材が一つ壊れても荷重を支えられる形とされている。
c917-2	判定できない	径間	シュハフィートトオトトオノアイダハフィートニナル	シュケエカンハフィートトオトトオノカンハフィートニナル	主径間は3300フィート。塔と塔のあいだは1600フィートになる。	主景観は三千三百フィート、塔と塔の間は千六百フィートになる。
c918-1	読み一致		ヒヨオノミコミハドルカラドル	ヒヨオノミコミハドルカラドル	費用の見込みは43億ドルから52億ドル。	費用の見込みは四十三億ドルから五十二億ドル。
c918-2	読み一致		トオレルヨオニナルノハネンノコオハントサレテエル	トオレルヨオニナルノハネンノコオハントサレテエル	通れるようになるのは、2030年の後半とされている。	通れるようになるのは二千三十年の後半とされている
ca01-1	読み一致		コノジコデハダレニナニヲセヨトイッタノカ	コノジコデハダレニナニヲセヨトイッタノカ	この事故で、NTSBは誰に何をせよと言ったのか。	この事故でNTSBは誰に何をせよと言ったのか。
ca01-2	読み一致		アテサキハエンガンケエビタイレンポオドオロチョオセッケエシシンノキョオカイゾオセンショオンコオカイシャブヒンノカイシャ	アテサキハエンガンケエビタイレンポオドオロチョオセッケエシシンノキョオカイゾオセンショオンコオカイシャブヒンノカイシャ	宛先は、沿岸警備隊、連邦道路庁、設計指針の協会、造船所、運航会社、部品の会社。	宛先は沿岸警備隊、連邦道路庁、設計指針の協会、造船所、運航会社、部品の会社。
ca02-1	読みが違う	ゴ→ガ	タンシダイヲツクッテエルワゴシャヘノカンコクハコオデアル	タンシダイヲツクッテエルワガシャヘノカンコクハコオデアル	端子台を作っているワゴ社への勧告は、こうである。	端子台を作っている我が社への勧告はこうである。
ca02-2	読み一致		セエヒンノセツメエショニラベルノオビノイチガセンノサシコミヲサマタゲウルトカキクワエルコト	セエヒンノセツメエショニラベルノオビノイチガセンノサシコミヲサマタゲウルトカキクワエルコト	製品の説明書に、ラベルの帯の位置が線の差し込みを妨げうると書き加えること。	製品の説明書にラベルの帯の位置が線の差し込みを妨げうると書き加えること。
ca03-1	読み一致		ゾオセンショニハオビノツケカタヲデンキブモンノサギョオテジュンニイレルコトヲモトメタ	ゾオセンショニハオビノツケカタヲデンキブモンノサギョオテジュンニイレルコトヲモトメタ	造船所には、帯の付け方を電気部門の作業手順に入れることを求めた。	造船所には帯の付け方を電気部門の作業手順に入れることを求めた。
ca03-2	読み一致		オビガセンヲタンシダイヘマサシクサシコムコトヲサマタゲナイヨオニスルタメデアル	オビガセンヲタンシダイヘマサシクサシコムコトヲサマタゲナイヨオニスルタメデアル	帯が、線を端子台へ正しく差し込むことを妨げないようにするためである。	帯が線を端子台へ正しく差し込むことを妨げないようにするためである。
ca04-1	読み一致		ウンコオカイシャニハセキガイセンノネツガゾオニヨルテンケンヲモトメタ	ウンコオカイシャニハセキガイセンノネツガゾオニヨルテンケンヲモトメタ	運航会社には、赤外線の熱画像による点検を求めた。	運航会社には赤外線の熱画像による点検を求めた。
ca04-2	読み一致		メニミエナイフグアイノキザシヲオンドノサデミツケルホオホオデアル	メニミエナイフグアイノキザシヲオンドノサデミツケルホオホオデアル	目に見えない不具合の兆しを、温度の差で見つける方法である。	目に見えない不具合の兆しを温度の差で見つける方法である。
ca05-1	読み一致		アノセンハサキノカナグガクチノメンニフレテエルダケノジョオタイダッタ	アノセンハサキノカナグガクチノメンニフレテエルダケノジョオタイダッタ	あの線は、先の金具が口の面に触れているだけの状態だった。	あの線は先の金具が口の面に触れているだけの状態だった。
ca05-2	読み一致		セッスルメンガチイサイブンソコダケオンドガアガッテエタトホオコクショハミテエル	セッスルメンガチイサイブンソコダケオンドガアガッテエタトホオコクショハミテエル	接する面が小さいぶん、そこだけ温度が上がっていたと、報告書は見ている。	接する面が小さい分、そこだけ温度が上がっていたと報告書は見ている。
ca06-1	読み一致		コノホオホオハセンキュウキョオカイガミトメテエテギョオカイデモヒロクツカワレテエル	コノホオホオハセンキュウキョオカイガミトメテエテギョオカイデモヒロクツカワレテエル	この方法は船級協会が認めていて、業界でも広く使われている。	この方法は船級協会が認めていて、業界でも広く使われている。
ca06-2	読み一致		ソレデモツカウコトヲギムヅケルキマリハギョオカイノドコニモナイ	ソレデモツカウコトヲギムヅケルキマリハギョオカイノドコニモナイ	それでも、使うことを義務づける決まりは、業界のどこにも無い。	それでも使うことを義務付ける決まりは業界のどこにもない
ca07-1	読み一致		ハシノオエノサギョオインニツイテハドオロコオジノアンゼンキカクヲツクッテエルダンタイニ	ハシノオエノサギョオインニツイテハドオロコオジノアンゼンキカクヲツクッテエルダンタイニ	橋の上の作業員については、道路工事の安全規格を作っている団体に、	橋の上の作業員については、道路工事の安全規格を作っている団体に
ca07-2	読み一致		キンキュウノレンラクシュダンヲキカクニイレルコトヲモトメタ	キンキュウノレンラクシュダンヲキカクニイレルコトヲモトメタ	緊急の連絡手段を規格に入れることを求めた。	緊急の連絡手段を規格に入れることを求めた。
ca08-1	読み一致		フネノジョオイントミズサキジンニハエンガンケエビタイヘキンキュウヲツタエルムセンノミチガアル	フネノジョオイントミズサキジンニハエンガンケエビタイヘキンキュウヲツタエルムセンノミチガアル	船の乗員と水先人には、沿岸警備隊へ緊急を伝える無線の道がある。	船の乗員と水先人には沿岸警備隊へ緊急を伝える無線の道がある。
ca08-2	読み一致		ハシノオエデハタラクヒトニハソレガナイ	ハシノオエデハタラクヒトニハソレガナイ	橋の上で働く人には、それがない。	橋の上で働く人にはそれがない。
ca08-3	読み一致		ハシノオエニハソノミチガナカッタ	ハシノオエニハソノミチガナカッタ	橋の上には、その道が無かった	橋の上にはその道がなかった。
ca09-1	読み一致		クルマノガワニモカンコクガデタシキイチヲコエテエルハシ	クルマノガワニモカンコクガデタシキイチヲコエテエルハシ	車の側にも勧告が出た。しきい値を超えている橋、	車の側にも勧告が出た。しきい値を超えている橋
ca09-2	読み一致		アルイハマダケエサンシテエナイハシノモチヌシニケエホオソオチノケントオヲモトメテエル	アルイハマダケエサンシテエナイハシノモチヌシニケエホオソオチノケントオヲモトメテエル	あるいはまだ計算していない橋の持ち主に、警報装置の検討を求めている。	あるいはまだ計算していない橋の持ち主に警報装置の検討を求めている。
ca10-1	読み一致		ソノアテサキニハノドオロカンリシャノナマエガナランデエル	ソノアテサキニハノドオロカンリシャノナマエガナランデエル	その宛先には、20の道路管理者の名前が並んでいる。	その宛先には二十の道路管理者の名前が並んでいる。
ca10-2	読み一致		ゴオルデンゲエトキョオノカンリシャモマキナックキョオノカンリシャモハイッテエル	ゴオルデンゲエトキョオノカンリシャモマキナックキョオノカンリシャモハイッテエル	ゴールデンゲート橋の管理者も、マキナック橋の管理者も、入っている。	ゴールデンゲート橋の管理者もマキナック橋の管理者も入っている。
ca11-1	読み一致		モオツテエデンチュウモトマラナイコトキカンシツトフナバシノツウワガノコルコト	モオヒトツテエデンチュウモトマラナイコトキカンシツトフナバシノツウワガノコルコト	もう1つ。停電中も止まらないこと、機関室と船橋の通話が残ること、	もう一つ、停電中も止まらないこと。機関室と船橋の通話が残ること
ca11-2	読みが違う	ロク→ト	マイクヲベツベツニロクレルコトコオカイデエタキロクソオチヘノカンコクデアル	マイクヲベツベツニトレルコトコオカイデエタキロクソオチヘノカンコクデアル	マイクを別々に録れること。航海データ記録装置への勧告である。	マイクを別々に取れること。公開データ記録装置への勧告である。
ca12-1	読み一致		スイテエゲンインハホンノシンゴオセンノユルミダッタ	スイテエゲンインハホンノシンゴオセンノユルミダッタ	推定原因は、一本の信号線の緩みだった。	推定原因は一本の信号線の緩みだった。
ca12-2	読みが違う	キヨ→ユウ	キヨヨオインハツハシニチカスギタコトハシノガワニソナエガナカッタコト	ユウヨオインハミッツハシニチカスギタコトハシノガワニソナエガナカッタコト	寄与要因は3つ。橋に近すぎたこと。橋の側に備えが無かったこと。	有用因は三つ。橋に近すぎたこと、橋の側に備えがなかったこと
ca12-3	読み一致		ソシテハシノオエノサギョオインニシラセルシュダンガナカッタコト	ソシテハシノオエノサギョオインニシラセルシュダンガナカッタコト	そして、橋の上の作業員に知らせる手段が無かったこと。	そして橋の上の作業員に知らせる手段がなかったこと。
ep01-1	読み一致		サイゴノヒトツヲホオコクショノコトバドオリニヨム	サイゴノヒトツヲホオコクショノコトバドオリニヨム	最後の一つを、報告書の言葉どおりに読む。	最後の一つを報告書の言葉通りに読む。
ep01-2	読み一致		ハシノオエノサギョオインニタイヒヲシラセルジッコオテキデソクジノレンラクシュダンガナカッタコト	ハシノオエノサギョオインニタイヒヲシラセルジッコオテキデソクジノレンラクシュダンガナカッタコト	橋の上の作業員に退避を知らせる、実効的で即時の連絡手段が無かったこと。	橋の上の作業員に退避を知らせる、実効的で即時の連絡手段がなかったこと。
ep02-1	読み一致		ジフンビョオニシジガデテジフンビョオニクルマガトマッタ	ジフンビョオニシジガデテジフンビョオニクルマガトマッタ	1時27分53秒に指示が出て、1時28分21秒に車が止まった。	1時27分53秒に指示が出て、1時28分21秒に車が止まった。
ep02-2	読みが違う	アイダ→カン	ソノアイダビョオデアル	ソノカンビョオデアル	そのあいだ、28秒である。	その間28秒である。
ep03-1	読み一致		ホオコクショハコノフウサヲコオヒョオカシテエル	ホオコクショハコノフウサヲコオヒョオカシテエル	報告書は、この封鎖をこう評価している。	報告書はこの封鎖をこう評価している。
ep03-2	読み一致		スバヤイフウサガイノチヲスクッタ	スバヤイフウサガイノチヲスクッタ	素早い封鎖が、命を救った	素早い封鎖が命を救った。
ep04-1	読み一致		オナジジフンビョオニハシノオエヘムカウデンワハカカラナカッタ	オナジジフンビョオニハシノオエヘムカウデンワハカカラナカッタ	同じ1時27分53秒に、橋の上へ向かう電話は掛からなかった。	同じ1時27分53秒に橋の上へ向かう電話はかからなかった。
ep04-2	読み一致		バンゴオハリョオホオノテノナカニアッタ	バンゴオハリョオホオノテノナカニアッタ	番号は、両方の手の中にあった。	番号は両方の手の中にあった。
ep05-1	読み一致		ホオコクショハコオムスンデエルキンキュウノトキニハシカラタイヒサセルタメノ	ホオコクショハコオムスンデエルキンキュウノトキニハシカラタイヒサセルタメノ	報告書はこう結んでいる。緊急のときに橋から退避させるための、	報告書はこう結んでいる。緊急の時に橋から退避させるための
ep05-2	読み一致		ジッコオテキデソクジノレンラクハハシデハタラクヒトノアンゼンニカカセナイ	ジッコオテキデソクジノレンラクハハシデハタラクヒトノアンゼンニカカセナイ	実効的で即時の連絡は、橋で働く人の安全に欠かせない。	実効的で即時の連絡は橋で働く人の安全に欠かせない。
ep06-1	読み一致		ホンノシンゴオセントカカラナカッタホンノデンワ	ホンノシンゴオセントカカラナカッタホンノデンワ	一本の信号線と、掛からなかった一本の電話。	一本の信号線と、かからなかった一本の電話
ep06-2	読み一致		ペエジガサシテエルノハソノツデアル	ペエジガサシテエルノハソノフタツデアル	259ページが指しているのは、その2つである。	二百五十九ページが指しているのはその二つである。
