行	key	val	判定	狙った音	巻き添えの疑い	前の聞取	後の聞取
c305-1	水先人	みずさき人	採用	ミズサキジン		土肥川人はその水域を知っている案内役である。	水崎人はその水域を知っている案内役である。
c213-1	点検員	てんけん員	採用	テンケンイン		弁慶院は橋を歩いて渡っていた。	点検員は橋を歩いて渡っていた。
c208-1	補修班	ほしゅう班	効かなかった	ホシュウハン		州交通局と保守班の会社の契約にはこう書いてある。	州交通局と保守班の会社の契約にはこう書いてある。
c815-1	指針	ししん	効かなかった	シシン	—→タメ／シン→—	二〇〇九年の地震の計算方法には、橋の下を通る船の大きさと速さ	二〇〇九年の試しの計算方法には、橋の下を通る船の大きさと速さ
c427-3	右舷	うげん	採用	ウゲン		一時二十九分九秒、船首の尾栓が十七番橋脚に当たった。	一時二十九分二十九秒、船首の右舷が十七番橋脚に当たった。
c421-2	左舷	さげん	採用	サゲン	ミズサキ→ニシカワ	上級水仙神が三年の怒りを投げよと命じる。	上級。西川人が左舷の錨を投げよと命じる。
c313-3	端子台	たんし台	効かなかった	タンシダイ	タン→ハジ	唐時代は船に数千個あった	端次第は船に数千個あった
c916-2	斜張橋	しゃちょう橋	採用	シャチョオキョオ		全長二マイル。塔から張ったケーブルで桁を吊る七張橋である。	全長二マイル。塔から張ったケーブルで十桁を吊る斜張橋である。
c113-2	防衝工	ぼうしょう工	読みが取れない	ボオショオコオ		十七番と十八番の橋脚を潰れて力を吸うコンクリートと木の防衝構が囲んでいた。	十七番と十八番の橋脚を潰れて力を吸うコンクリートと木の防衝構が囲んでいた。
c312-2	舶用軽油	はくよう軽油	効かなかった	ハクヨオケエユ		この夜燃やしていたのはそのうちの柏葉桂油である。	この夜燃やしていたのはそのうちの柏葉桂油である。
c416-2	主機関	しゅ機関	見送り（もともと正しい）	シュキカン	—→キ	手記感は人が手でかけ直さないと動かない作りである。	機種機関は人が手でかけ直さないと動かない作りである。
c110-2	非冗長	ひじょうちょう	見送り（もともと正しい）	ヒジョオチョオ	—→ル	非冗長、サガネ引き帳ボルト材。サガネでできていて、引っ張られていて	非常庁鋼引っ張る部材。鋼でできていて、引っ張られていて
c110-2	引張部材	ひっぱり部材	採用	ヒッパリブザイ	コオ→ハガネ／—→リ	非冗長、サガネ引き帳ボルト材。サガネでできていて、引っ張られていて	非冗長、鋼引っ張り部材。鋼でできていて、引っ張られていて
c907-2	岸壁	がんぺき	見送り（もともと正しい）	ガンペキ	ガンペキ→イワカベ	岸壁に戻して、住処と残骸を下ろしていく。	岩壁に戻して積み荷と残骸を下ろしていく。
ep05-2	実効的	じっこう的	採用	ジッコオテキ		一方的で即時の連絡は橋で働く人の安全に欠かせない。	実効的で即時の連絡は橋で働く人の安全に欠かせない。
c615-2	寄与要因	きよ要因	効かなかった	キヨヨオイン	ヨオ→シヒ	ヒュー要員に上がったのも、船が橋脚に届いた時の備えの碁場だった	清陽院に上がったのも、船が橋脚に届いた時の備えの側だった。
c815-2	年間の隻数	ねんかんの隻数	効かなかった	ネンカンノセキスウ	キ→—	円環の積数、水路の形などを入れて崩れる見込みを出すものである。	年間のせ数、水路の形などを入れて崩れる見込みを出すものである。
c907-2	積荷	積み荷	採用	ツミニ	ガンペキ→イワカベ	岸壁に戻して、住処と残骸を下ろしていく。	岩壁に戻して積み荷と残骸を下ろしていく。
c819-2	外航船	がいこう船	効かなかった	ガイコオフネ	ソト→ガイ	マイコウ線の衝突に対する備えがなかったことを挙げている。	外交船の衝突に対する備えがなかったことを挙げている。
c901-1	航路	こうろ	効かなかった	コオロ		崩れた鋼とコンクリートは川の底と坑道を塞いだ。	崩れた鋼とコンクリートは川の底と坑道を塞いだ。
c607-2	甲板員	かんぱん員	採用	カンパンイン		選手尾にいたカンパニー一人が逃げる途中で軽い怪我を負っている。	船首にいた甲板員一人が逃げる途中で軽い怪我を負っている。
c316-1	甲板長	かんぱん長	採用	カンパンチョオ	センシュ→タムロモリ	店主には看板町が一人残った。	屯守には甲板長が一人残った。
c410-1	二等航海士	にとう航海士	効かなかった	ニトオコオカイシ		二等航海士と操舵士は聞いていると答えた。	二等航海士と操舵士は「聞いている」と答えた。
c108-1	橋台	きょうだい	採用	キョオダイ		両端の貸し台、土手のそばで橋を受ける台が二基、橋脚が三十六基	両端の橋台、土手のそばで橋を受ける台が二基、橋脚が三十六基
c112-1	崩落の前	ほうらくの前	採用	ホオラクノマエ		風邪薬の前の最後の検査は二千二十三年五月。	崩落の前の最後の検査は2023年5月
c613-2	力の道筋	ちからの道筋	採用	チカラノミチスジ		からの道筋から視点そのものが抜けた	力の道筋から視点そのものが抜けた。
c725-2	覆ったぶん	おおったぶん	採用	オオッタブン		ここをえった分だけ外回りが太くなる	覆った分だけ外回りが太くなる。
c804-2	柱に残った	はしらに残った	採用	ハシラニノコッタ		まひらに残ったのは表面の軽い傷だけである。	柱に残ったのは表面の軽い傷だけである。
c426-2	錨のブレーキ	いかりのブレーキ	採用	イカリノブレエキ		ミカのブレーキが開かなかった。	怒りのブレーキが開かなかった。
c108-1	の側	の がわ	採用	ノガワ	リョ→ド／タン→ハチ	両端の貸し台、土手のそばで橋を受ける台が二基、橋脚が三十六基	道八の橋台。土手の側で橋を受ける台が二基、橋脚が三十六基
pr12-2	259ページ	にひゃくごじゅうきゅうページ	効かなかった	ニヒャクゴジュウキュウペエジ		259ページの報告書だけでたどり	二百五十九ページの報告書だけでたどる
c809-2	35人	サンジュウゴにん	採用	サンジュウゴニン	タ→—	75人が亡くなった。	35人が亡くなっ
c308-2	6600ボルト	ろくせんろっぴゃくボルト	採用	ロクセンロッピャクボルト		Tasmak 六百ボルトの高圧の母線、電気を分ける幹の線につながっている	六千六百ボルトの高圧の母線、電気を分ける幹の線につながっている。
pr01-2	2769メートル	にせんななひゃくろくじゅうきゅうメートル	効かなかった	ニセンナナヒャクロクジュウキュウメエトル		全長二七六九メートルの橋が真ん中から川に落ちた	全長二千七百六十九メートルの橋が真ん中から川に落ちた。
c106-1	34121台	さんまんよんせんひゃくにじゅういち台	採用	サンマンヨンセンニジュウイチダイ		車線は四つ。 2023年の通行は一日当たり341 21台。	車線は四つ。二千二十三年の通行は一日当たり三万四千百二十一台。
c303-1	4679個	よんせんろっぴゃくななじゅうきゅう個	効かなかった	ヨンセンロッピャクナナジュウキュウコ		積んでいたのは四四曲六七九個のコンテナ。重さにして五万五千六百七十一トン。	積んでいたのは四千六百七十九個のコンテナ。重さにして五万五千六百七十一トン
c108-3	径間	けいかん	見送り（もともと正しい）	ケエカン		走路の上の三計観だけが鋼のトラスで組まれていた。	高炉の上の三径間だけが鋼のトラスで組まれていた。
c310-2	操舵ポンプ	そうだポンプ	見送り（もともと正しい）	ソオダポンプ	シュ→ジョオ	主機関の冷却水ポンプ、そしてソーダポンプ三台のうち二台である。	蒸気管の冷却水ポンプ、そしてそうだ、ポンプ三台のうち二台である。
