場面	一致率	送った文	聞こえた文	送信文
pr01-1	0.919	2021年6月24日、午前1時22分ごろ。	2021年6月24日午前1時22分頃。	2021年6月24日、午前1時22分ごろ。
pr01-2	1.000	アメリカ、フロリダ州サーフサイド。マイアミの北にある、	アメリカフロリダ州サーフサイド。マイアミの北にある	アメリカ、フロリダ州サーフサイド。マイアミの北にある、
pr01-3	1.000	大西洋に面した、小さな町である。	大西洋に面した小さな町である。	大西洋に面した、小さな町である。
pr02-1	0.979	海沿いに建つ12階建てのマンションの、およそ半分が、	海沿いに建つ十二階建てのマンションのおよそ半分が	海沿いに建つ12階建てのマンションの、およそ半分が、
pr02-2	1.000	数秒のうちに崩れ落ちた。98人が亡くなっている。	数秒のうちに崩れ落ちた。九十八人が亡くなっている。	数秒のうちに崩れ落ちた。98人が亡くなっている。
pr03-1	1.000	ただし、この崩落には、はっきりしていることがある。	ただし、この崩落にははっきりしていることがある。	ただし、この崩落には、はっきりしていることがある。
pr03-2	1.000	崩れ始めたのは、この夜ではない。	崩れ始めたのはこの夜ではない。	崩れ始めたのは、この夜ではない。
pr04-1	0.939	3週間前、この建物では、ひとつの門が開かなくなっていた。	三週間前、この建物では一つの門が開かなくなっていた。	3週間前、この建物では、ひとつの門が開かなくなっていた。
pr04-2	0.980	下に沈んだ量は、1.2センチほど。それが、最初の合図である。	下に沈んだ量は一点二センチほど。それが最初の合図である。	下に沈んだ量は、いってんにセンチほど。それが、最初の合図である。
pr05-1	1.000	3週間前から数え始めているのは、こちらの都合ではない。	三週間前から数え始めているのはこちらの都合ではない。	3週間前から数え始めているのは、こちらの都合ではない。
pr05-2	1.000	5年をかけて調べた、アメリカの国の調査団である。	五年をかけて調べたアメリカの国の調査団である。	5年をかけて調べた、アメリカの国の調査団である。
pr07-1	1.000	崩れたのは、建物の東側と、中央だった。	崩れたのは建物の東側と中央だった。	崩れたのは、建物の東側と、中央だった。
pr07-2	1.000	生きて助け出されたのは4人と報じられ、うち1人は病院で亡くなっている。	生きて助け出されたのは四人と報じられ、うち一人は病院で亡くなっている。	生きて助け出されたのは4人と報じられ、うち1人は病院で亡くなっている。
pr07-3	1.000	崩れずに残った西側は、その年の7月4日に、爆破で解体されている。	崩れずに残った西側はその年の七月四日に爆破で解体されている。	崩れずに残った西側は、その年の7月4日に、爆破で解体されている。
pr08-1	1.000	調べたのは、アメリカ国立標準技術研究所。NIST という。	調べたのはアメリカ国立標準技術研究所NISTという	調べたのは、アメリカ国立標準技術研究所。ニスト という。
pr08-2	0.955	国が調査団を送る法律にもとづく調査で、結果の公表は、2026年6月22日。	国が調査団を送る法律に基づく調査で、結果の公表は2026年6月22日。	国が調査団を送る法律にもとづく調査で、結果の公表は、2026年6月22日。
pr08-3	0.947	事故から5年後である。ただし、最終的な報告書は、いまも出ていない。	事故から五年後である。ただし、最終的な報告書は今も出ていない。	事故から5年後である。ただし、最終的な報告書は、いまも出ていない。
pr10-1	1.000	公表されたのは、技術的な知見と呼ばれる、途中の結論だけである。	公表されたのは技術的な知見と呼ばれる途中の結論だけである。	公表されたのは、技術的な知見と呼ばれる、途中の結論だけである。
pr10-2	0.945	そしてその知見のなかで、目撃の記録は、あの門から始まっている。	そしてその知見の中で、目撃の記録はあの門から始まっている。	そしてその知見のなかで、目撃の記録は、あの門から始まっている。
c101-1	0.955	先に、建物の形を見ておく。NIST が作った模型に、	先に建物の形を見ておく。NISTは作った模型に	先に、建物の形を見ておく。ニスト が作った模型に、
c101-2	0.962	寸法が書き込まれている。12階建て、高さは33.8メートル。	寸法が書き込まれている。十二階建て、高さは三十三点八メートル	寸法が書き込まれている。12階建て、高さは33.8メートル。
c102-1	0.982	平面はL字の形で、辺の長さは45.7メートルと、61メートル。	平面はL字の形で、辺の長さは四十五点七メートルと六十一メートル。	平面はL字の形で、辺の長さは45.7メートルと、61メートル。
c102-2	0.963	竣工したのは1981年で、崩れたのは、その40年後にあたる。	竣工したのは1981年で、崩れたのはその40年後に当たる	竣工したのは1981年で、崩れたのは、その40年後にあたる。
c103-1	1.000	ここで覚えておいてほしいのは、建物そのものではない。	ここで覚えておいてほしいのは、建物そのものではない。	ここで覚えておいてほしいのは、建物そのものではない。
c103-2	0.919	建物の南側に広がる、平らな床のほうである。	建物の南側に広がる平らな床の方である。	建物の南側に広がる、平らなゆかのほうである。
c104-1	1.000	プールと、その周りのタイル張りの床。	プールとその周りのタイル張りの床	プールと、その周りのタイル張りのゆか。
c104-2	0.958	あの平らな面は、地面の上に載っていたのではなかった。	あの平らな面は地面の上に乗っていたのではなかった。	あの平らな面は、地面の うえに載っていたのではなかった。
c105-1	1.000	下は、地下駐車場である。プールサイドを歩く人の足の下は、	下は地下駐車場である。プールサイドを歩く人の足の下は	下は、地下駐車場である。プールサイドを歩く人の足の下は、
c105-2	0.909	コンクリートの板を一枚はさんで、車の停まっている空間だった。	コンクリートの板を一枚挟んで車の止まっている空間だった	コンクリートの板を一枚はさんで、車の停まっている空間だった。
c106-1	0.800	このつくり自体は、めずらしいものではない。	この作り自体は珍しいものではない。	このつくり自体は、めずらしいものではない。
c106-2	1.000	土地の狭い海沿いでは、駐車場の屋根を庭として使うのは、	土地の狭い海沿いでは、駐車場の屋根を庭として使うのは	土地の狭い海沿いでは、駐車場の屋根を庭として使うのは、
c106-3	0.783	ごくふつうのやり方である。	ごく普通のやり方である。	ごくふつうのやり方である。
c107-1	1.000	平らな床と、その下の駐車場と、住んでいた建物本体。	平らな床とその下の駐車場と住んでいた建物本体	平らなゆかと、その下の駐車場と、住んでいた建物本体。
c107-2	1.000	この3つがどうつながっていたかが、これから起きることの全部になる。	この三つがどうつながっていたかが、これから起きることの全部になる。	この3つがどうつながっていたかが、これから起きることの全部になる。
c108-1	0.919	話を、2021年の5月の終わりごろに戻す。	話を2021年の5月の終わり頃に戻す。	話を、2021年の5月の終わりごろに戻す。
c108-2	0.897	このときは、まだ何も起きていない。	この時はまだ何も起きていない	このときは、まだ何も起きていない。
c109-1	0.917	プールデッキと、街路側の駐車場のあいだには、門があった。	プールデッキと街路側の駐車場の間には門があった	プールデッキと、街路側の駐車場のあいだには、門があった。
c109-2	0.863	NIST は、その門を、目撃した人の話から描き起こしている。	ニストはその門を目撃した人の話から描き起こしている	ニスト は、その門を、目撃した人の話から描き起こしている。
c110-1	0.941	1か月前の状態には、こう書かれている。	一ヶ月前の状態にはこう書かれている	1か月前の状態には、こう書かれている。
c110-2	0.828	見た目も、位置合わせも、正常。ふつうに開いて、ふつうに閉まる門である。	見た目も位置合わせも正常。普通に開いて普通に閉まる門である。	見た目も、位置合わせも、正常。ふつうに開いて、ふつうに閉まる門である。
c111-1	0.880	次の段は、3週間前。日付でいうと、6月のはじめごろにあたる。	次の段は三週間前、日付でいうと六月の初め頃にあたる	次の段は、3週間前。日付でいうと、6月のはじめごろにあたる。
c111-2	0.824	同じ門が、こうなる。	同じもんがこうなる。	同じ門が、こうなる。
c112-1	1.000	下にずれた量は、2分の1インチに満たないと書かれている。	下にずれた量は二分の一インチに満たないと書かれている	下にずれた量は、2分の1インチに満たないと書かれている。
c112-2	0.978	センチに直すと、1.2センチほど。それだけのずれで、	センチに直すと一点二センチほど。それだけのずれで	センチに直すと、いってんにセンチほど。それだけのずれで、
c112-3	1.000	門が開かなくなった	門が開かなくなった。	門が開かなくなった
c113-1	1.000	扉というのは、枠との隙間が数ミリで作られている。	扉というのは枠との隙間が数ミリで作られている	扉というのは、枠との隙間が数ミリで作られている。
c113-2	1.000	支えている側が1センチ下がれば、それだけで動かなくなる。	支えている側が一センチ下がればそれだけで動かなくなる。	支えている側が1センチ下がれば、それだけで動かなくなる。
c114-1	0.936	逆にいえば、1.2センチは、人が見て気づく量ではない。	逆に言えば、一点二センチは人が見て気づく量ではない。	逆にいえば、いってんにセンチは、人が見て気づく量ではない。
c114-2	0.914	気づけるのは、人ではなく、扉のほうだった。	気づけるのは人ではなく扉の方だった。	気づけるのは、人ではなく、扉のほうだった。
c115-1	0.850	このとき、もうひとつ見つかっていたものがある。	この時もう一つ見つかっていたものがある。	このとき、もうひとつ見つかっていたものがある。
c115-2	1.000	プールデッキに置かれていた、プランターの傷みである。	プールデッキに置かれていたプランターの傷みである。	プールデッキに置かれていた、プランターの傷みである。
c116-1	1.000	場所は、Kと13.1という記号で呼ばれる柱のそば。	場所はKと13.1という記号で呼ばれる柱のそば。	場所は、Kと13.1という記号で呼ばれる柱のそば。
c116-2	0.947	記号のまま呼ぶのは、この柱が、あとでもう一度出てくるからである。	記号のまま呼ぶのは、この柱が後でもう一度出てくるからである。	記号のまま呼ぶのは、この柱が、あとでもう一度出てくるからである。
c117-1	1.000	3週間前の時点として、NIST がまとめに挙げているのは、この2つである。	三週間前の時点として、NISTがまとめに挙げているのはこの二つである。	3週間前の時点として、ニスト がまとめに挙げているのは、この2つである。
c117-2	1.000	ひび割れたプランターと、開かなくなった門である。	ひび割れたプランターと開かなくなった門である。	ひび割れたプランターと、開かなくなった門である。
c118-1	1.000	どちらも、建物が壊れかけている印には見えない。	どちらも建物が壊れかけている印には見えない。	どちらも、建物が壊れかけている印には見えない。
c118-2	1.000	業者を呼んで直せば済む話に見える。	業者を呼んで直せば済む話に見える。	業者を呼んで直せば済む話に見える。
c119-1	1.000	実際、そう受け取られた。門は直された。	実際そう受け取られた。門は直された	実際、そう受け取られた。門は直された。
c119-2	0.933	直したあとの様子まで、NIST の記録に残っている。	直した後の様子までNISTの記録に残っている。	直したあとの様子まで、ニスト の記録に残っている。
c120-1	0.895	そして1週間前。6月17日ごろのことである。	そして一週間前、六月十七日頃のことである。	そして1週間前。6月17日ごろのことである。
c120-2	1.000	直したはずのその門を、もう一度、見ることになる。	直したはずのその門をもう一度見ることになる。	直したはずのその門を、もう一度、見ることになる。
c121-1	0.800	NIST の描き起こしには、3段目がある。	ニストの描き起こしには三段目がある。	ニスト の描き起こしには、3段目がある。
c121-2	1.000	門の脇に描かれた矢印が、また下を向いている。	門の脇に描かれた矢印がまた下を向いている。	もんの脇に描かれた矢印が、また下を向いている。
c122-1	1.000	ずれた量は、2分の1インチ足らずから、およそ1インチへ。	ずれた量は二分の一インチ足らずからおよそ一インチへ。	ずれた量は、2分の1 インチ足らずから、およそ1 インチへ。
c122-2	0.957	1.2センチだったものが、2.5センチになっている。	一点二センチだったものが二点五センチになっている	いってんにセンチだったものが、2.5センチになっている。
c123-1	1.000	2週間で、倍である。	2週間で倍である	2週間で、倍である。
c123-2	0.807	しかもこの2.5センチは、いちど直したあとに測られた数字だった。	しかもこの二点五センチは一度治した後に測られた数字だった。	しかもこの2.5センチは、いちど直したあとに測られた数字だった。
c124-1	1.000	つまり、門がずれていたのではない。	つまり門がずれていたのではない。	つまり、門がずれていたのではない。
c124-2	0.923	門を載せている床のほうが、下がり続けていた。	門を載せている床の方が下がり続けていた。	もんを載せているゆかのほうが、下がり続けていた。
c125-1	0.757	直せば、いったんは戻る。戻ったあと、また下がる。	直せば一旦は戻る。戻った後また下がる。	直せば、いったんは戻る。戻ったあと、また下がる。
c125-2	0.884	下がっていく速さのほうが、直す速さより速かった。	下がっていく速さの方が治す速さより速かった	下がっていく速さのほうが、直す速さより速かった。
c126-1	0.735	NIST が3段目に書き添えた言葉は、ひとことだけである。	ニストが三段目に書き添えた言葉は一言だけである。	ニスト が3段目に書き添えた言葉は、ひとことだけである。
c126-2	0.880	修理のあと、約1インチ沈んだ	修理の後、約1インチ沈んだ	修理のあと、約1インチ沈んだ
c127-1	0.943	この1週間前には、駐車場のなかでも、あることが見られている。	この一週間前には駐車場の中でもあることが見られている。	この1週間前には、駐車場のなかでも、あることが見られている。
c127-2	0.947	建物の下、車が停まっている、あの空間である。	建物の下、車が止まっているあの空間である。	建物の下、車が停まっている、あの空間である。
c128-1	1.000	見えていたのは、水だった。	見えていたのは水だった。	見えていたのは、水だった。
c128-2	1.000	といっても、天井から滴り落ちてくる水ではない。	といっても天井から滴り落ちてくる水ではない。	といっても、天井から滴り落ちてくる水ではない。
c129-1	1.000	水は、柱に沿って、上から下へ流れていた。	水は柱に沿って上から下へ流れていた。	水は、柱に沿って、上から下へ流れていた。
c129-2	1.000	柱を伝って落ちてくる、という見え方である。	柱を伝って落ちてくるという見え方である。	柱を伝って落ちてくる、という見え方である。
c130-1	1.000	水が柱を伝うということは、天井と柱のつなぎ目に、	水が柱を伝うということは、天井と柱のつなぎ目に	水が柱を伝うということは、天井と柱のつなぎ目に、
c130-2	0.952	水の通る隙間が開いている、ということでもある。	水の通る隙間が空いているということでもある。	水の通る隙間が開いている、ということでもある。
c131-1	0.846	NIST は、1週間前に見えていたことを、こう要約している。	nistは一週間前に見えていたことをこう要約している。	ニスト は、1週間前に見えていたことを、こう要約している。
c131-2	1.000	柱を伝って水が流れ落ちた。	柱を伝って水が流れ落ちた。	柱を伝って水が流れ落ちた。
c201-1	0.800	ここから、NIST の数え方が変わる。	ここから日止の数え方が変わる。	ここから、ニスト の数え方が変わる。
c201-2	1.000	それまで週の単位だったものが、時間の単位になる。	それまで週の単位だったものが時間の単位になる。	それまで週の単位だったものが、時間の単位になる。
c202-1	0.970	次に記録が残っているのは、17時間前。	次に記録が残っているのは十七時間前。	次に記録が残っているのは、17時間前。
c202-2	0.964	2021年6月23日の、朝である。崩落した日の、前の日にあたる。	2021年6月23日の朝である。崩落した日の前の日に当たる。	2021年6月23日の、朝である。崩落した日の、前の日にあたる。
c203-1	1.000	場所は、プールデッキの床の上。	場所はプールデッキの床の上。	場所は、プールデッキのゆかの上。
c203-2	0.800	人がふつうに歩く、タイル張りの面のほうである。	人が普通に歩くタイル張りの面の方である。	人がふつうに歩く、タイル張りの面のほうである。
c204-1	1.000	この日の朝、そこを歩いた人がいた。	この日の朝、そこを歩いた人がいた。	この日の朝、そこを歩いた人がいた。
c204-2	0.957	そして、足元に、それまで無かったものを見つけている。	そして足元にそれまでなかったものを見つけている。	そして、足元に、それまで無かったものを見つけている。
c205-1	0.811	NIST は、その人から直接、話を聞いている。	ニストはその人から直接話を聞いている	ニスト は、その人から直接、話を聞いている。
c205-2	0.952	資料に残っているのは、聞き取りのときに描かれた図と、手書きの文である。	資料に残っているのは聞き取りの時に描かれた図と手書きの文である。	資料に残っているのは、聞き取りのときに描かれた図と、手書きの文である。
c206-1	0.933	清書された報告書の文章ではない。	聖書された報告書の文章ではない。	清書された報告書の文章ではない。
c206-2	0.939	話しながら、その場で紙に書かれた、走り書きのほうである。	話しながら、その場で紙に書かれた走り書きの方である。	話しながら、その場で紙に書かれた、走り書きのほうである。
c207-1	0.889	書き込まれている場所は、13.1とKの交わるあたり。	書き込まれている場所は十三点一とKの交わる辺り。	書き込まれている場所は、13.1とKの交わるあたり。
c207-2	1.000	3週間前にプランターが割れていた、あの近くである。	三週間前にプランターが割れていたあの近くである。	3週間前にプランターが割れていた、あの近くである。
c208-1	1.000	3週間前に異変が見えたところと、ほとんど同じ場所だった。	三週間前に異変が見えたところとほとんど同じ場所だった。	3週間前に異変が見えたところと、ほとんど同じ場所だった。
c208-2	1.000	同じ一点が、3週間、動き続けていたことになる。	同じ一点が三週間動き続けていたことになる	同じ一点が、3週間、動き続けていたことになる。
c209-1	0.941	その図には、記号が2種類ふられている。	その図には記号が二種類振られている。	その図には、記号が2種類ふられている。
c209-2	0.913	プールデッキの排水口と、プランターの排水口である。	プールデッキの排水溝とプランターの排水溝である。	プールデッキの排水口と、プランターの排水口である。
c210-1	1.000	水がどこへ抜けていくか。	水がどこへ抜けていくか	水がどこへ抜けていくか。
c210-2	0.958	聞き取りの図に描き込まれるくらい、水は話に出ていた。	引き取りの図に描き込まれるくらい水は話に出ていた。	聞き取りの図に描き込まれるくらい、水は話に出ていた。
c211-1	1.000	手書きの文は、日付から始まっている。	手書きの文は日付から始まっている	手書きの文は、日付から始まっている。
c211-2	1.000	6月23日の朝、と書いてある。	六月二十三日の朝と書いてある	6月23日の朝、と書いてある。
c212-1	1.000	続きは、こうである。	続きはこうである。	続きは、こうである。
c212-2	0.923	床のあたりに、あるものがあるのに気がついた。	床の辺りにあるものがあるのに気がついた。	ゆかのあたりに、あるものがあるのに気がついた。
c213-1	1.000	気がついたのは、ひび割れではない。	気がついたのはひび割れではない。	気がついたのは、ひび割れではない。
c213-2	1.000	汚れでも、たわみでも、水たまりでもなかった。	汚れでもたわみでも水たまりでもなかった。	汚れでも、たわみでも、水たまりでもなかった。
c214-1	1.000	隙間だった。しかも、その幅まで書き込まれている。	隙間だった。しかもその幅まで書き込まれている。	隙間だった。しかも、その幅まで書き込まれている。
c214-2	1.000	床に、4インチの隙間	床に四インチの隙間	ゆかに、4インチの隙間
c215-1	0.933	4インチは、およそ10センチである。	四インチはおよそ十センチである。	4インチは、およそ10センチである。
c215-2	1.000	手のひらを縦にして、そのまま差し込める幅にあたる。	手のひらを縦にしてそのまま差し込める幅にあたる	手のひらを縦にして、そのまま差し込める幅にあたる。
c216-1	1.000	床が割れていた、という話ではない。	床が割れていたという話ではない。	ゆかが割れていた、という話ではない。
c216-2	0.878	床が、10センチぶん、離れていたということである。	床が十センチ分離れていたということである。	ゆかが、10センチぶん、離れていたということである。
c217-1	1.000	この時点で、崩落までは、まだ17時間ある。	この時点で崩落まではまだ17時間ある。	この時点で、崩落までは、まだ17時間ある。
c217-2	0.870	まる一日近くが、残っている。	丸一日近くが残っている。	まる一日近くが、残っている。
c218-1	1.000	次に記録が残るのは、9時間前である。	次に記録が残るのは九時間前である。	次に記録が残るのは、9時間前である。
c218-2	1.000	6月23日の、夕方から夜にかけてのあたり。	6月23日の夕方から夜にかけてのあたり	6月23日の、夕方から夜にかけてのあたり。
c219-1	1.000	ここで、場所が変わる。プールデッキの上ではない。	ここで場所が変わる。プールデッキの上ではない。	ここで、場所が変わる。プールデッキの上ではない。
c219-2	0.872	その下、車が停まっている駐車場のなかである。	その下、車が止まっている駐車場の中である。	その下、車が停まっている駐車場のなかである。
c220-1	1.000	資料に残っているのは、駐車場の区画を描いた図で、	資料に残っているのは駐車場の区画を描いた図で	資料に残っているのは、駐車場の区画を描いた図で、
c220-2	0.828	ひとつずつに番号がふられている。	一つずつに番号が振られている。	ひとつずつに番号がふられている。
c221-1	1.000	その図の上に、付箋のような書き込みがある。	その図の上に付箋のような書き込みがある。	その図の上に、付箋のような書き込みがある。
c221-2	0.923	これも、聞き取りのときに足されたものである。	これも聞き取りの時に足されたものである。	これも、聞き取りのときに足されたものである。
c222-1	1.000	書かれているのは、天井から水が漏れていた、ということ。	書かれているのは天井から水が漏れていたということ。	書かれているのは、天井から水が漏れていた、ということ。
c222-2	0.867	それだけなら、めずらしい話ではない。	それだけなら珍しい話ではない。	それだけなら、めずらしい話ではない。
c223-1	1.000	地下の駐車場で水が漏れるのは、よくあることである。	地下の駐車場で水が漏れるのはよくあることである。	地下の駐車場で水が漏れるのは、よくあることである。
c223-2	1.000	上にプールがあり、配管も通っていれば、なおさらである。	上にプールがあり、配管も通っていればなおさらである。	上にプールがあり、配管も通っていれば、なおさらである。
c224-1	1.000	だからその人は、わざわざ否定を書き足している。	だからその人はわざわざ否定を書き足している。	だからその人は、わざわざ否定を書き足している。
c224-2	1.000	配管ではない、と。	配管ではないと	配管ではない、と。
c225-1	1.000	そして、割れの深さまで書いてある。4分の1インチ。	そして割れの深さまで書いてある四分の一インチ	そして、割れの深さまで書いてある。4分の1インチ。
c225-2	1.000	配管ではない。天井からの漏れ	配管ではない天井からの漏れ	配管ではない。天井からの漏れ
c226-1	1.000	4分の1インチは、およそ6ミリである。	四分の一インチはおよそ六ミリである。	4分の1インチは、およそ6ミリである。
c226-2	1.000	天井、つまりプールデッキの裏側に、6ミリの深さの割れがあった。	天井、つまりプールデッキの裏側に六ミリの深さの割れがあった。	天井、つまりプールデッキの裏側に、6ミリの深さの割れがあった。
c227-1	1.000	記録は、3時間前にも残っている。	記録は三時間前にも残っている。	記録は、3時間前にも残っている。
c227-2	0.920	6月23日の、夜10時すぎにあたる。日付が変わる前である。	六月二十三日の夜十時過ぎにあたる日付が変わる前である。	6月23日の、夜10時すぎにあたる。日付が変わる前である。
c228-1	0.844	そしてここから、NIST の刻みは、さらに細かくなる。	そしてここからニストの刻みはさらに細かくなる。	そしてここから、ニスト の刻みは、さらに細かくなる。
c228-2	1.000	9分前、6分から7分前、5分から6分前、4分から5分前。分の単位になる。	九分前、六分から七分前、五分から六分前、四分から五分前。分の単位になる。	9分前、6分から7分前、5分から6分前、4分から5分前。ふんの単位になる。
c229-1	0.927	9分前の駐車場のなかは、模型に起こされている。	九分前の駐車場の中は模型に起こされている。	9分前の駐車場のなかは、模型に起こされている。
c229-2	0.875	車が並び、そのあいだに柱が立っている。	車が並び、その間に柱が立っている。	車が並び、そのあいだに柱が立っている。
c230-1	1.000	6分から7分前になると、図の中身が変わる。	六分から七分前になると図の中身が変わる。	6分から7分前になると、図の中身が変わる。
c230-2	1.000	床のたわみが、深さごとに色で分けられている。	床のたわみが深さごとに色で分けられている。	ゆかのたわみが、深さごとに色で分けられている。
c231-1	1.000	北へ行くほど、深く沈んでいた。	北へ行くほど深く沈んでいた	北へ行くほど、深く沈んでいた。
c231-2	1.000	平らだったはずの床が、浅い皿のような形になっている。	平らだったはずの床が浅い皿のような形になっている。	平らだったはずのゆかが、浅い皿のような形になっている。
c232-1	0.939	このあとの数分に何が起きたかは、映像として残っている。	この後の数分に何が起きたかは映像として残っている。	このあとの数分に何が起きたかは、映像として残っている。
c232-2	1.000	ただし、その映像を、ここでは出さない。	ただし、その映像をここでは出さない。	ただし、その映像を、ここでは出さない。
c301-1	0.952	ここまで見てきた沈み方には、名前が付いている。	ここまで見てきた沈み方には名前がついている。	ここまで見てきた沈み方には、名前が付いている。
c301-2	1.000	パンチング・シア破壊という。	パンチングシア破壊という	パンチング・シア破壊という。
c302-1	1.000	日本語では、押し抜きせん断と呼ばれる。	日本語では押し抜き、せん断と呼ばれる	日本語では、押し抜きせん断と呼ばれる。
c302-2	1.000	起きる場所は、柱と、床の板とのつなぎ目である。	起きる場所は柱と床の板とのつなぎ目である。	起きる場所は、柱と、ゆかの板とのつなぎ目である。
c303-1	1.000	床の板のことを、スラブという。	床の板のことをスラブという。	ゆかの板のことを、スラブという。
c303-2	1.000	鉄筋を入れて固めた、コンクリートの平らな板のことである。	鉄筋を入れて固めたコンクリートの平らな板のことである。	鉄筋を入れて固めた、コンクリートの平らな板のことである。
c304-1	1.000	スラブは、柱の上に置かれているのではない。	スラブは柱の上に置かれているのではない。	スラブは、柱の上に置かれているのではない。
c304-2	1.000	柱と一体に打たれていて、柱につながっている。	柱と一体に打たれていて、柱につながっている	柱と一体に打たれていて、柱につながっている。
c305-1	0.923	そのスラブの上に、重さが載る。	そのスラブの上に重さが乗る	そのスラブの上に、重さが載る。
c305-2	0.947	歩く人、停まっている車、敷かれた土、舗装、植木。	歩く人、止まっている車、敷かれた土、舗装、植木	歩く人、停まっている車、敷かれた土、舗装、植木。
c306-1	0.938	載った重さを、柱が下から受け止める。	乗った重さを柱が下から受け止める	載った重さを、柱が下から受け止める。
c306-2	1.000	ここまでは、どんな建物の床でも同じである。	ここまではどんな建物の床でも同じである。	ここまでは、どんな建物のゆかでも同じである。
c307-1	1.000	違うのは、受け止めている面積である。	違うのは受け止めている面積である。	違うのは、受け止めている面積である。
c307-2	0.930	広い床が、柱の太さのぶんしか、支えに触れていない。	広い床が柱の太さの分しか支えに触れていない。	広いゆかが、柱の太さのぶんしか、支えに触れていない。
c308-1	1.000	だから、広い範囲の重さが、柱の周りだけに集まってくる。	だから広い範囲の重さが柱の周りだけに集まってくる。	だから、広い範囲の重さが、柱の周りだけに集まってくる。
c308-2	1.000	集まった力は、コンクリートを、垂直に切ろうとする。	集まった力はコンクリートを垂直に切ろうとする。	集まった力は、コンクリートを、垂直に切ろうとする。
c309-1	1.000	切れ方には、決まった形がある。	切れ方には決まった形がある。	切れ方には、決まった形がある。
c309-2	1.000	柱を中心にして、すり鉢を伏せたような面で割れていく。	柱を中心にしてすり鉢を伏せたような面で割れていく	柱を中心にして、すり鉢を伏せたような面で割れていく。
c310-1	0.903	割れたあと、床は柱から外れて落ちる。	割れた後、床は柱から外れて落ちる。	割れたあと、ゆかは柱から外れて落ちる。
c310-2	0.927	柱のほうは、床を突き抜けた形で、立ったまま残る。	柱の方は床を突き抜けた形で立ったまま残る	柱のほうは、ゆかを突き抜けた形で、立ったまま残る。
c311-1	1.000	柱が床を突き抜けるようにして壊れる。	柱が床を突き抜けるようにして壊れる。	柱がゆかを突き抜けるようにして壊れる。
c311-2	0.944	だから、押し抜き、という名前が付いている。	だから押し抜きという名前がついている。	だから、押し抜き、という名前が付いている。
c312-1	0.812	この壊れ方には、やっかいな性質がある。	この壊れ方には厄介な性質がある。	この壊れ方には、やっかいな性質がある。
c312-2	0.938	壊れる前に、ほとんど前ぶれが出ない。	壊れる前にほとんど前触れが出ない	壊れる前に、ほとんど前ぶれが出ない。
c313-1	1.000	曲がって壊れる床なら、まず大きくたわむ。	曲がって壊れる床ならまず大きくたわむ。	曲がって壊れるゆかなら、まず大きくたわむ。
c313-2	0.875	見れば分かるし、たわんでいるあいだは、まだ落ちてこない。	見ればわかるし、たわんでいる間はまだ落ちてこない。	見れば分かるし、たわんでいるあいだは、まだ落ちてこない。
c314-1	1.000	押し抜きは、たわみが小さいまま、いきなり割れる。	押し抜きはたわみが小さいままいきなり割れる	押し抜きは、たわみが小さいまま、いきなり割れる。
c314-2	1.000	割れた時点で、その柱はもう床を支えていない。	割れた時点でその柱はもう床を支えていない	割れた時点で、その柱はもうゆかを支えていない。
c315-1	1.000	NIST は、この壊れ方を動く図にして公開している。	NISTはこの壊れ方を動く図にして公開している。	ニスト は、この壊れ方を動く図にして公開している。
c315-2	0.913	力が柱の周りに集まり、ひびが回り込み、そして抜ける。	力が柱の周りに集まり、ヒビが回り込み、そして抜ける。	力が柱の周りに集まり、ひびが回り込み、そして抜ける。
c316-1	0.864	これが、この事故でいちばん最初に起きたことである。	これがこの事故で一番最初に起きたことである。	これが、この事故でいちばん最初に起きたことである。
c316-2	1.000	場所は、プールデッキの下だった。	場所はプールデッキの下だった。	場所は、プールデッキの下だった。
c317-1	1.000	起きた柱の数は、2本。	起きた柱の数は二本。	起きた柱の数は、2本。
c317-2	1.000	何十本と立っている柱のうちの、たった2本である。	何十本と立っている柱のうちのたった二本である。	何十本と立っている柱のうちの、たった2本である。
c318-1	0.877	そして NIST は、それが起きた時期を、崩落の夜には置いていない。	そしてニストはそれが起きた時期を崩落の夜には置いていない。	そして ニスト は、それが起きた時期を、崩落の夜には置いていない。
c318-2	1.000	6月初旬に、2本の柱で起きた	六月初旬に二本の柱で起きた	6月初旬に、2本の柱で起きた
c319-1	0.880	6月のはじめ。ちょうど、あの門が動かなくなったころである。	六月の初め、ちょうどあの門が動かなくなった頃である。	6月のはじめ。ちょうど、あの門が動かなくなったころである。
c319-2	1.000	そこから崩落までは、およそ3週間ある。	そこから崩落まではおよそ三週間ある。	そこから崩落までは、およそ3週間ある。
c320-1	1.000	つまりこの建物は、床と柱のつなぎ目を2か所失ったまま、	つまり、この建物は床と柱のつなぎ目を二か所失ったまま	つまりこの建物は、ゆかと柱のつなぎ目を2か所失ったまま、
c320-2	1.000	3週間、立ち続けていたことになる。	三週間立ち続けていたことになる。	3週間、立ち続けていたことになる。
c321-1	1.000	ここからは、なぜそう言えるのかを見ていく。	ここからはなぜそう言えるのかを見ていく。	ここからは、なぜそう言えるのかを見ていく。
c321-2	0.852	NIST は、この壊れ方を、実物と同じ大きさで作り直している。	nistはこの壊れ方を実物と同じ大きさで作り直している。	ニスト は、この壊れ方を、実物と同じ大きさで作り直している。
c322-1	1.000	場所は、ミネソタ大学の試験場である。	場所はミネソタ大学の試験場である。	場所は、ミネソタ大学の試験場である。
c322-2	1.000	崩れた建物の柱と梁と床を、同じ寸法、同じ配筋で作った。	崩れた建物の柱と梁と床を同じ寸法、同じ配筋で作った	崩れた建物の柱と梁とゆかを、同じ寸法、同じ配筋で作った。
c323-1	1.000	小さな模型では、この壊れ方は正しく出ない。	小さな模型ではこの壊れ方は正しく出ない。	小さな模型では、この壊れ方は正しく出ない。
c323-2	1.000	コンクリートの割れ方は、寸法が変わると変わってしまう。	コンクリートの割れ方は寸法が変わると変わってしまう。	コンクリートの割れ方は、寸法が変わると変わってしまう。
c324-1	1.000	板の上には格子が引かれ、計測器がびっしりと並ぶ。	板の上には格子が引かれ、計測器がびっしりと並ぶ。	板の上には格子が引かれ、計測器がびっしりと並ぶ。
c324-2	1.000	どこがどれだけ動いたかを、余さず記録するためである。	どこがどれだけ動いたかを余さず記録するためである。	どこがどれだけ動いたかを、余さず記録するためである。
c325-1	0.950	使ったコンクリートも、当てずっぽうではない。	使ったコンクリートもあてずっぽうではない。	使ったコンクリートも、当てずっぽうではない。
c325-2	1.000	現場から抜いた実物を試験して、強さを合わせてある。	現場から抜いた実物を試験して強さを合わせてある。	現場から抜いた実物を試験して、強さを合わせてある。
c326-1	0.963	鉄筋も同じである。瓦礫から取り出した鉄筋を実際に引っぱり、	鉄筋も同じである。瓦礫から取り出した鉄筋を実際に引っ張り	鉄筋も同じである。瓦礫から取り出した鉄筋を実際に引っぱり、
c326-2	1.000	どれだけの力で伸び、どこで切れるかを測っている。	どれだけの力で伸び、どこで切れるかを測っている。	どれだけの力で伸び、どこで切れるかを測っている。
c327-1	1.000	そして、載せた。	そして載せた	そして、載せた。
c327-2	0.941	崩落のときにかかっていたと考えられる条件で、押していく。	崩落の時にかかっていたと考えられる条件で押していく	ほうらくのときにかかっていたと考えられる条件で、押していく。
c328-1	0.741	柱の周りに、ひびが入りはじめる。	柱の周りにヒビが入り始める。	柱の周りに、ひびが入りはじめる。
c328-2	0.909	ひびは、板の裏側を回り込むようにして伸びていく。	ヒビは板の裏側を回り込むようにして伸びていく。	ひびは、板の裏側を回り込むようにして伸びていく。
c329-1	0.936	このとき、板の上の面は、まだほとんど平らなままである。	この時、板の上の面はまだほとんど平らなままである。	このとき、板の上の面は、まだほとんど平らなままである。
c329-2	0.894	上から見ているかぎり、何が起きているかは分からない。	上から見ている限り、何が起きているかはわからない。	上から見ているかぎり、何が起きているかは分からない。
c330-1	1.000	壊れていくのは、いつも板の下側である。	壊れていくのはいつも板の下側である。	壊れていくのは、いつも板の下側である。
c330-2	1.000	プールサイドを歩いている人からは、絶対に見えない。	プールサイドを歩いている人からは絶対に見えない。	プールサイドを歩いている人からは、絶対に見えない。
c331-1	1.000	そして、外れる。	そして外れる。	そして、外れる。
c331-2	1.000	板と梁が、柱を残したまま、下へ落ちていく。	板と梁が柱を残したまま下へ落ちていく。	板と梁が、柱を残したまま、下へ落ちていく。
c332-1	1.000	別の試験では、同じ過程を早回しで撮っている。	別の試験では同じ過程を早回しで撮っている。	別の試験では、同じ過程を早回しで撮っている。
c332-2	0.941	ここでは逆に、その映像を遅くして見る。	ここでは逆にその映像を遅くしてみる	ここでは逆に、その映像を遅くして見る。
c333-1	0.818	ひびが入り、それが広がり、	ヒビが入り、それが広がり	ひびが入り、それが広がり、
c333-2	1.000	板が柱から離れていく。	板が柱から離れていく。	板が柱から離れていく。
c334-1	1.000	実際にかかった時間は、これよりずっと短い。	実際にかかった時間はこれよりずっと短い。	実際にかかった時間は、これよりずっと短い。
c334-2	0.875	もとの映像は、全部で6.8秒しかない。	元の映像は全部で六点八秒しかない。	もとの映像は、全部で6.8秒しかない。
c335-1	1.000	実物と同じ大きさで作り直しても、同じように壊れた。	実物と同じ大きさで作り直しても同じように壊れた。	実物と同じ大きさで作り直しても、同じように壊れた。
c335-2	1.000	筋書きは、計算だけでなく、実験でも確かめられている。	筋書きは計算だけでなく実験でも確かめられている。	筋書きは、計算だけでなく、実験でも確かめられている。
c336-1	0.941	ここまでで、何が起きたのかは分かった。	ここまでで何が起きたのかはわかった。	ここまでで、何が起きたのかは分かった。
c336-2	1.000	残っているのは、なぜ、その2本だったのか、である。	残っているのはなぜその二本だったのかである。	残っているのは、なぜ、その2本だったのか、である。
c401-1	1.000	NIST は、つなぎ目が壊れた理由として、5つを挙げている。	NISTはつなぎ目が壊れた理由として五つを挙げている。	ニスト は、つなぎ目が壊れた理由として、5つを挙げている。
c401-2	1.000	ただし、その5つを、同じ重さでは扱っていない。	ただし、その五つを同じ重さでは扱っていない。	ただし、その5つを、同じ重さでは扱っていない。
c402-1	1.000	図をよく見ると、下に括弧が引いてある。	図をよく見ると下に括弧が引いてある	図をよく見ると、下に括弧が引いてある。
c402-2	1.000	括弧に入っているのは、5つのうち、左の2つだけである。	括弧に入っているのは五つのうち左の二つだけである。	括弧に入っているのは、5つのうち、左の2つだけである。
c403-1	0.914	ひとつは、設計そのものの、耐える力の不足。	一つは設計そのものの耐える力の不足。	ひとつは、設計そのものの、耐える力の不足。
c403-2	0.936	もうひとつは、実際の施工が、設計図から外れていたこと。	もう一つは、実際の施工が設計図から外れていたこと。	もうひとつは、実際の施工が、設計図から外れていたこと。
c404-1	0.800	NIST は、この調査の問いを、こう立てている。	nistはこの調査の問いをこう立てている。	ニスト は、この調査の問いを、こう立てている。
c404-2	0.950	なぜ、建てて40年たったその日に、崩れたのか。	なぜ建てて40年経ったその日に崩れたのか。	なぜ、建てて40年たったその日に、崩れたのか。
c405-1	1.000	その答えの片方が、この図である。	その答えの片方がこの図である。	その答えの片方が、この図である。
c405-2	1.000	プールデッキと、街路側の駐車場の、床を上から見た地図。	プールデッキと街路側の駐車場の床を上から見た地図	プールデッキと、街路側の駐車場の、ゆかを上から見た地図。
c406-1	0.966	印が付いているのは、当時の基準を満たしていなかった場所である。	印がついているのは当時の基準を満たしていなかった場所である。	印が付いているのは、当時の基準を満たしていなかった場所である。
c406-2	1.000	赤が、重い不足。黄が、中くらいの不足。	赤が重い不足、黄が中くらいの不足	赤が、重い不足。黄が、中くらいの不足。
c407-1	0.815	印は、1か所や2か所ではない。	目印は一箇所や二箇所ではない。	印は、1か所や2か所ではない。
c407-2	1.000	床のほぼ全体に、散らばるように並んでいる。	床のほぼ全体に散らばるように並んでいる	ゆかのほぼ全体に、散らばるように並んでいる。
c408-1	0.930	弱いつなぎ目が、たまたまひとつあったのではない。	弱いつなぎ目がたまたま一つあったのではない。	弱いつなぎ目が、たまたまひとつあったのではない。
c408-2	1.000	建てた時点から、広い範囲で、足りていなかった。	建てた時点から広い範囲で足りていなかった。	建てた時点から、広い範囲で、足りていなかった。
c409-1	1.000	ここからは、計算ではなく実物である。	ここからは計算ではなく実物である	ここからは、計算ではなく実物である。
c409-2	0.903	瓦礫のなかから回収された、床の断面。	瓦礫の中から回収された床の断面	がれきのなかから回収された、ゆかの断面。
c410-1	0.936	黄色い線が、2本引かれている。上の線が、図面どおりなら	黄色い線が二本引かれている。上の線が図面通りなら	黄色い線が、2本引かれている。上の線が、図面どおりなら
c410-2	1.000	鉄筋があるはずの深さ。下の線が、実際に鉄筋のあった深さである。	鉄筋があるはずの深さ。下の線が実際に鉄筋のあった深さである。	鉄筋があるはずの深さ。下の線が、実際に鉄筋のあった深さである。
c411-1	0.962	鉄筋の上に載っているコンクリートの厚みを、かぶりという。	鉄筋の上に乗っているコンクリートの厚みをかぶりという。	鉄筋の上に載っているコンクリートの厚みを、かぶりという。
c411-2	0.939	鉄筋を錆から守るために、わざと付けてある厚みである。	鉄筋を錆びから守るためにわざとつけてある厚みである。	鉄筋を錆から守るために、わざと付けてある厚みである。
c412-1	1.000	このかぶりが、図面に書かれた値と、実物とで違っていた。	このかぶりが図面に書かれた値と実物とで違っていた。	このかぶりが、図面に書かれた値と、実物とで違っていた。
c412-2	0.848	図面は¾インチ、実物は2インチ	図面は四分の三インチ、実物は二インチ	図面はよんぶんのさんインチ、実物は2インチ
c413-1	0.792	4分の3インチは、約1.9センチ。2インチは、約5.1センチ。	四分の三インチは約1.9cm、2インチは約5.1cm。	4分の3インチは、約いってんきゅうセンチ。2インチは、約5.1センチ。
c413-2	0.900	3.2センチ、実物のほうが厚かったことになる。	三点二センチ。実物の方が厚かったことになる。	3.2センチ、実物のほうが厚かったことになる。
c414-1	1.000	かぶりが厚いというのは、一見、悪いことに思えない。	かぶりが厚いというのは一見悪いことに思えない。	かぶりが厚いというのは、一見、悪いことに思えない。
c414-2	1.000	鉄筋が守られて、錆びにくくなるからである。	鉄筋が守られて錆びにくくなるからである。	鉄筋が守られて、錆びにくくなるからである。
c415-1	1.000	ところが、押し抜きに対しては、逆に働いてしまう。	ところが、押し抜きに対しては逆に働いてしまう。	ところが、押し抜きに対しては、逆に働いてしまう。
c415-2	0.943	かぶりが厚いぶんだけ、鉄筋が下に押し下げられるからである。	かぶりが厚い分だけ鉄筋が下に押し下げられるからである。	かぶりが厚いぶんだけ、鉄筋が下に押し下げられるからである。
c416-1	1.000	板そのものの厚みは、変わらない。変わるのは鉄筋の深さで、	板そのものの厚みは変わらない。変わるのは鉄筋の深さで	板そのものの厚みは、変わらない。変わるのは鉄筋の深さで、
c416-2	0.943	上の鉄筋が下がったぶん、鉄筋から板の下面までの距離が縮む。	上の鉄筋が下がった分、鉄筋から板の下面までの距離が縮む。	上の鉄筋が下がったぶん、鉄筋から板のかめんまでの距離が縮む。
c417-1	1.000	押し抜きに耐える力は、この距離の大きさで決まる。	押し抜きに耐える力はこの距離の大きさで決まる。	押し抜きに耐える力は、この距離の大きさで決まる。
c417-2	1.000	専門用語では、有効せい、と呼ぶ。これが縮むほど、板は薄い板として振る舞う。	専門用語では有効せいと呼ぶ。これが縮むほど、板は薄い板として振る舞う。	専門用語では、有効せい、と呼ぶ。これが縮むほど、板は薄い板として振る舞う。
c418-1	1.000	つまりこの床は、厚さは同じままで、	つまりこの床は厚さは同じままで	つまりこのゆかは、厚さは同じままで、
c418-2	1.000	構造としては、薄い床になっていた。	構造としては薄い床になっていた	構造としては、薄いゆかになっていた。
c419-1	1.000	この違いは、机の上で出した数字ではない。	この違いは机の上で出した数字ではない。	この違いは、机の上で出した数字ではない。
c419-2	1.000	回収した部材を、実際に測って出てきた数字である。	回収した部材を実際に測って出てきた数字である。	回収した部材を、実際に測って出てきた数字である。
c420-1	0.936	もうひとつ、当時の設計図そのものにも、書き込みがある。	もう一つ、当時の設計図そのものにも書き込みがある。	もうひとつ、当時の設計図そのものにも、書き込みがある。
c420-2	0.778	手書きの、注記である。	手書きの中期である。	手書きの、注記である。
c421-1	1.000	柱の帯にあたる部分の鉄筋の、少なくとも25パーセントを、	柱の帯にあたる部分の鉄筋の少なくとも二十五パーセントを	柱の帯にあたる部分の鉄筋の、少なくとも25パーセントを、
c421-2	1.000	柱の真上に集めること。そう書かれている。	柱の真上に集めること、そう書かれている。	柱の真上に集めること。そう書かれている。
c422-1	1.000	押し抜きに効くのは、柱の真上を通っている鉄筋である。	押し抜きに効くのは柱の真上を通っている鉄筋である。	押し抜きに効くのは、柱の真上を通っている鉄筋である。
c422-2	1.000	だからそこに集めろ、と、設計者はわざわざ書いていた。	だからそこに集めろと設計者はわざわざ書いていた。	だからそこに集めろ、と、設計者はわざわざ書いていた。
c423-1	1.000	図面には、そう書いてあった。	図面にはそう書いてあった。	図面には、そう書いてあった。
c423-2	1.000	では、実際に建てられたものは、どうだったか。	では、実際に建てられたものはどうだったか。	では、実際に建てられたものは、どうだったか。
c424-1	0.962	回収された柱の標本には、床の断面が付いたまま残っていた。	回収された柱の標本には床の断面がついたまま残っていた。	回収された柱の標本には、ゆかの断面が付いたまま残っていた。
c424-2	1.000	そこに残っている上端の鉄筋を、NIST は数えている。	そこに残っている上端の鉄筋をNISTは数えている	そこに残っている上端の鉄筋を、ニスト は数えている。
c425-1	1.000	片方向について、あるべき本数は4本だった。	片方向についてあるべき本数は四本だった	片方向について、あるべき本数は4本だった。
c425-2	1.000	数えて出てきたのは、2本である。	数えて出てきたのは二本である。	数えて出てきたのは、2本である。
c426-1	1.000	しかも、縦横のどちらの向きでも、同じだった。	しかも縦横のどちらの向きでも同じだった。	しかも、縦横のどちらの向きでも、同じだった。
c426-2	1.000	4本のはずが、2本だった	四本のはずが二本だった。	4本のはずが、2本だった
c427-1	1.000	柱の真上を通る鉄筋が、半分しかない。	柱の真上を通る鉄筋が半分しかない。	柱の真上を通る鉄筋が、半分しかない。
c427-2	0.875	押し抜きに対して、いちばん効くはずの場所の鉄筋である。	押し抜きに対して一番効くはずの場所の鉄筋である	押し抜きに対して、いちばん効くはずの場所の鉄筋である。
c428-1	1.000	ただし、NIST の書き方は慎重である。	ただし、NISTの書き方は慎重である。	ただし、ニスト の書き方は慎重である。
c428-2	0.952	この場所では、という断りが、はっきり付けてある。	「この場所では」という断りがはっきりつけてある。	この場所では、という断りが、はっきり付けてある。
c429-1	0.900	建物じゅうがそうだった、とまでは書いていない。	建物中がそうだったとまでは書いていない。	建物じゅうがそうだった、とまでは書いていない。
c429-2	1.000	書いてあるのは、プールデッキの床では、指定より少ないのが通例だった、	書いてあるのはプールデッキの床では指定より少ないのが通例だった。	書いてあるのは、プールデッキのゆかでは、指定より少ないのが通例だった、
c429-3	1.000	ということである。	ということである。	ということである。
c430-1	0.923	こうしたことが分かったのは、	こうしたことがわかったのは	こうしたことが分かったのは、
c430-2	1.000	崩れた部材を、捨てずに、証拠として取っておいたからである。	崩れた部材を捨てずに証拠として取っておいたからである。	崩れた部材を、捨てずに、証拠として取っておいたからである。
c431-1	0.898	瓦礫はひとつずつ番号をふられ、記録され、倉庫へ運ばれた。	瓦礫は一つずつ番号を振られ、記録され、倉庫へ運ばれた。	がれきはひとつずつ番号をふられ、記録され、倉庫へ運ばれた。
c431-2	0.760	運ぶときには警察の護衛が付いた、と NIST は書いている。	運ぶ時には警察の護衛がついたとニストは書いている。	運ぶときには警察の護衛が付いた、と ニスト は書いている。
c432-1	1.000	設計そのものが足りず、施工がそこからさらに外れていた。	設計そのものが足りず、施工がそこからさらに外れていた。	設計そのものが足りず、施工がそこからさらに外れていた。
c432-2	0.930	この2つだけが、括弧でくくられている理由である。	この二つだけが括弧で括られている理由である。	この2つだけが、括弧でくくられている理由である。
c433-1	1.000	では、残る3つは何か。括弧の外にあるのは、	では、残る三つは何か。括弧の外にあるのは	では、残る3つは何か。括弧の外にあるのは、
c433-2	0.919	あとから足されていった、重さと、時間である。	後から足されていった重さと時間である。	あとから足されていった、重さと、時間である。
c434-1	0.919	建物は、この状態のまま、40年間、立っていた。	建物はこの状態のまま四十年間建っていた。	建物は、この状態のまま、40年間、立っていた。
c434-2	1.000	では何が、最後の3週間を作ったのか。	では、何が最後の三週間を作ったのか。	では何が、最後の3週間を作ったのか。
c501-1	1.000	括弧の外にある3つを、順に見ていく。	括弧の外にある三つを順に見ていく。	括弧の外にある3つを、順に見ていく。
c501-2	0.979	プランター、盛土と舗装、そして、時間による劣化である。	プランター、盛り土と舗装、そして時間による劣化である。	プランター、もりどと舗装、そして、時間による劣化である。
c502-1	0.737	ひとつめは、プランター。	一つ目はプランター	ひとつめは、プランター。
c502-2	1.000	植木を植えるために作られた、コンクリートの箱である。	植木を植えるために作られたコンクリートの箱である。	植木を植えるために作られた、コンクリートの箱である。
c503-1	0.857	NIST の書き方は、より重く、より広い、というものである。	ニストの書き方はより重く、より広いというものである。	ニスト の書き方は、より重く、より広い、というものである。
c503-2	1.000	場所は、プールデッキの北側の近く、としている。	場所はプールデッキの北側の近くとしている。	場所は、プールデッキの北側の近く、としている。
c504-1	1.000	北側というのは、建物本体に接している側である。	北側というのは建物本体に接している側である。	北側というのは、建物本体に接している側である。
c504-2	1.000	3週間前にプランターが割れていた、あの場所もそこにある。	三週間前にプランターが割れていたあの場所もそこにある。	3週間前にプランターが割れていた、あの場所もそこにある。
c505-1	1.000	プランターには土が入り、水が入り、植木が育つ。	プランターには土が入り、水が入り、植木が育つ。	プランターには土が入り、水が入り、植木が育つ。
c505-2	0.947	載っている重さは、年が経つほど増えていく。	乗っている重さは年が経つほど増えていく。	載っている重さは、年が経つほど増えていく。
c506-1	0.870	土は、乾いているときと、水を含んだときで重さが変わる。	土は乾いている時と水を含んだ時で重さが変わる。	土は、乾いているときと、水を含んだときで重さが変わる。
c506-2	1.000	同じ体積でも、二割から三割は違ってくる。	同じ体積でも二割から三割は違ってくる	同じ体積でも、二割から三割は違ってくる。
c507-1	0.700	ふたつめは、盛土と舗装。	二つ目は盛り土と舗装。	ふたつめは、もりどと舗装。
c507-2	1.000	こちらには、ばらつきがある、という言葉が添えられている。	こちらにはばらつきがあるという言葉が添えられている。	こちらには、ばらつきがある、という言葉が添えられている。
c508-1	0.939	屋外の床は、傷んだとき、上から重ねて直されることが多い。	屋外の床は傷んだ時、上から重ねて直されることが多い。	屋外のゆかは、傷んだとき、上から重ねて直されることが多い。
c508-2	1.000	剥がしてから貼り直すより、安く、早く終わるからである。	剥がしてから貼り直すより安く早く終わるからである。	剥がしてから貼り直すより、安く、早く終わるからである。
c509-1	0.957	ただし、重ねるたびに、床の上に載る重さは増えていく。	ただし、重ねるたびに床の上に乗る重さは増えていく。	ただし、重ねるたびに、ゆかの上に載る重さは増えていく。
c509-2	0.818	どれだけ増えたかは、場所によってばらばらである。	どれだけ増えたかは場所によってバラバラである。	どれだけ増えたかは、場所によってばらばらである。
c510-1	0.941	建てるときに見込んでいた重さは、あらかじめ決まっている。	建てる時に見込んでいた重さはあらかじめ決まっている。	建てるときに見込んでいた重さは、あらかじめ決まっている。
c510-2	0.850	あとから足されたぶんは、その見込みの外にある。	後から足された分はその見込みの外にある	あとから足されたぶんは、その見込みの外にある。
c511-1	0.737	みっつめが、時間である。	三つ目が時間である。	みっつめが、時間である。
c511-2	0.833	NIST は、これについては、別の節を立てて扱っている。	nistはこれについては別の節を立てて扱っている。	ニスト は、これについては、別の節を立てて扱っている。
c512-1	1.000	見出しは、鉄筋の腐食。	見出しは「鉄筋の腐食」。	見出しは、鉄筋の腐食。
c512-2	0.897	長い時間をかけて進む劣化として、いちばん可能性が高いとしている。	長い時間をかけて進む劣化として一番可能性が高いとしている	長い時間をかけて進む劣化として、いちばん可能性が高いとしている。
c513-1	1.000	鉄筋は、錆びると体積が増える。	鉄筋は錆びると体積が増える。	鉄筋は、錆びると体積が増える。
c513-2	1.000	膨らんだ鉄筋は、周りのコンクリートを、内側から押し広げる。	膨らんだ鉄筋は周りのコンクリートを内側から押し広げる。	膨らんだ鉄筋は、周りのコンクリートを、内側から押し広げる。
c514-1	1.000	押されたコンクリートは、やがて割れて剥がれ落ちる。	押されたコンクリートはやがて割れて剥がれ落ちる。	押されたコンクリートは、やがて割れて剥がれ落ちる。
c514-2	0.955	剥がれれば、鉄筋はさらに濡れ、錆はもっと速く進む。	剥がれれば鉄筋はさらに濡れ、錆はもっと早く進む。	剥がれれば、鉄筋はさらに濡れ、錆はもっと速く進む。
c515-1	1.000	この繰り返しが、どれだけの間、続いていたのか。	この繰り返しがどれだけの間続いていたのか。	この繰り返しが、どれだけの間、続いていたのか。
c515-2	1.000	25年以上、進み続けていた	25年以上進み続けていた	25年以上、進み続けていた
c516-1	0.919	崩落の25年前は、1996年ごろにあたる。	崩落の25年前は1996年頃にあたる。	ほうらくの25年前は、1996年ごろにあたる。
c516-2	0.850	建物が建ってから、15年ほどたったころである。	建物が建ってから十五年ほど経った頃である。	建物が建ってから、15年ほどたったころである。
c517-1	0.919	つまり、この建物が立っていた40年のうち、	つまり、この建物が建っていた四十年のうち	つまり、この建物が立っていた40年のうち、
c517-2	1.000	後ろの25年は、鉄筋が錆び続けていた期間だったことになる。	後ろの25年は鉄筋が錆び続けていた期間だったことになる。	後ろの25年は、鉄筋が錆び続けていた期間だったことになる。
c518-1	1.000	どうして25年以上と言えるのか。	どうして二十五年以上と言えるのか。	どうして25年以上と言えるのか。
c518-2	1.000	NIST は、鉄筋の標本を、数百本の単位で評価している。	NISTは鉄筋の標本を数百本の単位で評価している。	ニスト は、鉄筋の標本を、数百本の単位で評価している。
c519-1	1.000	現場からは、コンクリートを円柱の形に抜き取っている。	現場からはコンクリートを円柱の形に抜き取っている	現場からは、コンクリートを円柱の形に抜き取っている。
c519-2	1.000	コア抜き、と呼ばれるやり方である。	コア抜きと呼ばれるやり方である。	コア抜き、と呼ばれるやり方である。
c520-1	1.000	抜き取ったコアは、割れるまで押しつぶされる。	抜き取ったコアは割れるまで押しつぶされる	抜き取ったコアは、割れるまで押しつぶされる。
c520-2	0.960	どれだけの力で割れたかで、コンクリートの強さが分かる。	どれだけの力で割れたかでコンクリートの強さがわかる。	どれだけの力で割れたかで、コンクリートの強さが分かる。
c521-1	0.957	試験に回された部材は、倉庫の床を埋めつくしていた。	試験に回された部材は倉庫の床を埋め尽くしていた。	試験に回された部材は、倉庫のゆかを埋めつくしていた。
c521-2	1.000	崩れた建物が、そのままの形で並んでいる。	崩れた建物がそのままの形で並んでいる。	崩れた建物が、そのままの形で並んでいる。
c522-1	0.815	腐食のほうには、別の試験がある。	不食の方には別の試験がある	腐食のほうには、別の試験がある。
c522-2	0.947	標本を塩水に浸し、電極をあてて、電気を流す。	標本を塩水に浸し、電極を当てて電気を流す。	標本を塩水に浸し、電極をあてて、電気を流す。
c523-1	1.000	この建物が建っていたのは、大西洋のすぐそばである。	この建物が建っていたのは大西洋のすぐそばである。	この建物が建っていたのは、大西洋のすぐそばである。
c523-2	0.941	塩は、波でも、風でも、霧でも運ばれてくる。	潮は波でも風でも霧でも運ばれてくる。	塩は、波でも、風でも、霧でも運ばれてくる。
c524-1	0.933	塩は、コンクリートのなかを、何年もかけて進んでいく。	塩はコンクリートの中を何年もかけて進んでいく。	塩は、コンクリートのなかを、何年もかけて進んでいく。
c524-2	1.000	そして鉄筋のところまで届くと、錆が始まる。	そして鉄筋のところまで届くと錆が始まる。	そして鉄筋のところまで届くと、錆が始まる。
c525-1	1.000	ここで、第4章のかぶりの話が戻ってくる。	ここで第四章のかぶりの話が戻ってくる。	ここで、第4章のかぶりの話が戻ってくる。
c525-2	1.000	かぶりが厚ければ、塩が鉄筋に届くまでの時間は長くなる。	かぶりが厚ければ塩が鉄筋に届くまでの時間は長くなる。	かぶりが厚ければ、塩が鉄筋に届くまでの時間は長くなる。
c526-1	0.870	錆に対しては、2インチのかぶりは、有利に働いていた。	サピに対しては二インチの被りは有利に働いていた。	錆に対しては、2インチのかぶりは、有利に働いていた。
c526-2	1.000	押し抜きに対しては、不利に働いた。同じ一つの数字である。	押し抜きに対しては不利に働いた同じ一つの数字である。	押し抜きに対しては、不利に働いた。同じ一つの数字である。
c527-1	1.000	重さが足され、塩が入り、時間が進み、	重さが足され、塩が入り、時間が進み	重さが足され、塩が入り、時間が進み、
c527-2	1.000	もともと小さかった余裕が、少しずつ削られていった。	もともと小さかった余裕が少しずつ削られていった。	もともと小さかった余裕が、少しずつ削られていった。
c528-1	0.846	そして2021年6月のはじめ。	そして二千二十一年六月の初め	そして2021年6月のはじめ。
c528-2	0.950	2本の柱のつなぎ目が、とうとう限界を越えた。	二本の柱のつなぎ目がとうとう限界を超えた。	2本の柱のつなぎ目が、とうとう限界を越えた。
c601-1	0.889	ここで、大きな疑問がひとつ残る。	ここで大きな疑問が一つ残る。	ここで、大きな疑問がひとつ残る。
c601-2	1.000	壊れたのは、プールデッキの下にある、柱2本と床とのつなぎ目だった。	壊れたのはプールデッキの下にある柱二本と床とのつなぎ目だった。	壊れたのは、プールデッキの下にある、柱2本とゆかとのつなぎ目だった。
c602-1	1.000	プールデッキは、建物の本体ではない。	プールデッキは建物の本体ではない。	プールデッキは、建物の本体ではない。
c602-2	0.895	人が住んでいたのは、12階建てのほうである。	人が住んでいたのは十二階建ての方である。	人が住んでいたのは、12階建てのほうである。
c603-1	1.000	屋外の平らな床が落ちたことが、	屋外の平らな床が落ちたことが	屋外の平らなゆかが落ちたことが、
c603-2	1.000	なぜ、人の住んでいる建物を倒すことになるのか。	なぜ人の住んでいる建物を倒すことになるのか。	なぜ、人の住んでいる建物を倒すことになるのか。
c604-1	1.000	答えは、つながっていたから、である。	答えはつながっていたからである。	答えは、つながっていたから、である。
c604-2	1.000	プールデッキは、建物に、そのまま取り付いていた。	プールデッキは建物にそのまま取り付いていた	プールデッキは、建物に、そのまま取り付いていた。
c605-1	1.000	平らな床の端が、建物の壁と柱に、そのまま続いている。	平らな床の端が建物の壁と柱にそのまま続いている。	平らなゆかの端が、建物の壁と柱に、そのまま続いている。
c605-2	1.000	隣り合った別々の建物、という関係ではない。	隣り合った別々の建物という関係ではない。	隣り合った別々の建物、という関係ではない。
c606-1	0.927	だから、落ちるときも、ただ下に落ちるのではない。	だから落ちる時もただ下に落ちるのではない。	だから、落ちるときも、ただ下に落ちるのではない。
c606-2	0.952	つながっている側を、引っぱりながら落ちていく。	つながっている側を引っ張りながら落ちていく。	つながっている側を、引っぱりながら落ちていく。
c607-1	1.000	NIST が実物大で作ったのは、まさにこの部分だった。	NISTが実物大で作ったのはまさにこの部分だった。	ニスト が実物大で作ったのは、まさにこの部分だった。
c607-2	1.000	プールデッキと、建物との、境目である。	プールデッキと建物との境目である。	プールデッキと、建物との、境目である。
c608-1	1.000	試験の名前も、プールデッキと塔の接続部の試験、となっている。	試験の名前もプールデッキと塔の接続部の試験となっている。	試験の名前も、プールデッキと塔の接続部の試験、となっている。
c608-2	1.000	落ちる側と、残る側を、両方まとめて作ってある。	落ちる側と残る側を両方まとめて作ってある	落ちる側と、残る側を、両方まとめて作ってある。
c609-1	1.000	起きたことは、線図に描かれている。	起きたことは線図に描かれている。	起きたことは、線図に描かれている。
c609-2	1.000	柱が4本、D、E、H、I の記号で並んでいる。	柱が四本、D、E、H、Iの記号で並んでいる。	柱が4本、D、E、H、I の記号で並んでいる。
c610-1	1.000	左側の床は、そのまま水平に残っている。	左側の床はそのまま水平に残っている。	左側のゆかは、そのまま水平に残っている。
c610-2	0.919	変わるのは、Eと書かれた柱から、右である。	変わるのはいいと書かれた柱から右である。	変わるのは、Eと書かれた柱から、右である。
c611-1	1.000	右側の床は、外れて、斜めに下がっている。	右側の床は外れて斜めに下がっている。	右側のゆかは、外れて、斜めに下がっている。
c611-2	1.000	端に行くほど、深く落ちている。	端に行くほど深く落ちている。	端に行くほど、深く落ちている。
c612-1	1.000	板は、真ん中から折れたのではない。	板は真ん中から折れたのではない。	板は、真ん中から折れたのではない。
c612-2	1.000	柱のあるところで、切れている。	柱のあるところで切れている	柱のあるところで、切れている。
c613-1	0.743	その切れ方に、NIST は札を付けている。	その切れ方にニストは札をつけている。	その切れ方に、ニスト は札を付けている。
c613-2	1.000	指しているのは、板の下側に入っていた鉄筋である。	指しているのは板の下側に入っていた鉄筋である。	指しているのは、板の下側に入っていた鉄筋である。
c614-1	1.000	上の鉄筋が切れた、という書き方ではない。	上の鉄筋が切れたという書き方ではない	上の鉄筋が切れた、という書き方ではない。
c614-2	0.870	下端筋が、下から抜けていく	肩筋が下から抜けていく。	かたんきんが、下から抜けていく
c615-1	1.000	切れたのではなく、抜けた。	切れたのではなく抜けた。	切れたのではなく、抜けた。
c615-2	0.962	コンクリートに埋まっていた鉄筋が、引き出されたのである。	コンクリートに埋まっていた鉄筋が引き出されたのであり	コンクリートに埋まっていた鉄筋が、引き出されたのである。
c616-1	1.000	鉄筋は、コンクリートに埋まっている長さで力を伝えている。	鉄筋はコンクリートに埋まっている長さで力を伝えている。	鉄筋は、コンクリートに埋まっている長さで力を伝えている。
c616-2	0.936	埋まりが足りなければ、引かれたときに、そのまま抜ける。	埋まりが足りなければ、引かれた時にそのまま抜ける。	埋まりが足りなければ、引かれたときに、そのまま抜ける。
c617-1	1.000	そして、抜けたところで止まらない。	そして抜けたところで止まらない	そして、抜けたところで止まらない。
c617-2	1.000	そこが支えていた重さが、隣のつなぎ目に移っていく。	そこが支えていた重さが隣のつなぎ目に移っていく。	そこが支えていた重さが、隣のつなぎ目に移っていく。
c618-1	0.955	移された隣のつなぎ目も、同じ設計、同じ施工である。	映された隣のつなぎ目も同じ設計、同じ施工である。	移された隣のつなぎ目も、同じ設計、同じ施工である。
c618-2	1.000	同じように足りなければ、同じように抜ける。	同じように足りなければ、同じように抜ける。	同じように足りなければ、同じように抜ける。
c619-1	0.870	ひとつ壊れると、次が壊れる。	一つ壊れると次が壊れる。	ひとつ壊れると、次が壊れる。
c619-2	1.000	壊れるたびに、残った柱にかかる重さは増えていく。	壊れるたびに残った柱にかかる重さは増えていく。	壊れるたびに、残った柱にかかる重さは増えていく。
c620-1	1.000	どこまで進んだのかは、平面図に描かれている。	どこまで進んだのかは平面図に描かれている。	どこまで進んだのかは、平面図に描かれている。
c620-2	1.000	青く塗られているところが、中央部の、崩れた範囲である。	青く塗られているところが中央部の崩れた範囲である。	青く塗られているところが、中央部の、崩れた範囲である。
c621-1	1.000	その範囲は、さらに2つに分けられている。	その範囲はさらに二つに分けられている	その範囲は、さらに2つに分けられている。
c621-2	0.632	ゾーンAと、ゾーンBという呼び方である。	Zone AとZone Bという呼び方である。	ゾーンAと、ゾーンBという呼び方である。
c622-1	1.000	Aは、コンクリートの壁があった側。	Aはコンクリートの壁があった。側。	Aは、コンクリートの壁があった がわ。
c622-2	1.000	Bは、床と柱だけでできていた側である。	Bは床と柱だけでできていた側である。	Bは、ゆかと柱だけでできていた がわである。
c623-1	1.000	壁は、面で支える。柱は、点で支える。	壁は面で支える。柱は点で支える。	壁は、面で支える。柱は、点で支える。
c623-2	0.914	面で支えているほうが、力の逃げ道が多い。	面で支えている方が力の逃げ道が多い。	面で支えているほうが、力の逃げ道が多い。
c624-1	1.000	平面図に引かれた崩落の境目にも、その差が出ている。	平面図に引かれた崩落の境目にもその差が出ている。	平面図に引かれた崩落の境目にも、その差が出ている。
c624-2	0.957	壁のあった側はまっすぐに切れ、柱だけだった側は、段になって出入りしている。	壁のあった側はまっすぐに切れ、柱だけだったそばは段になって出入りしている。	壁のあった がわはまっすぐに切れ、柱だけだった側は、段になって出入りしている。
c625-1	0.692	NIST の第4章の見出しは、	nistの第四章の見出しは	ニスト の第4章の見出しは、
c625-2	0.927	破壊が塔のなかを、どう広がっていったか、である。	破壊が塔の中をどう広がっていったかである。	破壊が塔のなかを、どう広がっていったか、である。
c626-1	0.949	プールデッキが外れたとき、塔を支えていたつなぎ目が2つ、傷ついた。	プールデッキが外れた時、塔を支えていたつなぎ目が二つ傷ついた。	プールデッキが外れたとき、塔を支えていたつなぎ目が2つ、傷ついた。
c626-2	0.936	破壊はまず中央部を通り、そのあとで、東側へ進んでいる。	破壊はまず中央部を通り、その後で東側へ進んでいる。	破壊はまず中央部を通り、そのあとで、東側へ進んでいる。
c627-1	0.919	ひとつのつなぎ目が壊れても、そこで止まる。	一つのつなぎ目が壊れてもそこで止まる。	ひとつのつなぎ目が壊れても、そこで止まる。
c627-2	0.944	そういう区切りは、この建物には無かった。	そういう区切りはこの建物にはなかった。	そういう区切りは、この建物には無かった。
c628-1	0.962	残った棟の断面は、刃物で切ったように、まっすぐ立っている。	残った塔の断面は刃物で切ったようにまっすぐ立っている。	残った棟の断面は、刃物で切ったように、まっすぐ立っている。
c628-2	1.000	床が切れているのは、柱のあるところ。線図と同じである。	床が切れているのは柱のあるところ。線図と同じである。	ゆかが切れているのは、柱のあるところ。線図と同じである。
c629-1	0.821	ここまでが、NIST の説明する筋書きである。	ここまでがニストの説明する筋書きである。	ここまでが、ニスト の説明する筋書きである。
c629-2	1.000	検討された24通りのうち、最後に残った1つである。	検討された二十四通りのうち最後に残った一つである。	検討されたニジュウヨンとおりのうち、最後に残った1つである。
c701-1	0.818	NIST は、崩落がどこでなぜ始まったかについて、	nistは崩落がどこでなぜ始まったかについて	ニスト は、崩落がどこでなぜ始まったかについて、
c701-2	1.000	24通りの筋書きを検討した、と書いている。	二十四通りの筋書きを検討したと書いている	ニジュウヨンとおりの筋書きを検討した、と書いている。
c702-1	1.000	残ったのが、ここまで見てきた筋書きである。	残ったのがここまで見てきた筋書きである。	残ったのが、ここまで見てきた筋書きである。
c702-2	0.919	では、残らなかったほうには、何があったのか。	では、残らなかった方には何があったのか。	では、残らなかったほうには、何があったのか。
c703-1	1.000	この事故については、起きた直後から、	この事故については起きた直後から	この事故については、起きた直後から、
c703-2	1.000	いくつもの説が語られてきた。	いくつもの説が語られてきた。	いくつもの説が語られてきた。
c704-1	0.939	どれも、報道や、住民の話や、裁判のなかから出てきたもので、	どれも報道や住民の話や裁判の中から出てきたもので	どれも、報道や、住民の話や、裁判のなかから出てきたもので、
c704-2	1.000	確かめられてはいない、あくまで噂の段階の話である。	確かめられてはいない、あくまで噂の段階の話である。	確かめられてはいない、あくまで噂の段階の話である。
c705-1	0.698	なかでもいちばん強く言われたのが、隣の工事である。	中でも一番強く言われたのが隣の浩二である。	なかでもいちばん強く言われたのが、隣の工事である。
c705-2	1.000	建物のすぐ南側に、別の高層マンションが建てられていた。	建物のすぐ南側に別の高層マンションが建てられていた。	建物のすぐ南側に、別の高層マンションが建てられていた。
c706-1	0.500	エイティセブン・パークという建物である。	87 Parkという建物である。	エイティセブン・パークという建物である。
c706-2	1.000	地面を掘り、鋼の板を打ち込む工事が行われていた。	地面を掘り、鋼の板を打ち込む工事が行われていた。	地面を掘り、鋼の板を打ち込む工事が行われていた。
c707-1	1.000	その打ち込んだ場所と、崩れた建物の壁との距離。	その打ち込んだ場所と崩れた建物の壁との距離	その打ち込んだ場所と、崩れた建物の壁との距離。
c707-2	1.000	NIST が測った最短の距離は、およそ9フィートだった。	NISTが測った最短の距離はおよそ9フィートだった。	ニスト が測った最短の距離は、およそ9フィートだった。
c708-1	0.947	2.7メートルである。	二点七メートルである。	2.7メートルである。
c708-2	1.000	隣、というより、ほとんど接していると言っていい。	隣というよりほとんど接していると言っていい。	隣、というより、ほとんど接していると言っていい。
c709-1	0.909	住民は、その工事のあいだ、揺れを感じたと話している。	住民はその工事の間、揺れを感じたと話している。	住民は、その工事のあいだ、揺れを感じたと話している。
c709-2	1.000	建物が振動していた、という証言が残っている。	建物が振動していたという証言が残っている。	建物が振動していた、という証言が残っている。
c710-1	1.000	だから、こう言われてきた。	だからこう言われてきた。	だから、こう言われてきた。
c710-2	1.000	隣の工事の振動が、この建物を傷めたのではないか、と。	隣の工事の振動がこの建物を傷めたのではないかと。	隣の工事の振動が、この建物を傷めたのではないか、と。
c711-1	1.000	NIST は、この説を、名指しで検討している。	NISTはこの説を名指しで検討している	ニスト は、この説を、名指しで検討している。
c711-2	1.000	使ったのは、地面と建物を一緒に解く計算である。	使ったのは地面と建物を一緒に解く計算である。	使ったのは、地面と建物を一緒に解く計算である。
c712-1	1.000	建物を、上の骨組み、地下、基礎、そして地盤に分け、	建物を上の骨組み、地下、基礎、そして地盤に分け	建物を、上の骨組み、地下、基礎、そして地盤に分け、
c712-2	1.000	振動がどこをどう伝わっていくかを追いかけた。	振動がどこをどう伝わっていくかを追いかけた	振動がどこをどう伝わっていくかを追いかけた。
c713-1	1.000	計算には、この土地の地盤の性質が入っている。	計算にはこの土地の地盤の性質が入っている。	計算には、この土地の地盤の性質が入っている。
c713-2	0.909	振動は、地面の性質しだいで、伝わり方がまるで変わるからである。	振動は地面の性質次第で伝わり方がまるで変わるからである。	振動は、地面の性質しだいで、伝わり方がまるで変わるからである。
c714-1	1.000	出てきた答えは、3つある。	出てきた答えは三つある。	出てきた答えは、3つある。
c714-2	0.872	ひとつめは、振動がどう減っていったか、である。	一つ目は振動がどう減っていったかである。	ひとつめは、振動がどう減っていったか、である。
c715-1	1.000	建物の南側にあった地下と、鋼の板でできた壁。	建物の南側にあった地下と鋼の板でできた壁	建物の南側にあった地下と、鋼の板でできた壁。
c715-2	1.000	この2つが、伝わってくる振動を大きく減らしていた。	この二つが伝わってくる振動を大きく減らしていた	この2つが、伝わってくる振動を大きく減らしていた。
c716-1	0.889	ふたつめ。実際に届いた振動の大きさを、計算している。	二つ目、実際に届いた振動の大きさを計算している。	ふたつめ。実際に届いた振動の大きさを、計算している。
c716-2	1.000	問題になったつなぎ目に、どれだけ届いたか、である。	問題になったつなぎ目にどれだけ届いたかである。	問題になったつなぎ目に、どれだけ届いたか、である。
c717-1	0.714	NIST の書き方は、こうである。	nistの書き方はこうである。	ニスト の書き方は、こうである。
c717-2	1.000	傷んだつなぎ目を壊すにも、小さすぎた	傷んだつなぎ目を壊すにも小さすぎた。	傷んだつなぎ目を壊すにも、小さすぎた
c718-1	0.615	そして、みっつめ。	そして三つ目	そして、みっつめ。
c718-2	0.842	ここが、この章でいちばん大事なところである。	ここがこの章で一番大事なところである。	ここが、この章でいちばん大事なところである。
c719-1	0.941	解析は、住民が揺れを感じたという話のほうを、裏付けている。	解析は住民が揺れを感じたという話の方を裏付けている。	解析は、住民が揺れを感じたという話のほうを、裏付けている。
c719-2	1.000	感じたというのは、本当だった。	感じたというのは本当だった。	感じたというのは、本当だった。
c720-1	1.000	人が感じ取れる振動の大きさは、建物を壊す振動の大きさより、	人が感じ取れる振動の大きさは、建物を壊す振動の大きさより	人が感じ取れる振動の大きさは、建物を壊す振動の大きさより、
c720-2	0.811	はるかに下にある、と NIST は書いている。	はるかに下にあるとニストは書いている。	はるかに下にある、と ニスト は書いている。
c721-1	0.951	つまり住民は、うそをついていたのでも、思い違いをしていたのでもない。	つまり、住民は嘘をついていたのでも思い違いをしていたのでもない。	つまり住民は、うそをついていたのでも、思い違いをしていたのでもない。
c721-2	1.000	感じたことと、それが原因であることが、別だっただけである。	感じたこととそれが原因であることが別だっただけである。	感じたことと、それが原因であることが、別だっただけである。
c722-1	0.815	NIST は、こうした説をまとめた1枚に、見出しを付けている。	nistはこうした説をまとめた一枚に見出しをつけている。	ニスト は、こうした説をまとめた1枚に、見出しを付けている。
c722-2	1.000	大きく寄与してはいない	大きく寄与してはいない。	大きく寄与してはいない
c723-1	1.000	そこに並んでいるのは、5つである。	そこに並んでいるのは五つである。	そこに並んでいるのは、5つである。
c723-2	1.000	隣の工事の振動。基礎の破壊、陥没、そして不同沈下。	隣の工事の振動、基礎の破壊、陥没、そして不同沈下。	隣の工事の振動。基礎の破壊、陥没、そして不同沈下。
c724-1	1.000	ハリケーンと高潮。突発的にかかる、衝撃荷重。	ハリケーンと高潮、突発的にかかる衝撃荷重	ハリケーンと高潮。突発的にかかる、衝撃荷重。
c724-2	1.000	そして、崩落の当時に進んでいた、屋上の改修と、アンカーの工事。	そして崩落の当時に進んでいた屋上の改修とアンカーの工事	そして、崩落の当時に進んでいた、屋上の改修と、アンカーの工事。
c725-1	1.000	地盤が沈んでいたという説も、この一覧に入っている。	地盤が沈んでいたという説もこの一覧に入っている。	地盤が沈んでいたという説も、この一覧に入っている。
c725-2	0.963	陥没も、場所ごとに沈み方が違うことも、大きくは効いていない。	陥没も場所ごとに沈み方が違うことも大きくは聞いていない。	かんぼつも、場所ごとに沈み方が違うことも、大きくは効いていない。
c726-1	1.000	外から加えられたものではなかった。	外から加えられたものではなかった。	外から加えられたものではなかった。
c726-2	0.894	この建物は、建物自身のつくりだけで、限界を越えている。	この建物は建物自身の作りだけで限界を超えている。	この建物は、建物自身のつくりだけで、限界を越えている。
ep01-1	0.632	NIST の説明の、いちばん最後の1枚を見る。	nistの説明の一番最後の一枚を見る。	ニスト の説明の、いちばん最後の1枚を見る。
ep01-2	1.000	見出しは、結びの言葉、となっている。	見出しは「結びの言葉」となっている。	見出しは、結びの言葉、となっている。
ep02-1	1.000	5つの箱が、左から順に並んでいる。	五つの箱が左から順に並んでいる。	5つの箱が、左から順に並んでいる。
ep02-2	0.952	設計の耐力不足。そして、施工の、設計図からの逸脱。	設計の体力不足、そして施工の設計図からの逸脱	設計の耐力不足。そして、施工の、設計図からの逸脱。
ep03-1	0.978	より重く、より広いプランター。足された盛土と舗装。	より重く、より広いプランター。足された盛り土と舗装。	より重く、より広いプランター。足されたもりどと舗装。
ep03-2	1.000	そして、時間による劣化である。	そして時間による劣化である。	そして、時間による劣化である。
ep04-1	0.955	1つめには、最大、そして広い範囲、と書き添えてある。	一つ目には「最大、そして広い範囲」と書き添えてある。	1つめには、最大、そして広い範囲、と書き添えてある。
ep04-2	0.867	2つめにも、広い範囲、と付いている。	二つ目にも広い範囲とついている。	2つめにも、広い範囲、と付いている。
ep05-1	1.000	そして、この5つのうち、	そしてこの五つのうち	そして、この5つのうち、
ep05-2	0.923	左の2つだけが、下から括弧でくくられている。	左の二つだけが下から括弧で括られている	左の2つだけが、下から括弧でくくられている。
ep06-1	1.000	括弧の下には、一文が書かれている。	括弧の下には一文が書かれている。	括弧の下には、一文が書かれている。
ep06-2	1.000	この2つが何をもたらしたのか、という文である。	この二つが何をもたらしたのかという文である。	この2つが何をもたらしたのか、という文である。
ep07-1	1.000	書かれているのは、こうである。	書かれているのはこうである。	書かれているのは、こうである。
ep07-2	1.000	壊れるまでの余裕が乏しかった原因の大半は、この2つにある。	壊れるまでの余裕が乏しかった原因の大半はこの二つにある。	壊れるまでの余裕が乏しかった原因の大半は、この2つにある。
ep08-1	1.000	余裕とは、壊れるまでに、どれだけ間があるか、ということである。	余裕とは壊れるまでにどれだけ間があるかということである。	余裕とは、壊れるまでに、どれだけ間があるか、ということである。
ep08-2	0.884	建物の設計は、ふつう、この余裕を持たせて行われる。	建物の設計は普通この余裕を持たせて行われる。	建物の設計は、ふつう、この余裕を持たせて行われる。
ep09-1	1.000	そしてその一文には、いつからそうだったのか、という	そしてその一文には、「いつからそうだったのか」という	そしてその一文には、いつからそうだったのか、という
ep09-2	1.000	時期まで書き添えられている。	時期まで書き添えられている	時期まで書き添えられている。
ep10-1	0.865	40年のあいだの、どこかの時点からではない。	四十年の間のどこかの時点からではない。	40年のあいだの、どこかの時点からではない。
ep10-2	1.000	建設が終わった、その時点からである。	建設が終わったその時点からである。	建設が終わった、その時点からである。
ep11-1	0.945	NIST が3枚のスライドで繰り返している言葉が、ひとつある。	 NISTが三枚のスライドで繰り返している言葉が一つある。	ニスト が3枚のスライドで繰り返している言葉が、ひとつある。
ep11-2	1.000	余裕は決定的に小さかった	余裕は決定的に小さかった。	余裕は決定的に小さかった
ep12-1	0.974	つまり、40年間、持ちこたえていたのではない。	つまり四十年間持ちこたえていたのではない。	つまり、40年間、持ちこたえていたのではない。
ep12-2	1.000	40年間、まだ落ちていなかった、ということである。	40年間まだ落ちていなかったということである。	40年間、まだ落ちていなかった、ということである。
ep13-1	0.981	そして、その40年のうち、最後の3週間だけが、人の目に見えた。	そしてその四十年のうち、最後の三週間だけが人の目に見えた。	そして、その40年のうち、最後の3週間だけが、人の目に見えた。
ep13-2	0.960	開かなくなった門。柱を伝う水。床にできた、10センチの隙間。	開かなくなった門、柱を伝う水、床にできた十センチの隙間	開かなくなった門。柱を伝う水。ゆかにできた、10センチの隙間。
ep14-1	1.000	どれも、建物が沈んでいる印には見えない。	どれも建物が沈んでいる印には見えない。	どれも、建物が沈んでいる印には見えない。
ep14-2	1.000	だから、直せば済むものに見えた。門は、実際に直されている。	だから直せば済むものに見えた。門は実際に直されている。	だから、直せば済むものに見えた。門は、実際に直されている。
ep15-1	0.903	最終的な報告書は、いまも出ていない。	最終的な報告書は今も出ていない。	最終的な報告書は、いまも出ていない。
ep15-2	1.000	次の諮問委員会が開かれるのは、2026年の9月である。	次の諮問委員会が開かれるのは2026年の9月である。	次の諮問委員会が開かれるのは、2026年の9月である。
ep16-1	1.000	分かったのは、なぜ崩れたのか、である。	分かったのはなぜ崩れたのかである。	分かったのは、なぜ崩れたのか、である。
ep16-2	1.000	分かっていないのは、なぜ、誰にも読めなかったのか、である。	分かっていないのは、なぜ誰にも読めなかったのかである。	分かっていないのは、なぜ、誰にも読めなかったのか、である。
