行ID	話者	文	音声記号列	読み	出どころ
c101-1		2014年4月16日の朝。韓国の南西の海で、旅客船セウォル号が傾いた。	にせんじゅーよ'ねん/しがつ'/じゅーろく'にちの/あ'さ。か'んこくの/なんせーの/う'みで、りょかくせん/せうぉる'ごーが/かたむ'いた。	にせんじゅーよねんしがつじゅーろくにちのあさ。かんこくのなんせーのうみで、りょかくせんせうぉるごーがかたむいた。	auto
c101-2		乗っていた476人のうち、助かったのは172人だった。	のっていた'/よんひゃくななじゅーろくに'んのうち、たすか'ったのわ/ひゃくななじゅーにに'んだった。	のっていたよんひゃくななじゅーろくにんのうち、たすかったのわひゃくななじゅーににんだった。	auto
c102-1		傾いて、およそ1時間。船内には、まだ放送が流れていた。	かたむ'いて、およそ/いちじ'かん。せ'んないにわ、ま'だ/ほーそーが/なが'れていた。	かたむいて、およそいちじかん。せんないにわ、まだほーそーがながれていた。	auto
c102-2		9時50分、最後の放送も船内で待つように	く'じ/ごじゅ'っぷん、さ'いごの/ほーそーも/せ'んないで/ま'つよーに。	くじごじゅっぷん、さいごのほーそーもせんないでまつよーに。	auto
c103-1	q	船長たちは？	せ'んちょーたちわ？	せんちょーたちわ？	auto
c103-2		その数分前、助けに来た海洋警察の船に乗り移っていた。	その/すーふんま'え、たすけ'に/き'た/かいよーけ'ーさつの/ふ'ねに/のりうつ'っていた。	そのすーふんまえ、たすけにきたかいよーけーさつのふねにのりうつっていた。	auto
c103-3		乗客に、船から逃げるよう伝えないまま。	じょーきゃくに、ふ'ねから/にげ'るよー/つたえな'いまま。	じょーきゃくに、ふねからにげるよーつたえないまま。	auto
c104-1		最高裁判所の判決は、こう認めた。	さいこーさいばんしょの/はんけつわ、こー/みとめた'。	さいこーさいばんしょのはんけつわ、こーみとめた。	auto
c104-2		退船の命令は、一度も出なかった	たいせんの/めーれーわ、いちど'も/で'なかった。	たいせんのめーれーわ、いちどもでなかった。	auto
c105-1		傾いたきっかけは、12年たった今も決まっていない。	かたむ'いた/きっかけわ、じゅーに'ねん/たったい'まも/きまっていな'い。	かたむいたきっかけわ、じゅーにねんたったいまもきまっていない。	auto
c105-2		でも、なぜ助からなかったかには、裁判の答えがある。	で'も、な'ぜ/たすから'なかったかにわ、さ'いばんの/こた'えが/あ'る。	でも、なぜたすからなかったかにわ、さいばんのこたえがある。	auto
c106-1		乗客443人のうち325人は、修学旅行中の高校生だった。	じょーきゃく/よんひゃくよんじゅーさんに'んのうち/さんびゃくにじゅーごに'んわ、しゅーがくりょこーちゅーの/こーこーせーだ'った。	じょーきゃくよんひゃくよんじゅーさんにんのうちさんびゃくにじゅーごにんわ、しゅーがくりょこーちゅーのこーこーせーだった。	auto
c106-2		生徒のうち246人が亡くなり、4人が行方不明になった。	せ'ーとのうち/にひゃくよんじゅーろくに'んが/なくなり、よに'んが/ゆくえ/ふめーに/な'った。	せーとのうちにひゃくよんじゅーろくにんがなくなり、よにんがゆくえふめーになった。	auto
c107-1		この日の10時31分、セウォル号は、船首の先だけを水面に残して沈んだ。	この'ひの/じゅ'ーじ/さんじゅーい'っぷん、せうぉる'ごーわ、せ'んしゅの/さきだけを/すいめんに/のこ'して/しずんだ'。	このひのじゅーじさんじゅーいっぷん、せうぉるごーわ、せんしゅのさきだけをすいめんにのこしてしずんだ。	auto
c107-2		大きく傾いてから、1時間40分あまりのことだった。	お'ーきく/かたむ'いてから、いちじ'かん/よんじゅっぷんあ'まりのことだった。	おーきくかたむいてから、いちじかんよんじゅっぷんあまりのことだった。	auto
c108-1	q	この動画で、追うのは？	この/どーがで、おう'のわ？	このどーがで、おうのわ？	auto
c108-2		2つの問いだ。まず、なぜ船は傾いたのか。	ふたつ'の/といだ。ま'ず、な'ぜ/ふ'ねわ/かたむ'いたのか。	ふたつのといだ。まず、なぜふねわかたむいたのか。	auto
c108-3		そして、なぜ、これほど多くの人が助からなかったのか。	そして、な'ぜ、これほど/お'ーくの/ひとが/たすから'なかったのか。	そして、なぜ、これほどおーくのひとがたすからなかったのか。	auto
c109-1		主な手がかりは2つある。韓国の最高裁判所の判決と、	お'もな/てが'かりわ/ふたつ'/あ'る。か'んこくの/さいこーさいばんしょの/はんけつと。	おもなてがかりわふたつある。かんこくのさいこーさいばんしょのはんけつと。	auto
c109-2		事故を調べる国の機関、海洋安全審判院の報告書だ。どちらも原文で読んだ。	じ'こを/しらべ'る/くにの/き'かん、かいよー/あんぜんしんぱ'んいんの/ほーこくしょだ。ど'ちらも/げんぶんで/よ'んだ。	じこをしらべるくにのきかん、かいよーあんぜんしんぱんいんのほーこくしょだ。どちらもげんぶんでよんだ。	auto
c110-1		同じ出来事の時刻が資料によって数分ずれる所は、どちらの値かを言いながら進める。	おなじ/でき'ごとの/じ'こくが/し'りょーによって/すーふん/ずれ'るところわ、ど'ちらの/あたいかを/いいな'がら/すすめる。	おなじできごとのじこくがしりょーによってすーふんずれるところわ、どちらのあたいかをいいながらすすめる。	auto
c111-1		時刻は、すべて韓国の時刻で話す。日本の時刻と同じだ。	じ'こくわ、す'べて/か'んこくの/じ'こくで/はな'す。にほ'んの/じ'こくと/おなじだ。	じこくわ、すべてかんこくのじこくではなす。にほんのじこくとおなじだ。	auto
c111-2		セウォル号は、北西のインチョンから、南の島チェジュへ向かっていた。	せうぉる'ごーわ、ほくせーの/い'んちょんから、みなみの/しま'/ちぇ'じゅえ/むかっていた'。	せうぉるごーわ、ほくせーのいんちょんから、みなみのしまちぇじゅえむかっていた。	auto
c112-1	q	事故が起きたのは？	じ'こが/お'きたのわ？	じこがおきたのわ？	auto
c112-2		その途中の、チンドの沖だった。	その/とちゅーの、ち'んどの/おきだ'った。	そのとちゅーの、ちんどのおきだった。	auto
c112-3		話は、その前の晩。霧に包まれたインチョン港から始まる。	はなし'わ、その/ま'えの/ばん。きりに/つつまれた'/いんちょ'んこーから/はじまる。	はなしわ、そのまえのばん。きりにつつまれたいんちょんこーからはじまる。	auto
c201-1		2014年4月15日の夕方。インチョン港は、濃い霧に包まれていた。	にせんじゅーよ'ねん/しがつ'/じゅーご'にちの/ゆーがた。いんちょ'んこーわ、こ'い/きりに/つつまれていた'。	にせんじゅーよねんしがつじゅーごにちのゆーがた。いんちょんこーわ、こいきりにつつまれていた。	auto
c201-2		17時30分、港の管制は、見通しが1キロ以内だとして注意報を出した。	じゅーしち'じ/さんじゅ'っぷん、みなとの/かんせーわ、みとーしが/いち'きろ/い'ないだとして/ちゅーい'ほーを/だ'した。	じゅーしちじさんじゅっぷん、みなとのかんせーわ、みとーしがいちきろいないだとしてちゅーいほーをだした。	auto
c202-1		これがセウォル号だ。長さ約146メートル、幅22メートル。	これが/せうぉる'ごーだ。な'がさ/やくひゃくよんじゅーろくめ'ーとる、はば/にじゅーにめ'ーとる。	これがせうぉるごーだ。ながさやくひゃくよんじゅーろくめーとる、はばにじゅーにめーとる。	auto
c202-2		最大956人を乗せて、客と車や荷物を一緒に運ぶフェリーだった。	さいだい/きゅーひゃくごじゅーろくに'んを/のせて、きゃくと/くるまや/に'もつを/いっしょに/はこぶ/ふぇ'りーだった。	さいだいきゅーひゃくごじゅーろくにんをのせて、きゃくとくるまやにもつをいっしょにはこぶふぇりーだった。	auto
c203-1		予定の出港は、夕方の18時30分。翌朝の9時10分ごろ、チェジュ港に着く。	よてーの/しゅっこーわ、ゆーがたの/じゅーはち'じ/さんじゅ'っぷん。よくあさの/く'じ/じゅっぷんご'ろ、ちぇじゅ'こーに/つ'く。	よてーのしゅっこーわ、ゆーがたのじゅーはちじさんじゅっぷん。よくあさのくじじゅっぷんごろ、ちぇじゅこーにつく。	auto
c203-2	q	つまり、夜通し走る船？	つ'まり、よどおし/はし'る/ふ'ね？	つまり、よどおしはしるふね？	auto
c203-3		そう。これを、週に2往復していた。	そー。これを、しゅ'ーに/にお'ーふくしていた。	そー。これを、しゅーににおーふくしていた。	auto
c204-1		この夜、乗ったのは476人。乗客が443人、船で働く人が33人。	この/よ'る、のった'のわ/よんひゃくななじゅーろくに'ん。じょーきゃくが/よんひゃくよんじゅーさんに'ん、ふ'ねで/はたらく/ひとが/さんじゅーさんに'ん。	このよる、のったのわよんひゃくななじゅーろくにん。じょーきゃくがよんひゃくよんじゅーさんにん、ふねではたらくひとがさんじゅーさんにん。	auto
c204-2		生徒325人と先生14人は、アンサン市のダンウォン高校の修学旅行だった。	せ'ーと/さんびゃくにじゅーごに'んと/せんせ'ー/じゅーよに'んわ、あんさ'んしの/だんうぉんこ'ーこーの/しゅーがくりょ'こーだった。	せーとさんびゃくにじゅーごにんとせんせーじゅーよにんわ、あんさんしのだんうぉんこーこーのしゅーがくりょこーだった。	auto
c205-1		ほかの一般の乗客は104人。荷物を運ぶトラックの運転手とその配偶者や、	ほかの/いっぱんの/じょーきゃくわ/ひゃくよに'ん。に'もつを/はこぶ/とら'っくの/うんて'んしゅと/その/はいぐ'ーしゃや。	ほかのいっぱんのじょーきゃくわひゃくよにん。にもつをはこぶとらっくのうんてんしゅとそのはいぐーしゃや。	auto
c205-2		小学校の同窓会の仲間たちもいた。	しょーが'っこーの/どーそ'ーかいの/なかま'たちも/いた'。	しょーがっこーのどーそーかいのなかまたちもいた。	auto
c206-1	q	船で働く人たちは？	ふ'ねで/はたらく/ひと'たちわ？	ふねではたらくひとたちわ？	auto
c206-2		33人のうち、船を動かす船員が15人。調理や事務の係が8人。	さんじゅーさんに'んのうち、ふ'ねを/うごか'す/せんいんが/じゅーごに'ん。ちょ'ーりや/じ'むの/か'かりが/はちに'ん。	さんじゅーさんにんのうち、ふねをうごかすせんいんがじゅーごにん。ちょーりやじむのかかりがはちにん。	auto
c206-3		ほかに、アルバイトの学生や歌手など、10人が乗っていた。	ほかに、あるば'いとの/がくせーや/か'しゅなど、じゅーに'んが/のっていた'。	ほかに、あるばいとのがくせーやかしゅなど、じゅーにんがのっていた。	auto
c207-1		霧で、出港は遅れた。セウォル号が港を離れたのは、21時5分。	きりで、しゅっこーわ/おくれた'。せうぉる'ごーが/みなとを/はな'れたのわ、にじゅーいち'じ/ご'ふん。	きりで、しゅっこーわおくれた。せうぉるごーがみなとをはなれたのわ、にじゅーいちじごふん。	auto
c207-2		予定より、2時間30分あまり遅れていた。	よてーよ'り、にじ'かん/さんじゅっぷんあ'まり/おくれていた'。	よてーより、にじかんさんじゅっぷんあまりおくれていた。	auto
c208-1		その前、15日の17時ごろ。3等航海士が「出港前安全点検報告書」を、	その/ま'え、じゅーご'にちの/じゅーしちじご'ろ。さんとーこ'ーかいしが/しゅっこーま'え/あんぜんてんけんほーこくしょを。	そのまえ、じゅーごにちのじゅーしちじごろ。さんとーこーかいしがしゅっこーまえあんぜんてんけんほーこくしょを。	auto
c208-2		船会社の団体の運航管理室に出していた。	ふなが'いしゃの/だんたいの/うんこーかんり'しつに/だ'していた。	ふながいしゃのだんたいのうんこーかんりしつにだしていた。	auto
c209-1	q	その書類に、何か？	その/しょるいに、な'にか？	そのしょるいに、なにか？	auto
c209-2		海洋安全審判院の報告書は、こう書いている。	かいよー/あんぜんしんぱ'んいんの/ほーこくしょわ、こー/か'いている。	かいよーあんぜんしんぱんいんのほーこくしょわ、こーかいている。	auto
c209-3		出港前の報告書に、人数も貨物量も未記入	しゅっこーま'えの/ほーこくしょに、に'んずーも/かもつ'りょーも/みき'にゅー。	しゅっこーまえのほーこくしょに、にんずーもかもつりょーもみきにゅー。	auto
c210-1		積みすぎていないかは、船が水に沈んでいる深さ「喫水」で確かめる。	つみすぎていな'いかわ、ふ'ねが/みずに/しずんでいる'/ふか'さ/きっすいで/たしかめ'る。	つみすぎていないかわ、ふねがみずにしずんでいるふかさきっすいでたしかめる。	auto
c210-2		運航管理室の係は、100から150メートル離れた所から、望遠鏡でそれを見た。	うんこーかんり'しつの/か'かりわ、ひゃく'から/ひゃくごじゅーめ'ーとる/はな'れたところから、ぼーえんきょーで/それを/み'た。	うんこーかんりしつのかかりわ、ひゃくからひゃくごじゅーめーとるはなれたところから、ぼーえんきょーでそれをみた。	auto
c211-1		沈んでよい限りの線は6.26メートル。見た値は、約6.20メートルだった。	しずんでよいか'ぎりの/せ'んわ/ろくてんにーろくめ'ーとる。み'た/あたいわ、や'く/ろくてんにーぜろめ'ーとるだった。	しずんでよいかぎりのせんわろくてんにーろくめーとる。みたあたいわ、やくろくてんにーぜろめーとるだった。	auto
c211-2	q	つまり、積みすぎではない？	つ'まり、つみすぎで'わない？	つまり、つみすぎでわない？	auto
c211-3		そう判断された。	そー/はんだんされた'。	そーはんだんされた。	auto
c212-1		港を出たあと、船は無線で出港を報告した。旅客450人、船員24人、	みなとを/でた'あと、ふ'ねわ/むせんで/しゅっこーを/ほーこくした'。りょかく/よんひゃくごじゅーに'ん、せんいん/にじゅーよに'ん。	みなとをでたあと、ふねわむせんでしゅっこーをほーこくした。りょかくよんひゃくごじゅーにん、せんいんにじゅーよにん。	auto
c212-2		車150台、一般の貨物657トン。人の数も車の数も、実際とは違っていた。	くるま/ひゃくごじゅ'ーだい、いっぱんの/か'もつ/ろっぴゃくごじゅーなな'とん。ひとの/か'ずも/くるまの/か'ずも、じっさいと'わ/ちがっていた'。	くるまひゃくごじゅーだい、いっぱんのかもつろっぴゃくごじゅーななとん。ひとのかずもくるまのかずも、じっさいとわちがっていた。	auto
c213-1		21時39分、船は、港の沖の島、パルミドを通ったと報告した。	にじゅーいち'じ/さんじゅーきゅ'ーふん、ふ'ねわ、みなとの/おきのしま、ぱるみどを/と'ーったと/ほーこくした'。	にじゅーいちじさんじゅーきゅーふん、ふねわ、みなとのおきのしま、ぱるみどをとーったとほーこくした。	auto
c213-2		船は夜のあいだ、南へ走り続けた。	ふ'ねわ/よ'るの/あいだ、みなみえ/はしりつずけた'。	ふねわよるのあいだ、みなみえはしりつずけた。	auto
c214-1		この船には、韓国に来る前の歴史がある。	この/ふ'ねにわ、か'んこくに/く'る/ま'えの/れきしが/あ'る。	このふねにわ、かんこくにくるまえのれきしがある。	auto
c214-2	q	韓国に来る前？	か'んこくに/く'る/ま'え？	かんこくにくるまえ？	auto
c214-3		もとは、日本の海を走っていた船なのだ。	もと'わ、にほ'んの/う'みを/はし'っていた/ふ'ねなのだ。	もとわ、にほんのうみをはしっていたふねなのだ。	auto
c301-1		2010年2月、鹿児島港で撮られた写真だ。船首に「フェリーなみのうえ」とある。	にせんじゅ'ーねん/にがつ'、かごしま'こーで/とられた'/しゃしんだ。せ'んしゅに/ふぇりーなみのうえ'と/あ'る。	にせんじゅーねんにがつ、かごしまこーでとられたしゃしんだ。せんしゅにふぇりーなみのうえとある。	auto
c301-2		これが、のちのセウォル号である。	これが、のち'の/せうぉる'ごーである。	これが、のちのせうぉるごーである。	auto
c302-1	q	どこで造られた船なの？	ど'こで/つくられた'/ふ'ねなの？	どこでつくられたふねなの？	auto
c302-2		日本の林兼造船だ。1994年1月に工事が始まり、4月1日に進水した。	にほ'んの/はやしかねぞ'ーせんだ。せんきゅーひゃくきゅーじゅーよ'ねん/いちがつ'に/こ'ーじが/はじまり、しがつ'/ついたち'に/しんすいした'。	にほんのはやしかねぞーせんだ。せんきゅーひゃくきゅーじゅーよねんいちがつにこーじがはじまり、しがつついたちにしんすいした。	auto
c302-3		進水とは、造った船を初めて水に浮かべることだ。	しんすいと'わ、つく'った/ふ'ねを/はじ'めて/みずに/うかべること'だ。	しんすいとわ、つくったふねをはじめてみずにうかべることだ。	auto
c303-1		名前は「なみのうえ」。使っていたのは、日本の会社マルエーフェリー。	なまえわ/なみのうえ'。つかっていた'のわ、にほ'んの/かいしゃまるえーふぇ'りー。	なまえわなみのうえ。つかっていたのわ、にほんのかいしゃまるえーふぇりー。	auto
c303-2		九州と沖縄を結ぶ航路などで、客と貨物を運んでいた。	きゅ'ーしゅーと/おきなわを/むすぶ/こ'ーろなどで、きゃくと/か'もつを/はこんでいた'。	きゅーしゅーとおきなわをむすぶこーろなどで、きゃくとかもつをはこんでいた。	auto
c304-1		2012年10月8日、韓国のチョンヘジン海運が、この船を日本から導入した。	にせんじゅーに'ねん/じゅーがつ'/よーか、か'んこくの/ちょんへじんか'いうんが、この/ふ'ねを/にほ'んから/どーにゅーした'。	にせんじゅーにねんじゅーがつよーか、かんこくのちょんへじんかいうんが、このふねをにほんからどーにゅーした。	auto
c304-2		1994年の進水から、18年あまりがたっていた。	せんきゅーひゃくきゅーじゅーよ'ねんの/しんすいから'、じゅーはちねんあ'まりが/た'っていた。	せんきゅーひゃくきゅーじゅーよねんのしんすいから、じゅーはちねんあまりがたっていた。	auto
c305-1	q	名前は、変わったの？	なまえわ、かわった'の？	なまえわ、かわったの？	auto
c305-2		新しい名前は、セウォル号。	あたらし'い/なまえわ、せうぉる'ごー。	あたらしいなまえわ、せうぉるごー。	auto
c305-3		同じ月の22日、インチョンが、この船の本籍にあたる港として登録された。	おなじ/つき'の/にじゅーに'にち、い'んちょんが、この/ふ'ねの/ほ'んせきに/あたる/みなととして/とーろくされた'。	おなじつきのにじゅーににち、いんちょんが、このふねのほんせきにあたるみなととしてとーろくされた。	auto
c306-1		船首には、ローマ字とハングルで、その名前が書かれている。	せ'んしゅにわ、ろーま'じと/は'んぐるで、その/なまえが/かかれている'。	せんしゅにわ、ろーまじとはんぐるで、そのなまえがかかれている。	auto
c306-2		韓国で客を乗せ始めたのは、2013年3月16日だった。	か'んこくで/きゃくを/のせはじ'めたのわ、にせんじゅーさ'んねん/さ'んがつ/じゅーろく'にちだった。	かんこくできゃくをのせはじめたのわ、にせんじゅーさんねんさんがつじゅーろくにちだった。	auto
c307-1		それから事故の日まで、およそ1年1か月。	それから/じこの'ひまで、およそ/いち'ねん/いっか'げつ。	それからじこのひまで、およそいちねんいっかげつ。	auto
c307-2		セウォル号は、インチョンとチェジュのあいだを往復した。	せうぉる'ごーわ、い'んちょんと/ちぇ'じゅの/あいだを/おーふくした'。	せうぉるごーわ、いんちょんとちぇじゅのあいだをおーふくした。	auto
c308-1		ここまでの経歴は、海洋安全審判院の報告書に書かれている。	ここま'での/けーれきわ、かいよー/あんぜんしんぱ'んいんの/ほーこくしょに/かかれている'。	ここまでのけーれきわ、かいよーあんぜんしんぱんいんのほーこくしょにかかれている。	auto
c308-2		日本時代の名前「なみのうえ」も、そこに出てくる。	にほんじ'だいの/なまえなみのうえ'も、そこに/で'てくる。	にほんじだいのなまえなみのうえも、そこにでてくる。	auto
c309-1	q	船の中は、どうなってたの？	ふ'ねのなかわ、ど'ー/なって'たの？	ふねのなかわ、どーなってたの？	auto
c309-2		客室があるのは、上から5階、4階、3階だ。	きゃくしつが/あ'るのわ、うえから'/ごかい、よんかい、さんがいだ。	きゃくしつがあるのわ、うえからごかい、よんかい、さんがいだ。	auto
c309-3		4階はA甲板、3階はB甲板という。その下は、車や荷物を積む甲板だ。	よんかいわ/えーかんぱん、さんがいわ/びーかんぱんと/いう。その/したわ、くるまや/に'もつを/つむ/かんぱんだ。	よんかいわえーかんぱん、さんがいわびーかんぱんという。そのしたわ、くるまやにもつをつむかんぱんだ。	auto
c310-1		5階には、船を操る操舵室と、1等客室やロビー、展示室があった。	ごかいに'わ、ふ'ねを/あやつ'る/そーだ'しつと、いっとーきゃ'くしつや/ろ'びー、てんじ'しつが/あ'った。	ごかいにわ、ふねをあやつるそーだしつと、いっとーきゃくしつやろびー、てんじしつがあった。	auto
c310-2		その下の4階には、2等客室などが並んでいた。	その/したの/よんかいに'わ、にとーきゃ'くしつなどが/ならんでいた'。	そのしたのよんかいにわ、にとーきゃくしつなどがならんでいた。	auto
c311-1		甲板には、25人乗りの救命いかだが44個。	かんぱんに'わ、にじゅーごに'んのりの/きゅーめーい'かだが/よんじゅーよ'んこ。	かんぱんにわ、にじゅーごにんのりのきゅーめーいかだがよんじゅーよんこ。	auto
c311-2		滑り台のようにいかだへ降りる、250人用の脱出シューターが4つ備えてあった。	すべり'だいのよーに/いかだえ/おり'る、にひゃくごじゅーにんよーの/だっしゅつしゅ'ーたーが/よっつ'/そな'えてあった。	すべりだいのよーにいかだえおりる、にひゃくごじゅーにんよーのだっしゅつしゅーたーがよっつそなえてあった。	auto
c311-3	q	逃げる道具は、そろってたんだ	にげ'る/どーぐ'わ、そろって'たんだ。	にげるどーぐわ、そろってたんだ。	auto
c312-1		ただ、韓国で客を乗せる前に、この船は大きく作り変えられた。	た'だ、か'んこくで/きゃくを/のせる/ま'えに、この/ふ'ねわ/お'ーきく/つくりかえら'れた。	ただ、かんこくできゃくをのせるまえに、このふねわおーきくつくりかえられた。	auto
c312-2		導入から4日後に始まり、4か月かかった工事だった。	どーにゅーから'/よっかご'に/はじまり、よんか'げつ/かか'った/こ'ーじだった。	どーにゅーからよっかごにはじまり、よんかげつかかったこーじだった。	auto
c401-1		2012年10月12日から、翌年の2月12日まで。セウォル号は、	にせんじゅーに'ねん/じゅーがつ'/じゅーに'にちから、よくねんの/にがつ'/じゅーに'にちまで。せうぉる'ごーわ。	にせんじゅーにねんじゅーがつじゅーににちから、よくねんのにがつじゅーににちまで。せうぉるごーわ。	auto
c401-2		韓国南部のヨンアムにある造船所で、作り変えられた。	かんこくな'んぶの/よ'んあむに/あ'る/ぞーせんしょ'で、つくりかえら'れた。	かんこくなんぶのよんあむにあるぞーせんしょで、つくりかえられた。	auto
c402-1		船の後ろの、A甲板の端の部屋は、天井を約1.7メートル高くした。	ふ'ねの/うしろの、えーかんぱんの/はしの/へや'わ、てんじょーを/や'く/いってんななめ'ーとる/たか'くした。	ふねのうしろの、えーかんぱんのはしのへやわ、てんじょーをやくいってんななめーとるたかくした。	auto
c402-2		そのうえで部屋を後ろへ延ばし、上と下、2つの階に分けた。	そのうえ'で/へや'を/うしろえ/のば'し、うえとした、ふたつ'の/か'いに/わ'けた。	そのうえでへやをうしろえのばし、うえとした、ふたつのかいにわけた。	auto
c403-1		上の階は展示室に、下の階は114人が泊まれる客室になった。	うえの'かいわ/てんじ'しつに、したの/か'いわ/ひゃくじゅーよに'んが/とまれ'る/きゃくしつに/な'った。	うえのかいわてんじしつに、したのかいわひゃくじゅーよにんがとまれるきゃくしつになった。	auto
c404-1		B甲板の後ろの、乗用車を置く場所には、運転手の客室を作った。定員は56人。	びーかんぱんの/うしろの、じょーよ'ーしゃを/おく/ばしょに'わ、うんて'んしゅの/きゃくしつを/つく'った。てーいんわ/ごじゅーろくに'ん。	びーかんぱんのうしろの、じょーよーしゃをおくばしょにわ、うんてんしゅのきゃくしつをつくった。てーいんわごじゅーろくにん。	auto
c404-2		一方で、船首の右側にあった、車が通る渡し板を外した。重さは推定で約50トン。	いっぽ'ーで、せ'んしゅの/みぎがわに/あ'った、くるまが/と'ーる/わたし'いたを/はずした'。おも'さわ/すいてーで/や'く/ごじゅ'っとん。	いっぽーで、せんしゅのみぎがわにあった、くるまがとーるわたしいたをはずした。おもさわすいてーでやくごじゅっとん。	auto
c405-1	q	部屋を足すと、何が変わるの？	へや'を/たす'と、な'にが/かわる'の？	へやをたすと、なにがかわるの？	auto
c405-2		高いところに重さを足すと、船の重さの中心、つまり重心が上がる。	たか'いところに/おも'さを/たす'と、ふ'ねの/おも'さの/ちゅーしん、つ'まり/じゅーしんが/あがる。	たかいところにおもさをたすと、ふねのおもさのちゅーしん、つまりじゅーしんがあがる。	auto
c405-3		重心が高い船ほど、傾いたときに元へ戻ろうとする力、復原力が弱くなる。	じゅーしんが/たか'い/ふねほど、かたむ'いたときに/もと'え/もど'ろーとする/ちから'、ふくげ'んりょくが/よわ'くなる。	じゅーしんがたかいふねほど、かたむいたときにもとえもどろーとするちから、ふくげんりょくがよわくなる。	auto
c406-1		報告書の表1では、重心の高さは11.27メートルから11.78メートルへ。	ほーこくしょの/ひょー'/いち'でわ、じゅーしんの/た'かさわ/じゅーいってんにーななめ'ーとるから/じゅーいってんななはちめ'ーとるえ。	ほーこくしょのひょーいちでわ、じゅーしんのたかさわじゅーいってんにーななめーとるからじゅーいってんななはちめーとるえ。	auto
c406-2		改造で、船の重心が51センチ上がった	かいぞーで、ふ'ねの/じゅーしんが/ごじゅーいっせ'んち/あがった'。	かいぞーで、ふねのじゅーしんがごじゅーいっせんちあがった。	auto
c407-1		その代わりに、積める貨物の上限は、2437トンから987トンに下げられた。	その/かわりに、つめる/か'もつの/じょーげんわ、にせんよんひゃくさんじゅーなな'とんから/きゅーひゃくはちじゅーなな'とんに/さげら'れた。	そのかわりに、つめるかもつのじょーげんわ、にせんよんひゃくさんじゅーななとんからきゅーひゃくはちじゅーななとんにさげられた。	auto
c407-2		もとの4割ほどしか、積めない船になった。	もと'の/よんわりほどしか、つめな'い/ふ'ねに/な'った。	もとのよんわりほどしか、つめないふねになった。	auto
c407-3	q	ずいぶん、減ったんだ	ず'いぶん、へった'んだ。	ずいぶん、へったんだ。	auto
c408-1		重しの水は、逆に増やすことになった。	おもしの/みずわ、ぎゃくに/ふや'すことに/な'った。	おもしのみずわ、ぎゃくにふやすことになった。	auto
c408-2		船の底のタンクに入れる水、バラストだ。370トンから1703トンへ。	ふ'ねの/そこの/た'んくに/いれる/みず、ばら'すとだ。さんびゃくななじゅ'っとんから/せんななひゃくさ'んとんえ。	ふねのそこのたんくにいれるみず、ばらすとだ。さんびゃくななじゅっとんからせんななひゃくさんとんえ。	auto
c409-1	q	荷を減らして、水を足すってこと？	に'を/へらして、みずを/たす'ってこと？	にをへらして、みずをたすってこと？	auto
c409-2		それが、作り変えた船が復原力の基準を満たすための、認められた条件だった。	それが、つくりか'えた/ふ'ねが/ふくげ'んりょくの/きじゅんを/みた'すための、みとめら'れた/じょーけ'んだった。	それが、つくりかえたふねがふくげんりょくのきじゅんをみたすための、みとめられたじょーけんだった。	auto
c410-1		客室を足して、乗せられる人の数は、840人から956人に増えた。	きゃくしつを/たして、のせられ'る/ひとの/か'ずわ、はっぴゃくよんじゅーに'んから/きゅーひゃくごじゅーろくに'んに/ふ'えた。	きゃくしつをたして、のせられるひとのかずわ、はっぴゃくよんじゅーにんからきゅーひゃくごじゅーろくにんにふえた。	auto
c411-1		この改造には、政府の許可は要らなかった。	この/かいぞーに'わ、せ'ーふの/きょ'かわ/いらな'かった。	このかいぞーにわ、せーふのきょかわいらなかった。	auto
c411-2		長さや幅、深さ、使い道が変わるときだけ、事前の許可が要る決まりだったからだ。	な'がさや/はば、ふか'さ、つかいみちが/かわると'きだけ、じぜんの/きょ'かが/いる/きまりだ'った/からだ。	ながさやはば、ふかさ、つかいみちがかわるときだけ、じぜんのきょかがいるきまりだったからだ。	auto
c412-1		2017年に引き揚げられたあとの、セウォル号の船体だ。	にせんじゅーなな'ねんに/ひきあげられた'あとの、せうぉる'ごーの/せんたいだ。	にせんじゅーななねんにひきあげられたあとの、せうぉるごーのせんたいだ。	auto
c412-2		客室が足されたのは、この横倒しの船の、後ろの上の階だった。	きゃくしつが/たされた'のわ、この/よこだおしの/ふ'ねの、うしろの/うえの'かいだった。	きゃくしつがたされたのわ、このよこだおしのふねの、うしろのうえのかいだった。	auto
c413-1		2013年1月24日、モッポ港で、「傾斜試験」が行われた。	にせんじゅーさ'んねん/いちがつ'/に'じゅー/よっか、もっぽ'こーで、けーしゃしけ'んが/おこなわれた'。	にせんじゅーさんねんいちがつにじゅーよっか、もっぽこーで、けーしゃしけんがおこなわれた。	auto
c413-2		船の重さと重心の高さを実際に確かめる試験で、船の検査機関の韓国船級も立ち会った。	ふ'ねの/おも'さと/じゅーしんの/た'かさを/じっさいに/たしかめ'る/しけ'んで、ふ'ねの/けんさき'かんの/かんこくせ'んきゅーも/たちあ'った。	ふねのおもさとじゅーしんのたかさをじっさいにたしかめるしけんで、ふねのけんさきかんのかんこくせんきゅーもたちあった。	auto
c413-3	q	それで、正しく量れたの？	それで、ただ'しく/はか'れたの？	それで、ただしくはかれたの？	auto
c414-1		ただ報告書によれば、この試験の計算に入っていない重さがあった。	た'だ/ほーこくしょに/よれ'ば、この/しけ'んの/けーさんに/は'いっていない/おも'さが/あ'った。	ただほーこくしょによれば、このしけんのけーさんにはいっていないおもさがあった。	auto
c414-2		検査が終わったあとに足された、展示室の飾りの大理石だ。	け'んさが/おわった'あとに/たされた'、てんじ'しつの/かざりの/だいり'せきだ。	けんさがおわったあとにたされた、てんじしつのかざりのだいりせきだ。	auto
c415-1		船の後ろが沈む深さも誤って計算され、船の重さは少なく見積もられていた。	ふ'ねの/うしろが/しずむ/ふか'さも/あやま'って/けーさんされ、ふ'ねの/おも'さわ/すくな'く/みつもられていた'。	ふねのうしろがしずむふかさもあやまってけーさんされ、ふねのおもさわすくなくみつもられていた。	auto
c416-1		では、事故の前の晩。セウォル号は、どれだけの荷を積んでいたのか。	で'わ、じ'この/ま'えの/ばん。せうぉる'ごーわ、ど'れだけの/に'を/つんでいた'のか。	でわ、じこのまえのばん。せうぉるごーわ、どれだけのにをつんでいたのか。	auto
c501-1		沈む20日前のセウォル号。船首の甲板に、コンテナが積まれている。	しずむ/はつかま'えの/せうぉる'ごー。せ'んしゅの/かんぱんに、こんてなが/つまれている'。	しずむはつかまえのせうぉるごー。せんしゅのかんぱんに、こんてながつまれている。	auto
c501-2		事故の日も、そこにコンテナが2段に積まれていた。	じこの'ひも、そこに/こんてなが/に'だんに/つまれていた'。	じこのひも、そこにこんてながにだんにつまれていた。	auto
c502-1		4月15日の夜、セウォル号には、車が185台積まれていた。	しがつ'/じゅーご'にちの/よ'る、せうぉる'ごーにわ、くるまが/ひゃくはちじゅーご'だい/つまれていた'。	しがつじゅーごにちのよる、せうぉるごーにわ、くるまがひゃくはちじゅーごだいつまれていた。	auto
c502-2		トラックや乗用車、ワゴン車など。	とら'っくや/じょーよ'ーしゃ、わご'んしゃなど。	とらっくやじょーよーしゃ、わごんしゃなど。	auto
c503-1		コンテナは、長さ約2.4メートル（8フィート）の箱が60個。	こんてなわ、な'がさ/や'く/にーてんよんめ'ーとる、はちふぃ'ーとの/はこが/ろ'くじゅっこ。	こんてなわ、ながさやくにーてんよんめーとる、はちふぃーとのはこがろくじゅっこ。	auto
c503-2		約3メートル（10フィート）の箱が45個。あわせて105個だ。	や'く/さんめ'ーとる、じゅっふぃ'ーとの/はこが/よんじゅーご'こ。あわ'せて/ひゃくご'こだ。	やくさんめーとる、じゅっふぃーとのはこがよんじゅーごこ。あわせてひゃくごこだ。	auto
c504-1	q	重さにすると、どれくらい？	おも'さにすると、ど'れくらい？	おもさにすると、どれくらい？	auto
c504-2		検察と警察の合同捜査本部の資料などによれば、積み荷は約2143トン。	けんさつと/けーさつの/ごーどーそーさほ'んぶの/し'りょーなどに/よれ'ば、つみにわ/や'く/にせんひゃくよんじゅーさ'んとん。	けんさつとけーさつのごーどーそーさほんぶのしりょーなどによれば、つみにわやくにせんひゃくよんじゅーさんとん。	auto
c504-3		承認された上限は、約987トンだった。	しょーにんされた'/じょーげんわ、や'く/きゅーひゃくはちじゅーなな'とんだった。	しょーにんされたじょーげんわ、やくきゅーひゃくはちじゅーななとんだった。	auto
c505-1		上限を、1100トン以上も超えていたことになる。	じょーげんを、せんひゃく'とん/い'じょーも/こえていた'ことに/な'る。	じょーげんを、せんひゃくとんいじょーもこえていたことになる。	auto
c505-2		積んだ貨物は、上限987トンの2倍超	つんだ'/か'もつわ、じょーげん/きゅーひゃくはちじゅーなな'とんの/にばい'ちょー。	つんだかもつわ、じょーげんきゅーひゃくはちじゅーななとんのにばいちょー。	auto
c506-1		報告書の表6には、どの甲板に何を積んだかが並んでいる。	ほーこくしょの/ひょー'/ろく'にわ、ど'の/かんぱんに/な'にを/つんだ'かが/ならんでいる'。	ほーこくしょのひょーろくにわ、どのかんぱんになにをつんだかがならんでいる。	auto
c506-2		ショベルカーやフォークリフト、鉄の資材まであった。	しょべる'かーや/ふぉーくり'ふと、てつの/し'ざいまで/あ'った。	しょべるかーやふぉーくりふと、てつのしざいまであった。	auto
c507-1	q	バラストの方は？	ばら'すとのほおわ？	ばらすとのほおわ？	auto
c507-2		貨物を987トン積むなら、バラストは約1703トン。	か'もつを/きゅーひゃくはちじゅーなな'とん/つむな'ら、ばら'すとわ/やくせんななひゃくさ'んとん。	かもつをきゅーひゃくはちじゅーななとんつむなら、ばらすとわやくせんななひゃくさんとん。	auto
c507-3		それが、もう1つの条件だった。	それが、も'ー/ひと'つの/じょーけ'んだった。	それが、もーひとつのじょーけんだった。	auto
c508-1		出港のときに入っていたバラストは、約761トンだった。	しゅっこーのと'きに/は'いっていた/ばら'すとわ、や'く/ななひゃくろくじゅーい'っとんだった。	しゅっこーのときにはいっていたばらすとわ、やくななひゃくろくじゅーいっとんだった。	auto
c508-2		バラストは1703トンのはずが761トン	ばら'すとわ/せんななひゃくさ'んとんのはずが/ななひゃくろくじゅーい'っとん。	ばらすとわせんななひゃくさんとんのはずがななひゃくろくじゅーいっとん。	auto
c509-1		報告書によれば、港を出てから事故まで、バラストは調整されなかった。	ほーこくしょに/よれ'ば、みなとを/で'てから/じ'こまで、ばら'すとわ/ちょーせーされ'なかった。	ほーこくしょによれば、みなとをでてからじこまで、ばらすとわちょーせーされなかった。	auto
c509-2		1等航海士と船長は、そのまま船を走らせ続けた。	いっとーこ'ーかいしと/せ'んちょーわ、そのまま'/ふ'ねを/はしらせつずけた'。	いっとーこーかいしとせんちょーわ、そのままふねをはしらせつずけた。	auto
c510-1		荷は、揺れで動かないよう、ベルトや鎖で船に縛りつける。これを固縛という。	に'わ、ゆれで/うごか'ないよー、べるとや/くさりで/ふ'ねに/しばりつけ'る。これを/こばくと/いう。	にわ、ゆれでうごかないよー、べるとやくさりでふねにしばりつける。これをこばくという。	auto
c510-2		車のタイヤには木の止めが当てられたが、縛るベルトは基準より少なかった。	くるまの/たいやに'わ/き'の/とめが/あてら'れたが、しば'る/べるとわ/きじゅんよ'り/すくな'かった。	くるまのたいやにわきのとめがあてられたが、しばるべるとわきじゅんよりすくなかった。	auto
c511-1		乗用車は、前と後ろに2本ずつ使うはずのベルトが、1本ずつ。	じょーよ'ーしゃわ、ま'えと/うしろに/にほんず'つ/つかうはずの/べるとが、いっぽんず'つ。	じょーよーしゃわ、まえとうしろににほんずつつかうはずのべるとが、いっぽんずつ。	auto
c511-2		25トンのトラックは、10本のはずが、鎖4本だけだった。	にじゅーご'とんの/とら'っくわ、じゅ'っぽんのはずが、くさり/よ'んほんだけだった。	にじゅーごとんのとらっくわ、じゅっぽんのはずが、くさりよんほんだけだった。	auto
c511-3	q	そんなに、足りなかったんだ	そんなに'、たりな'かったんだ。	そんなに、たりなかったんだ。	auto
c512-1		霧で出港が遅れたあと、出る直前に、仮ナンバーの乗用車10台ほどが積まれた。	きりで/しゅっこーが/おくれた'あと、で'る/ちょくぜんに、かりな'んばーの/じょーよ'ーしゃ/じゅーだいほどが/つまれた'。	きりでしゅっこーがおくれたあと、でるちょくぜんに、かりなんばーのじょーよーしゃじゅーだいほどがつまれた。	auto
c512-2		この車を特に縛らないまま、船は港を出た。	この/くるまを/と'くに/しばら'ないまま、ふ'ねわ/みなとを/で'た。	このくるまをとくにしばらないまま、ふねわみなとをでた。	auto
c513-1		船首の甲板に2段に積んだコンテナは、専用の留め金を使っていなかった。	せ'んしゅの/かんぱんに/に'だんに/つんだ'/こんてなわ、せんよーの/とめがねを/つかっていな'かった。	せんしゅのかんぱんににだんにつんだこんてなわ、せんよーのとめがねをつかっていなかった。	auto
c513-2		ロープで、コンテナの隅の穴どうしをつないだだけだった。	ろ'ーぷで、こんてなの/す'みの/あなど'ーしを/つないだ'だけだった。	ろーぷで、こんてなのすみのあなどーしをつないだだけだった。	auto
c514-1		しかも、コンテナを積む場所と認められていない、下の甲板。	しか'も、こんてなを/つむ/ばしょと/みとめら'れていない、したの/かんぱん。	しかも、こんてなをつむばしょとみとめられていない、したのかんぱん。	auto
c514-2		そこに、規格の違う約2.4メートルの箱を積んでいた。	そこに、きかくの/ちがう/や'く/にーてんよんめ'ーとるの/はこを/つんでいた'。	そこに、きかくのちがうやくにーてんよんめーとるのはこをつんでいた。	auto
c514-3	q	それだと、何が困るの？	それだ'と、な'にが/こま'るの？	それだと、なにがこまるの？	auto
c515-1		箱の隅の一部が、船の留め具にきちんと留まらなかった。	はこの/す'みの/いち'ぶが、ふ'ねの/とめ'ぐに/きち'んと/とまらな'かった。	はこのすみのいちぶが、ふねのとめぐにきちんととまらなかった。	auto
c515-2		報告書は、この積み方で、船の傾きにくさ、つまり復原力を計算し直している。	ほーこくしょわ、この/つみかたで、ふ'ねの/かたむきにく'さ、つ'まり/ふくげ'んりょくを/けーさんしなお'している。	ほーこくしょわ、このつみかたで、ふねのかたむきにくさ、つまりふくげんりょくをけーさんしなおしている。	auto
c515-3		9つの項目のうち、5つは基準を満たしていた。	ここ'のつの/こーもくのうち、いつ'つわ/きじゅんを/みた'していた。	ここのつのこーもくのうち、いつつわきじゅんをみたしていた。	auto
c516-1		しかし、急に向きを変えたときの傾きなど、残る4つは基準に届かなかった。	しか'し、きゅーに/む'きを/かえた'ときの/かたむきな'ど、のこ'る/よっつ'わ/きじゅんに/とどか'なかった。	しかし、きゅーにむきをかえたときのかたむきなど、のこるよっつわきじゅんにとどかなかった。	auto
c516-2	q	つまり、急に曲がると傾きやすい？	つ'まり、きゅーに/まがる'と/かたむきやす'い？	つまり、きゅーにまがるとかたむきやすい？	auto
c516-3		そう。翌朝、セウォル号は、大きく向きを変えることになる。	そー。よくあさ、せうぉる'ごーわ、お'ーきく/む'きを/かえること'に/な'る。	そー。よくあさ、せうぉるごーわ、おーきくむきをかえることになる。	auto
c601-1		4月16日の朝。セウォル号は、チンドの近くの島々のあいだを、南へ進んでいた。	しがつ'/じゅーろく'にちの/あ'さ。せうぉる'ごーわ、ち'んどの/ち'かくの/しま'じまの/あいだを、みなみえ/すすんでいた'。	しがつじゅーろくにちのあさ。せうぉるごーわ、ちんどのちかくのしまじまのあいだを、みなみえすすんでいた。	auto
c601-2		メンゴル水道と呼ばれる海の道だ。	めんごるす'いどーと/よばれ'る/う'みの/みちだ。	めんごるすいどーとよばれるうみのみちだ。	auto
c602-1	q	誰が、船を動かしてたの？	だ'れが、ふ'ねを/うごかして'たの？	だれが、ふねをうごかしてたの？	auto
c602-2		操舵室で当直をしていたのは、3等航海士と操舵手の2人。	そーだ'しつで/とーちょくをしていた'のわ、さんとーこ'ーかいしと/そーだ'しゅの/ふたり'。	そーだしつでとーちょくをしていたのわ、さんとーこーかいしとそーだしゅのふたり。	auto
c602-3		操舵手とは、航海士の指示を受けて、舵を回す係だ。	そーだ'しゅとわ、こーかい'しの/し'じを/う'けて、か'じを/まわす/か'かりだ。	そーだしゅとわ、こーかいしのしじをうけて、かじをまわすかかりだ。	auto
c603-1		報告書によれば、3等航海士が南へ向かってこの水道を通るのは、初めてだった。	ほーこくしょに/よれ'ば、さんとーこ'ーかいしが/みなみえ/むかって/この/すいどーを/と'ーるのわ、はじ'めてだった。	ほーこくしょによれば、さんとーこーかいしがみなみえむかってこのすいどーをとーるのわ、はじめてだった。	auto
c603-2		船長は、事故の10分あまり前に、操舵室を離れていた。	せ'んちょーわ、じ'この/じゅっぷんあまりま'えに、そーだ'しつを/はな'れていた。	せんちょーわ、じこのじゅっぷんあまりまえに、そーだしつをはなれていた。	auto
c604-1		8時46分、1回目の変針。変針とは、船の進む向きを変えることだ。	はち'じ/よんじゅーろ'っぷん、いっかいめの/へんしん。へんしんと'わ、ふ'ねの/すすむ/む'きを/かえること'だ。	はちじよんじゅーろっぷん、いっかいめのへんしん。へんしんとわ、ふねのすすむむきをかえることだ。	auto
c604-2		右に見えるピョンプンドまでは、約1.7キロ（0.9マイル）だった。	みぎに/みえ'る/ぴょんぷ'んどまでわ、や'く/いってんなな'きろ、れーてんきゅーま'いるだった。	みぎにみえるぴょんぷんどまでわ、やくいってんななきろ、れーてんきゅーまいるだった。	auto
c605-1		3等航海士は、前任の船長の指針どおり、大きな舵を避けていた。	さんとーこ'ーかいしわ、ぜんにんの/せ'んちょーの/ししんど'ーり、お'ーきな/か'じを/さ'けていた。	さんとーこーかいしわ、ぜんにんのせんちょーのししんどーり、おーきなかじをさけていた。	auto
c605-2		向きを変えるのは、5度以内ずつ、2回に分けて。	む'きを/かえる'のわ、ご'ど/いないず'つ、にか'いに/わ'けて。	むきをかえるのわ、ごどいないずつ、にかいにわけて。	auto
c605-3	q	少しずつ、曲げてたってこと？	すこしず'つ、まげて/た'ってこと？	すこしずつ、まげてたってこと？	auto
c606-1		そう。2回目は、南東より少し南の、145度へ。	そー。にかいめわ、なんとーよ'り/すこ'し/みなみの、ひゃくよんじゅーご'どえ。	そー。にかいめわ、なんとーよりすこしみなみの、ひゃくよんじゅーごどえ。	auto
c606-2		報告書の中でも、その時刻は8時48分と8時49分の2通りだ。	ほーこくしょのな'かでも、その/じ'こくわ/はち'じ/よんじゅーは'っぷんと/はち'じ/よんじゅーきゅ'ーふんの/ふたと'ーりだ。	ほーこくしょのなかでも、そのじこくわはちじよんじゅーはっぷんとはちじよんじゅーきゅーふんのふたとーりだ。	auto
c607-1		報告書の注には、そのとき操舵手が口にした言葉が残っている。	ほーこくしょの/ちゅーに'わ、そのと'き/そーだ'しゅが/くちにした'/ことば'が/のこ'っている。	ほーこくしょのちゅーにわ、そのときそーだしゅがくちにしたことばがのこっている。	auto
c607-2		変針の指示の数秒後、操舵手「あ、舵が」	へんしんの/し'じの/すーびょーご'、そーだ'しゅ/あ'、か'じが。	へんしんのしじのすーびょーご、そーだしゅあ、かじが。	auto
c608-1		船は左へ大きく傾き、船首が右へ大きく回り始めた。	ふ'ねわ/ひだりえ/お'ーきく/かたむき、せ'んしゅが/みぎえ/お'ーきく/まわりはじ'めた。	ふねわひだりえおーきくかたむき、せんしゅがみぎえおーきくまわりはじめた。	auto
c608-2		3等航海士は、舵を左に使うよう指示した。それでも、船は右へ回り続けた。	さんとーこ'ーかいしわ、か'じを/ひだりに/つかうよ'ー/し'じした。それで'も、ふ'ねわ/みぎえ/まわりつずけた'。	さんとーこーかいしわ、かじをひだりにつかうよーしじした。それでも、ふねわみぎえまわりつずけた。	auto
c609-1		航跡とは、船の通った跡だ。	こーせきと'わ、ふ'ねの/と'ーった/あ'とだ。	こーせきとわ、ふねのとーったあとだ。	auto
c609-2		報告書の航跡では、8時49分13秒からの43秒で、右へ約79度も回った。	ほーこくしょの/こーせきで'わ、はち'じ/よんじゅーきゅ'ーふん/じゅーさ'んびょーからの/よんじゅーさ'んびょーで、みぎえ/や'く/ななじゅーきゅ'ーども/まわった'。	ほーこくしょのこーせきでわ、はちじよんじゅーきゅーふんじゅーさんびょーからのよんじゅーさんびょーで、みぎえやくななじゅーきゅーどもまわった。	auto
c610-1		速さは、時速約31キロから、約19キロに落ちた。	はや'さわ、じそく/や'く/さんじゅーいち'きろから、やくじゅーきゅ'ーきろに/お'ちた。	はやさわ、じそくやくさんじゅーいちきろから、やくじゅーきゅーきろにおちた。	auto
c610-2		1分にも満たないあいだの出来事だった。	い'っぷんにも/みた'ない/あいだの/でき'ごとだった。	いっぷんにもみたないあいだのできごとだった。	auto
c610-3	q	あっという間だね	あっとゆうまだね。	あっとゆうまだね。	auto
c611-1		場所は、メンゴル水道を抜けた先だった。	ばしょわ、めんごるす'いどーを/ぬけた'/さきだ'った。	ばしょわ、めんごるすいどーをぬけたさきだった。	auto
c611-2		ピョンプンドの北東、約2.4キロ（1.3マイル）の海である。	ぴょんぷ'んどの/ほくとー、や'く/にーてんよ'んきろ、いってんさんま'いるの/う'みである。	ぴょんぷんどのほくとー、やくにーてんよんきろ、いってんさんまいるのうみである。	auto
c612-1		8時50分ごろ。船は左へ、15度から20度ほど傾いた。	はち'じ/ごじゅっぷんご'ろ。ふ'ねわ/ひだりえ、じゅーご'どから/にじゅーどほど/かたむ'いた。	はちじごじゅっぷんごろ。ふねわひだりえ、じゅーごどからにじゅーどほどかたむいた。	auto
c612-2		報告書の推定では、8時50分33秒に約30度。	ほーこくしょの/すいてーで'わ、はち'じ/ごじゅ'っぷん/さんじゅーさ'んびょーに/や'く/さんじゅ'ーど。	ほーこくしょのすいてーでわ、はちじごじゅっぷんさんじゅーさんびょーにやくさんじゅーど。	auto
c612-3		船首の甲板のコンテナが、海へ落ちた。	せ'んしゅの/かんぱんの/こんてなが、う'みえ/お'ちた。	せんしゅのかんぱんのこんてなが、うみえおちた。	auto
c613-1		うまく縛られていなかった荷が、一方へ寄った。	うま'く/しばられていな'かった/に'が、いっぽ'ーえ/よった'。	うまくしばられていなかったにが、いっぽーえよった。	auto
c613-2		傾きは、さらに大きくなった。	かたむきわ、さ'らに/お'ーきくなった。	かたむきわ、さらにおーきくなった。	auto
c614-1		判決によれば、8時52分。船は、左に傾いたまま、動きを止めた。	はんけつに/よれ'ば、はち'じ/ごじゅーに'ふん。ふ'ねわ、ひだりに/かたむ'いたまま、うごき'を/とめた'。	はんけつによれば、はちじごじゅーにふん。ふねわ、ひだりにかたむいたまま、うごきをとめた。	auto
c615-1	q	なんで、急に曲がったの？	な'んで、きゅーに/まが'ったの？	なんで、きゅーにまがったの？	auto
c615-2		操舵手が舵を切りすぎたのか。舵の装置が故障したのか。	そーだ'しゅが/か'じを/きりす'ぎたのか。か'じの/そ'ーちが/こしょーした'のか。	そーだしゅがかじをきりすぎたのか。かじのそーちがこしょーしたのか。	auto
c615-3		その答えは、12年たった今も決まっていない。	その/こた'えわ、じゅーに'ねん/たったい'まも/きまっていな'い。	そのこたえわ、じゅーにねんたったいまもきまっていない。	auto
c616-1		その話は、あとの章で見る。先に、もう1つの問いに向かう。	その/はなし'わ、あ'との/しょ'ーで/み'る。さきに、も'ー/ひと'つの/といに/むかう。	そのはなしわ、あとのしょーでみる。さきに、もーひとつのといにむかう。	auto
c616-2		止まった船の中で、何が起きていたのか。	とまった'/ふ'ねのなかで、な'にが/お'きていたのか。	とまったふねのなかで、なにがおきていたのか。	auto
c701-1		報告書では、8時52分。乗客の生徒が携帯電話で、119番に通報した。	ほーこくしょで'わ、はち'じ/ごじゅーに'ふん。じょーきゃくの/せ'ーとが/けーたいで'んわで、ひゃくじゅーきゅ'ーばんに/つーほーした'。	ほーこくしょでわ、はちじごじゅーにふん。じょーきゃくのせーとがけーたいでんわで、ひゃくじゅーきゅーばんにつーほーした。	auto
c701-2		船の異変が、外へ知らされた最初の電話だった。	ふ'ねの/いへんが、そ'とえ/しらされた'/さいしょの/でんわだ'った。	ふねのいへんが、そとえしらされたさいしょのでんわだった。	auto
c702-1	q	そのころ、船長たちは？	そのこ'ろ、せ'んちょーたちわ？	そのころ、せんちょーたちわ？	auto
c702-2		船長のイ・ジュンソクと、船を操る甲板部の船員たちが、操舵室に集まってきた。	せ'んちょーの/いじゅ'んそくと、ふ'ねを/あやつ'る/かんぱ'んぶの/せんい'んたちが、そーだ'しつに/あつま'ってきた。	せんちょーのいじゅんそくと、ふねをあやつるかんぱんぶのせんいんたちが、そーだしつにあつまってきた。	auto
c703-1		8時55分。1等航海士が、無線でチェジュの海上交通管制センターに助けを求めた。	はち'じ/ごじゅーご'ふん。いっとーこ'ーかいしが、むせんで/ちぇ'じゅの/かいじょーこーつーかんせーせ'んたーに/たすけ'を/もと'めた。	はちじごじゅーごふん。いっとーこーかいしが、むせんでちぇじゅのかいじょーこーつーかんせーせんたーにたすけをもとめた。	auto
c703-2		「本船、危険です。今、船が倒れます」	ほ'んせん、きけんで'す。い'ま、ふ'ねが/たおれま'す。	ほんせん、きけんです。いま、ふねがたおれます。	auto
c704-1		報告書によれば、8時56分。乗務員が自分の判断で、最初の放送をした。	ほーこくしょに/よれ'ば、はち'じ/ごじゅーろ'っぷん。じょーむ'いんが/じぶんの/は'んだんで、さいしょの/ほーそーをした'。	ほーこくしょによれば、はちじごじゅーろっぷん。じょーむいんがじぶんのはんだんで、さいしょのほーそーをした。	auto
c704-2		乗客を落ち着かせるため、今いる場所で待て、という内容だった。	じょーきゃくを/おちつかせ'るため、い'ま/いる/ばしょで/ま'て、と/いう/ないよーだ'った。	じょーきゃくをおちつかせるため、いまいるばしょでまて、というないよーだった。	auto
c705-1		判決によれば、8時58分。船長は2等航海士に、ある放送を指示した。	はんけつに/よれ'ば、はち'じ/ごじゅーは'っぷん。せ'んちょーわ/にとーこ'ーかいしに、あ'る/ほーそーを/し'じした。	はんけつによれば、はちじごじゅーはっぷん。せんちょーわにとーこーかいしに、あるほーそーをしじした。	auto
c705-2		乗客に救命胴衣を着せて、その場で待機させよ、という趣旨だった。	じょーきゃくに/きゅーめーど'ーいを/きせて、その/ばで/たいきさせ'よ、と/いう/しゅ'しだった。	じょーきゃくにきゅーめーどーいをきせて、そのばでたいきさせよ、というしゅしだった。	auto
c706-1		判決は、このときの船長の指示を、こう認めている。	はんけつわ、このと'きの/せ'んちょーの/し'じを、こー/みとめている'。	はんけつわ、このときのせんちょーのしじを、こーみとめている。	auto
c706-2		船長が指示したのは「待機」の放送だけ	せ'んちょーが/し'じしたのわ/た'いきの/ほーそーだけ。	せんちょーがしじしたのわたいきのほーそーだけ。	auto
c707-1	q	つまり、逃がす準備はなし？	つ'まり、にが'す/じゅ'んびわ/な'し？	つまり、にがすじゅんびわなし？	auto
c707-2		判決の12頁。8時58分の指示に、退船の準備は入っていなかった。	はんけつの/じゅーにぺ'ーじ。はち'じ/ごじゅーは'っぷんの/し'じに、たいせんの/じゅ'んびわ/は'いっていなかった。	はんけつのじゅーにぺーじ。はちじごじゅーはっぷんのしじに、たいせんのじゅんびわはいっていなかった。	auto
c708-1		待機の放送が始まった時刻は、記録の中で3つに分かれる。	た'いきの/ほーそーが/はじまった'/じ'こくわ、きろくのな'かで/みっつ'に/わかれ'る。	たいきのほーそーがはじまったじこくわ、きろくのなかでみっつにわかれる。	auto
c708-2		8時52分、8時56分、8時58分だ。	はち'じ/ごじゅーに'ふん、はち'じ/ごじゅーろ'っぷん、はち'じ/ごじゅーは'っぷんだ。	はちじごじゅーにふん、はちじごじゅーろっぷん、はちじごじゅーはっぷんだ。	auto
c709-1		3階の案内デスクの乗務員たちは、詳しい事情を知らないまま、放送した。	さんがいの/あんないで'すくの/じょーむ'いんたちわ、くわし'い/じじょーを/しらな'いまま、ほーそーした'。	さんがいのあんないですくのじょーむいんたちわ、くわしいじじょーをしらないまま、ほーそーした。	auto
c709-2		今いる場所から絶対に動かず、その場で待て、という趣旨だった。	い'ま/いる/ばしょから'/ぜったいに/うごか'ず、その/ばで/ま'て、と/いう/しゅ'しだった。	いまいるばしょからぜったいにうごかず、そのばでまて、というしゅしだった。	auto
c710-1	q	つまり、ただ待て、と？	つ'まり、た'だ/ま'て、と？	つまり、ただまて、と？	auto
c710-2		沈みかけていることも、助けがどう来るかも、説明はなかった。	しずみか'けていることも、たすけ'が/ど'ー/く'るかも、せつめーわ/な'かった。	しずみかけていることも、たすけがどーくるかも、せつめーわなかった。	auto
c710-3		乗務員たちは操舵室からの次の指示を待ちながら、同じ放送をくり返した。	じょーむ'いんたちわ/そーだ'しつからの/つぎ'の/し'じを/まちな'がら、おなじ/ほーそーを/くりかえした'。	じょーむいんたちわそーだしつからのつぎのしじをまちながら、おなじほーそーをくりかえした。	auto
c711-1		報告書に時刻つきで残る放送は、8時56分、9時10分、9時30分、9時50分。	ほーこくしょに/じこくつきで/のこ'る/ほーそーわ、はち'じ/ごじゅーろ'っぷん、く'じ/じゅ'っぷん、く'じ/さんじゅ'っぷん、く'じ/ごじゅ'っぷん。	ほーこくしょにじこくつきでのこるほーそーわ、はちじごじゅーろっぷん、くじじゅっぷん、くじさんじゅっぷん、くじごじゅっぷん。	auto
c711-2		そのほかに、助けが来るという放送も何回か流れた。	その'ほかに、たすけ'が/く'ると/いう/ほーそーも/な'んかいか/なが'れた。	そのほかに、たすけがくるというほーそーもなんかいかながれた。	auto
c712-1	q	そのあいだ、船員たちは？	その/あいだ、せんい'んたちわ？	そのあいだ、せんいんたちわ？	auto
c712-2		判決によれば、甲板部は、操舵室にとどまったままだった。	はんけつに/よれ'ば、かんぱ'んぶわ、そーだ'しつに/とどま'ったままだった。	はんけつによれば、かんぱんぶわ、そーだしつにとどまったままだった。	auto
c712-3		エンジン係の機関部は、乗客の待機を知りながら、自分たちが逃げる備えだけをした。	えんじんが'かりの/きかん'ぶわ、じょーきゃくの/た'いきを/しりな'がら、じぶ'んたちが/にげ'る/そなえ'だけをした。	えんじんがかりのきかんぶわ、じょーきゃくのたいきをしりながら、じぶんたちがにげるそなえだけをした。	auto
c713-1		機関部は、救命いかだもシューターも下ろさなかった。	きかん'ぶわ、きゅーめーい'かだも/しゅ'ーたーも/おろさ'なかった。	きかんぶわ、きゅーめーいかだもしゅーたーもおろさなかった。	auto
c713-2		乗客を、助けを受けやすい甲板へ導くこともなかった。	じょーきゃくを、たすけ'を/うけやす'い/かんぱんえ/みちび'くことも/な'かった。	じょーきゃくを、たすけをうけやすいかんぱんえみちびくこともなかった。	auto
c714-1		判決は、船の傾きとエンジンの停止を挙げて、こう書く。	はんけつわ、ふ'ねの/かたむきと/え'んじんの/てーしを/あげて、こー/か'く。	はんけつわ、ふねのかたむきとえんじんのてーしをあげて、こーかく。	auto
c714-2		8時58分、乗客は自分で甲板に出られた	はち'じ/ごじゅーは'っぷん、じょーきゃくわ/じぶんで/かんぱんに/でら'れた。	はちじごじゅーはっぷん、じょーきゃくわじぶんでかんぱんにでられた。	auto
c715-1	q	じゃあ、なぜ船内に？	じゃ'ー、な'ぜ/せ'んないに？	じゃー、なぜせんないに？	auto
c715-2		待機の放送が、くり返されていたからだ。	た'いきの/ほーそーが、くりかえされていた'/からだ。	たいきのほーそーが、くりかえされていたからだ。	auto
c716-1		この日は晴れて、波は穏やかだった。	この'ひわ/は'れて、なみ'わ/おだ'やかだった。	このひわはれて、なみわおだやかだった。	auto
c716-2		助けの船が近いうちに着くことも、交信から十分に予想できた。	たすけ'の/ふ'ねが/ちか'いうちに/つ'くことも、こーしんから'/じゅーぶ'んに/よそー/で'きた。	たすけのふねがちかいうちにつくことも、こーしんからじゅーぶんによそーできた。	auto
c717-1		だから船員たちは、乗客が安全に船を出られるよう、準備をしておくべきだった。	だ'から/せんい'んたちわ、じょーきゃくが/あんぜんに/ふ'ねを/でられ'るよー、じゅ'んびをしておくべきだった。	だからせんいんたちわ、じょーきゃくがあんぜんにふねをでられるよー、じゅんびをしておくべきだった。	auto
c717-2		判決は、そう述べている。	はんけつわ、そー/の'べている。	はんけつわ、そーのべている。	auto
c718-1		けれども、船内の放送は「待機」のまま変わらなかった。	け'れども、せ'んないの/ほーそーわ/た'いきのまま/かわらな'かった。	けれども、せんないのほーそーわたいきのままかわらなかった。	auto
c718-2	q	操舵室のほうは？	そーだ'しつのほーわ？	そーだしつのほーわ？	auto
c718-3		無線に、外からの呼びかけが続いていた。	むせんに、そ'とからの/よびかけが/つずいていた'。	むせんに、そとからのよびかけがつずいていた。	auto
c801-1		9時6分。チンドの海上交通管制センターが、無線でセウォル号を呼んだ。	く'じ/ろ'っぷん。ち'んどの/かいじょーこーつーかんせーせ'んたーが、むせんで/せうぉる'ごーを/よんだ'。	くじろっぷん。ちんどのかいじょーこーつーかんせーせんたーが、むせんでせうぉるごーをよんだ。	auto
c801-2		船は沈みかけているのか、と尋ねた。	ふ'ねわ/しずみか'けているのか、と/たず'ねた。	ふねわしずみかけているのか、とたずねた。	auto
c802-1	q	管制センターって？	かんせーせ'んたーって？	かんせーせんたーって？	auto
c802-2		海の上の船の動きを見守り、無線で知らせる所だ。	う'みの/うえのふ'ねの/うごき'を/みまもり、むせんで/しらせるところ'だ。	うみのうえのふねのうごきをみまもり、むせんでしらせるところだ。	auto
c802-3		ここから9時37分まで、31分の交信が続く。	ここから'/く'じ/さんじゅーなな'ふんまで、さんじゅーい'っぷんの/こーしんが/つずく。	ここからくじさんじゅーななふんまで、さんじゅーいっぷんのこーしんがつずく。	auto
c803-1		9時13分。近くを走っていた別の船が、助けに向かいながら無線で呼びかけた。	く'じ/じゅーさ'んぷん。ち'かくを/はし'っていた/べつの/ふ'ねが、たすけ'に/むかいな'がら/むせんで/よびか'けた。	くじじゅーさんぷん。ちかくをはしっていたべつのふねが、たすけにむかいながらむせんでよびかけた。	auto
c803-2		「脱出すれば、私たちが救助します」	だっしゅつすれ'ば、わたし'たちが/きゅ'ーじょします。	だっしゅつすれば、わたしたちがきゅーじょします。	auto
c804-1		9時14分。管制センターが、乗客は脱出できるかと尋ねた。	く'じ/じゅーよ'んぷん。かんせーせ'んたーが、じょーきゃくわ/だっしゅつ/でき'るかと/たず'ねた。	くじじゅーよんぷん。かんせーせんたーが、じょーきゃくわだっしゅつできるかとたずねた。	auto
c804-2	q	船の答えは？	ふ'ねの/こた'えわ？	ふねのこたえわ？	auto
c804-3		船が大きく傾いて脱出は不可能、という趣旨だった。	ふ'ねが/お'ーきく/かたむ'いて/だっしゅつわ/ふか'のー、と/いう/しゅ'しだった。	ふねがおーきくかたむいてだっしゅつわふかのー、というしゅしだった。	auto
c805-1		管制センターは、海洋警察の警備艇が来るまで15分だと伝え、こう頼んだ。	かんせーせ'んたーわ、かいよーけ'ーさつの/けーびてーが/く'るまで/じゅーご'ふんだと/つたえ、こー/たの'んだ。	かんせーせんたーわ、かいよーけーさつのけーびてーがくるまでじゅーごふんだとつたえ、こーたのんだ。	auto
c805-2		放送ができなくても、船員が出向いて、乗客に救命胴衣と厚着を伝えてほしい。	ほーそーが/でき'なくても、せんいんが/でむいて、じょーきゃくに/きゅーめーど'ーいと/あつぎを/つたえてほしい。	ほーそーができなくても、せんいんがでむいて、じょーきゃくにきゅーめーどーいとあつぎをつたえてほしい。	auto
c806-1		9時24分。管制センターは、救命胴衣を着るよう放送してほしいと求めた。	く'じ/にじゅーよ'んぷん。かんせーせ'んたーわ、きゅーめーど'ーいを/きるよ'ー/ほーそーしてほしいと/もと'めた。	くじにじゅーよんぷん。かんせーせんたーわ、きゅーめーどーいをきるよーほーそーしてほしいともとめた。	auto
c806-2		船の答えは、「放送が不可能な状態」という趣旨だった。	ふ'ねの/こた'えわ、ほーそーが/ふか'のーな/じょーたいと/いう/しゅ'しだった。	ふねのこたえわ、ほーそーがふかのーなじょーたいというしゅしだった。	auto
c807-1		報告書は、この答えに注を付けている。	ほーこくしょわ、この/こた'えに/ちゅーを/つ'けている。	ほーこくしょわ、このこたえにちゅーをつけている。	auto
c807-2		「放送が不可能」と答えたが、放送はできた	ほーそーが/ふか'のーと/こた'えたが、ほーそーわ/で'きた。	ほーそーがふかのーとこたえたが、ほーそーわできた。	auto
c808-1	q	えっ、できたの？	え'っ、で'きたの？	えっ、できたの？	auto
c808-2		報告書の注によれば、このときまで非常用の電源が送られ、船内の放送はできた。	ほーこくしょの/ちゅーに/よれ'ば、このと'きまで/ひじょ'ーよーの/でんげんが/おくられ、せ'んないの/ほーそーわ/で'きた。	ほーこくしょのちゅーによれば、このときまでひじょーよーのでんげんがおくられ、せんないのほーそーわできた。	auto
c808-3		判決も、操舵室の設備などで、そこにいた船員なら誰でも簡単にできたと書く。	はんけつも、そーだ'しつの/せ'つびなどで、そこに/いた'/せんいんな'ら/だ'れでも/かんたんに/で'きたと/か'く。	はんけつも、そーだしつのせつびなどで、そこにいたせんいんならだれでもかんたんにできたとかく。	auto
c809-1		同じ9時24分、近くの船の船長からも、無線が入った。	おなじ/く'じ/にじゅーよ'んぷん、ち'かくの/ふ'ねの/せ'んちょーからも、むせんが/は'いった。	おなじくじにじゅーよんぷん、ちかくのふねのせんちょーからも、むせんがはいった。	auto
c809-2		浮き輪でもいいから着けさせて、早く脱出させてほしい、という交信だった。	うきわで'も/いい'から/つけさ'せて、は'やく/だっしゅつさせてほしい、と/いう/こーしんだ'った。	うきわでもいいからつけさせて、はやくだっしゅつさせてほしい、というこーしんだった。	auto
c810-1		9時25分。管制センターは、船長に向けてこう呼びかけた。	く'じ/にじゅーご'ふん。かんせーせ'んたーわ、せ'んちょーに/むけて/こー/よびか'けた。	くじにじゅーごふん。かんせーせんたーわ、せんちょーにむけてこーよびかけた。	auto
c810-2		船長が判断して、脱出させるか早く決めて	せ'んちょーが/は'んだんして、だっしゅつさせ'るか/は'やく/きめて。	せんちょーがはんだんして、だっしゅつさせるかはやくきめて。	auto
c811-1		セウォル号の答えは、問い返しだった。	せうぉる'ごーの/こた'えわ、といか'えしだった。	せうぉるごーのこたえわ、といかえしだった。	auto
c811-2		今脱出したら、すぐに救助できるのか、という趣旨だった。	い'ま/だっしゅつした'ら、す'ぐに/きゅ'ーじょ/でき'るのか、と/いう/しゅ'しだった。	いまだっしゅつしたら、すぐにきゅーじょできるのか、というしゅしだった。	auto
c812-1		9時26分。管制センターは、警備艇が10分以内に着くと伝えた。	く'じ/にじゅーろ'っぷん。かんせーせ'んたーわ、けーびてーが/じゅ'っぷん/い'ないに/つ'くと/つたえた'。	くじにじゅーろっぷん。かんせーせんたーわ、けーびてーがじゅっぷんいないにつくとつたえた。	auto
c812-2		近くの漁船も、助けに向かっていた。	ち'かくの/ぎょせんも、たすけ'に/むかっていた'。	ちかくのぎょせんも、たすけにむかっていた。	auto
c812-3	q	船長は、どうしてたの？	せ'んちょーわ、ど'ーしてたの？	せんちょーわ、どーしてたの？	auto
c813-1		判決によれば、そのころ2等航海士から何度も「どうしましょうか」と聞かれていた。	はんけつに/よれ'ば、そのこ'ろ/にとーこ'ーかいしから/な'んども/ど'ーしましょーかと/きかれていた'。	はんけつによれば、そのころにとーこーかいしからなんどもどーしましょーかときかれていた。	auto
c813-2		3階の乗務員からも、無線で乗客の避難を何度も求められた。	さんがいの/じょーむ'いんからも、むせんで/じょーきゃくの/ひ'なんを/な'んども/もとめら'れた。	さんがいのじょーむいんからも、むせんでじょーきゃくのひなんをなんどももとめられた。	auto
c813-3		船長は、そのどれにも取り合わなかった。	せ'んちょーわ、その/ど'れにも/とりあわ'なかった。	せんちょーわ、そのどれにもとりあわなかった。	auto
c814-1		判決は、韓国の大学の研究所が行った、脱出の模擬実験の結果を引いている。	はんけつわ、か'んこくの/だいがくの/けんきゅーじょ'が/おこなった、だっしゅつの/もぎじ'っけんの/けっかを/ひいている'。	はんけつわ、かんこくのだいがくのけんきゅーじょがおこなった、だっしゅつのもぎじっけんのけっかをひいている。	auto
c814-2		コンピューターで、人が船から逃げる動きを再現したものだ。	こんぴゅ'ーたーで、ひとが/ふ'ねから/にげ'る/うごき'を/さいげんした'ものだ。	こんぴゅーたーで、ひとがふねからにげるうごきをさいげんしたものだ。	auto
c815-1		船が52.2度傾いた中で逃げ始めれば、客室の人は約9分28秒で逃げ終えられる。	ふ'ねが/ごじゅーにーてんに'ど/かたむ'いたなかで/にげはじめ'れば、きゃくしつの/ひとわ/や'く/きゅ'ーふん/にじゅーはち'びょーで/にげおえられ'る。	ふねがごじゅーにーてんにどかたむいたなかでにげはじめれば、きゃくしつのひとわやくきゅーふんにじゅーはちびょーでにげおえられる。	auto
c815-2		そういう結果だった。	そーゆう/けっかだ'った。	そーゆうけっかだった。	auto
c816-1		そこから、判決はこう結論づけている。	そこから'、はんけつわ/こ'ー/けつろんず'けている。	そこから、はんけつわこーけつろんずけている。	auto
c816-2		9時26分までに逃げ始めれば、出られた	く'じ/にじゅーろ'っぷんまでに/にげはじめ'れば、でら'れた。	くじにじゅーろっぷんまでににげはじめれば、でられた。	auto
c817-1	q	つまり、まだ間に合う時刻？	つ'まり、ま'だ/まにあ'う/じ'こく？	つまり、まだまにあうじこく？	auto
c817-2		3階と4階の出入口が水につかる前に、船の外へ出られた、という意味だ。	さんがいと/よんかいの/でいり'ぐちが/みずに/つかる/ま'えに、ふ'ねの/そ'とえ/でら'れた、と/いう/い'みだ。	さんがいとよんかいのでいりぐちがみずにつかるまえに、ふねのそとえでられた、といういみだ。	auto
c817-3		9時26分は、「警備艇が10分以内に着く」と伝えられた時刻でもある。	く'じ/にじゅーろ'っぷんわ、けーびてーが/じゅ'っぷん/い'ないに/つ'くと/つたえら'れた/じ'こくでもある。	くじにじゅーろっぷんわ、けーびてーがじゅっぷんいないにつくとつたえられたじこくでもある。	auto
c818-1		9時37分、最後の交信。船は、左へ約60度傾いている、と伝えた。	く'じ/さんじゅーなな'ふん、さ'いごの/こーしん。ふ'ねわ、ひだりえ/や'く/ろくじゅ'ーど/かたむ'いている、と/つたえた'。	くじさんじゅーななふん、さいごのこーしん。ふねわ、ひだりえやくろくじゅーどかたむいている、とつたえた。	auto
c818-2		判決によれば、そのあと船長たちは呼びかけに答えず、警備艇が近づくのを待った。	はんけつに/よれ'ば、その'あと/せ'んちょーたちわ/よびか'けに/こた'えず、けーびてーが/ちかず'くのを/ま'った。	はんけつによれば、そのあとせんちょーたちわよびかけにこたえず、けーびてーがちかずくのをまった。	auto
c901-1		助けに向かった海洋警察の警備艇の1つに、123艇という船があった。	たすけ'に/むかった'/かいよーけ'ーさつの/けーびてーの/ひと'つに、ひゃくにじゅーさんてーと/いう/ふ'ねが/あ'った。	たすけにむかったかいよーけーさつのけーびてーのひとつに、ひゃくにじゅーさんてーというふねがあった。	auto
c901-2		この章は、艇長のキム・ギョンイルへの判決から見ていく。	この/しょ'ーわ、て'ーちょーの/きむぎょ'んいるえの/はんけつから'/み'ていく。	このしょーわ、てーちょーのきむぎょんいるえのはんけつからみていく。	auto
c902-1	q	その艇は、何を知ってたの？	そのてーわ、な'にを/しって'たの？	そのてーわ、なにをしってたの？	auto
c902-2		9時18分、セウォル号には約450人が乗っていると、無線で知らされていた。	く'じ/じゅーは'っぷん、せうぉる'ごーにわ/や'く/よんひゃくごじゅーに'んが/のっている'と、むせんで/しらされていた'。	くじじゅーはっぷん、せうぉるごーにわやくよんひゃくごじゅーにんがのっていると、むせんでしらされていた。	auto
c902-3		ただ、その船とは、一度も交信しなかった。	た'だ、その/ふ'ねとわ、いちど'も/こーしんしな'かった。	ただ、そのふねとわ、いちどもこーしんしなかった。	auto
c903-1		9時30分ごろ、123艇は、現場の約1.9キロ（1マイル）手前に着いた。	く'じ/さんじゅっぷんご'ろ、ひゃくにじゅーさんてーわ、げんばの/や'く/いってんきゅ'ーきろ、いちま'いる/てまえに/つ'いた。	くじさんじゅっぷんごろ、ひゃくにじゅーさんてーわ、げんばのやくいってんきゅーきろ、いちまいるてまえについた。	auto
c903-2		艇長は双眼鏡で、甲板にも海にも、乗客の姿が見えないことを確かめた。	て'ーちょーわ/そーがんきょーで、かんぱんに'も/う'みにも、じょーきゃくの/す'がたが/みえ'ないことを/たしか'めた。	てーちょーわそーがんきょーで、かんぱんにもうみにも、じょーきゃくのすがたがみえないことをたしかめた。	auto
c904-1	q	つまり、まだ船の中？	つ'まり、ま'だ/ふ'ねのなか？	つまり、まだふねのなか？	auto
c904-2		450人ほどの乗客のほとんどが、船の中にいる。	よんひゃくごじゅーにんほど'の/じょーきゃくの/ほと'んどが、ふ'ねのなかに/いる。	よんひゃくごじゅーにんほどのじょーきゃくのほとんどが、ふねのなかにいる。	auto
c904-3		艇長はそれを分かっていた、と判決は認めている。	て'ーちょーわ/それを/わか'っていた、と/はんけつわ/みとめている'。	てーちょーわそれをわかっていた、とはんけつわみとめている。	auto
c905-1		9時30分には、最初に着いた海洋警察のヘリが、救助を始めていた。	く'じ/さんじゅ'っぷんにわ、さいしょに/つ'いた/かいよーけ'ーさつの/へ'りが、きゅ'ーじょを/はじめていた'。	くじさんじゅっぷんにわ、さいしょについたかいよーけーさつのへりが、きゅーじょをはじめていた。	auto
c905-2		最高裁判所の判決で、裁判官が書き足した意見に、そうある。	さいこーさいばんしょの/はんけつで、さいば'んかんが/かきたした'/い'けんに、そー/あ'る。	さいこーさいばんしょのはんけつで、さいばんかんがかきたしたいけんに、そーある。	auto
c906-1		123艇が現場に着いた時刻は、資料によって4通りある。	ひゃくにじゅーさんてーが/げんばに/つ'いた/じ'こくわ、し'りょーによって/よと'ーり/あ'る。	ひゃくにじゅーさんてーがげんばについたじこくわ、しりょーによってよとーりある。	auto
c906-2		この動画では、同じ判決の「9時35分ごろ、現場に着いた」を使う。	この/どーがで'わ、おなじ/はんけつの/く'じ/さんじゅーごふんご'ろ、げんばに/ついたを/つかう。	このどーがでわ、おなじはんけつのくじさんじゅーごふんごろ、げんばについたをつかう。	auto
c907-1		報告書では、船の傾きは、9時34分に52.2度、9時46分に61.2度。	ほーこくしょで'わ、ふ'ねの/かたむきわ、く'じ/さんじゅーよ'んぷんに/ごじゅーにーてんに'ど、く'じ/よんじゅーろ'っぷんに/ろくじゅーいってんに'ど。	ほーこくしょでわ、ふねのかたむきわ、くじさんじゅーよんぷんにごじゅーにーてんにど、くじよんじゅーろっぷんにろくじゅーいってんにど。	auto
c907-2		傾きは、止まらずに大きくなっていた。	かたむきわ、とまら'ずに/お'ーきくなっていた。	かたむきわ、とまらずにおーきくなっていた。	auto
c908-1		9時38分から39分ごろ、123艇のゴムボートが、初めて船に横づけした。	く'じ/さんじゅーは'っぷんから/さんじゅーきゅーふんご'ろ、ひゃくにじゅーさんてーの/ごむぼ'ーとが、はじ'めて/ふ'ねに/よこずけした'。	くじさんじゅーはっぷんからさんじゅーきゅーふんごろ、ひゃくにじゅーさんてーのごむぼーとが、はじめてふねによこずけした。	auto
c908-2		そのときの映像では、ボートで立った乗組員の頭が、3階の手すりの高さにあった。	そのと'きの/えーぞーで'わ、ぼ'ーとで/た'った/のりくみ'いんの/あたま'が、さんがいの/てすり'の/た'かさに/あ'った。	そのときのえーぞーでわ、ぼーとでたったのりくみいんのあたまが、さんがいのてすりのたかさにあった。	auto
c909-1	q	そんなに近かったんだ。	そんなに'/ちか'かったんだ。	そんなにちかかったんだ。	auto
c909-2		その乗組員が1人で甲板に上がることは、十分にできたように見える。	その/のりくみ'いんが/ひと'りで/かんぱんに/あがること'わ、じゅーぶ'んに/で'きたよーに/みえ'る。	そののりくみいんがひとりでかんぱんにあがることわ、じゅーぶんにできたよーにみえる。	auto
c909-3		判決は、そう書く。	はんけつわ、そー/か'く。	はんけつわ、そーかく。	auto
c910-1		9時39分。機関長ら、機関部の船員7人が、海洋警察のボートに乗って船を離れた。	く'じ/さんじゅーきゅ'ーふん。きかんちょ'ーら、きかん'ぶの/せんいん/なな'にんが、かいよーけ'ーさつの/ぼ'ーとに/のって/ふ'ねを/はな'れた。	くじさんじゅーきゅーふん。きかんちょーら、きかんぶのせんいんななにんが、かいよーけーさつのぼーとにのってふねをはなれた。	auto
c910-2		機関長は、自分が船員だと言わないまま乗っていた。	きかん'ちょーわ、じぶんが/せんいんだ'と/いわな'いまま/のっていた'。	きかんちょーわ、じぶんがせんいんだといわないままのっていた。	auto
c911-1		判決では9時46分。船長ら甲板部の8人が、操舵室の前の123艇に乗り移った。	はんけつで'わ/く'じ/よんじゅーろ'っぷん。せんちょ'ーら/かんぱ'んぶの/はちに'んが、そーだ'しつの/ま'えの/ひゃくにじゅーさんてーに/のりうつ'った。	はんけつでわくじよんじゅーろっぷん。せんちょーらかんぱんぶのはちにんが、そーだしつのまえのひゃくにじゅーさんてーにのりうつった。	auto
c911-2		報告書では、このときの傾きは約61度だった。	ほーこくしょで'わ、このと'きの/かたむきわ/や'く/ろくじゅーいち'どだった。	ほーこくしょでわ、このときのかたむきわやくろくじゅーいちどだった。	auto
c912-1		判決は、そのときのことを、こう書いている。	はんけつわ、そのと'きのことを、こー/か'いている。	はんけつわ、そのときのことを、こーかいている。	auto
c912-2		船長らは、船員だと名乗らず123艇へ	せんちょ'ーらわ、せんいんだ'と/なの'らず/ひゃくにじゅーさんてーえ。	せんちょーらわ、せんいんだとなのらずひゃくにじゅーさんてーえ。	auto
c913-1	q	乗り移ったあとは？	のりうつった'あとわ？	のりうつったあとわ？	auto
c913-2		船長たちは、乗客が船内で待っていることを、海洋警察に伝えなかった。	せ'んちょーたちわ、じょーきゃくが/せ'んないで/ま'っていることを、かいよーけ'ーさつに/つたえな'かった。	せんちょーたちわ、じょーきゃくがせんないでまっていることを、かいよーけーさつにつたえなかった。	auto
c914-1		9時47分に3階の、9時50分に4階の手すりが、水につかった。	く'じ/よんじゅーなな'ふんに/さんがいの、く'じ/ごじゅ'っぷんに/よんかいの/てすり'が、みずに/つかった'。	くじよんじゅーななふんにさんがいの、くじごじゅっぷんによんかいのてすりが、みずにつかった。	auto
c914-2		外へ出る道が、下の階から順にふさがっていく。	そ'とえ/で'る/みちが、したの/か'いから/じゅんに/ふさがっていく。	そとえでるみちが、したのかいからじゅんにふさがっていく。	auto
c915-1		報告書によれば、その9時50分に、船内へ最後の放送が流れた。	ほーこくしょに/よれ'ば、その/く'じ/ごじゅ'っぷんに、せ'んないえ/さ'いごの/ほーそーが/なが'れた。	ほーこくしょによれば、そのくじごじゅっぷんに、せんないえさいごのほーそーがながれた。	auto
c915-2		乗客に、船の中にとどまるよう求める放送だった。	じょーきゃくに、ふ'ねのなかに/とどま'るよー/もとめ'る/ほーそーだ'った。	じょーきゃくに、ふねのなかにとどまるよーもとめるほーそーだった。	auto
c916-1		10時6分ごろ、123艇の乗組員が、3階の客室の窓を割って、5人を助け出した。	じゅ'ーじ/ろっぷんご'ろ、ひゃくにじゅーさんてーの/のりくみ'いんが、さんがいの/きゃくしつの/ま'どを/わって、ごに'んを/たすけだ'した。	じゅーじろっぷんごろ、ひゃくにじゅーさんてーののりくみいんが、さんがいのきゃくしつのまどをわって、ごにんをたすけだした。	auto
c917-1		10時25分、報告書では、傾きは真横を越えて約108度。	じゅ'ーじ/にじゅーご'ふん、ほーこくしょで'わ、かたむきわ/まよこを/こえて/やくひゃくはち'ど。	じゅーじにじゅーごふん、ほーこくしょでわ、かたむきわまよこをこえてやくひゃくはちど。	auto
c917-2		船内の生徒が、最後のメッセージを送った時刻だ。	せ'んないの/せ'ーとが、さ'いごの/め'っせーじを/おくった'/じ'こくだ。	せんないのせーとが、さいごのめっせーじをおくったじこくだ。	auto
c918-1		そして10時31分。船首の先だけを残して、船は水面の下へ消えた。	そして/じゅ'ーじ/さんじゅーい'っぷん。せ'んしゅの/さきだけを/のこ'して、ふ'ねわ/すいめんの/したえ/きえた'。	そしてじゅーじさんじゅーいっぷん。せんしゅのさきだけをのこして、ふねわすいめんのしたえきえた。	auto
c918-2		写真は2日後。沈んだ場所のまわりに、クレーン船や海洋警察の船が集まっている。	しゃしんわ/ふつかご'。しずんだ'/ばしょの/まわりに、くれー'んせんや/かいよーけ'ーさつの/ふ'ねが/あつま'っている。	しゃしんわふつかご。しずんだばしょのまわりに、くれーんせんやかいよーけーさつのふねがあつまっている。	auto
c919-1		123艇にも、外へ呼びかける放送の設備があった。	ひゃくにじゅーさんてーに'も、そ'とえ/よびかけ'る/ほーそーの/せ'つびが/あ'った。	ひゃくにじゅーさんてーにも、そとえよびかけるほーそーのせつびがあった。	auto
c919-2	q	それで、呼びかけたの？	それで、よびか'けたの？	それで、よびかけたの？	auto
c919-3		いや、退船の放送はしなかった。判決は、それを艇長の過失と認めている。	いや'、たいせんの/ほーそーわ/しな'かった。はんけつわ、それを/て'ーちょーの/かしつと/みとめている'。	いや、たいせんのほーそーわしなかった。はんけつわ、それをてーちょーのかしつとみとめている。	auto
c920-1		事故のひと月ほどあと、艇長は、艇の日誌を書き直させた。	じ'この/ひとつきほど/あ'と、て'ーちょーわ、て'ーの/にっしを/かきなおさせた'。	じこのひとつきほどあと、てーちょーわ、てーのにっしをかきなおさせた。	auto
c920-2		9時35分に「乗客退船放送実施」と書かせたのだ。判決は、こう認めた。	く'じ/さんじゅーご'ふんに/じょーきゃくたいせんほーそーじ'っしと/かかせた'のだ。はんけつわ、こー/みとめた'。	くじさんじゅーごふんにじょーきゃくたいせんほーそーじっしとかかせたのだ。はんけつわ、こーみとめた。	auto
c920-3		123艇の日誌「退船放送実施」は虚偽	ひゃくにじゅーさんてーの/にっしたいせんほーそーじ'っしわ/きょ'ぎ。	ひゃくにじゅーさんてーのにっしたいせんほーそーじっしわきょぎ。	auto
ca01-1	q	セウォル号は、どうなる？	せうぉる'ごーわ、ど'ー/な'る？	せうぉるごーわ、どーなる？	auto
ca01-2		4月18日の12時57分。完全に海の下へ沈んだ。	しがつ'/じゅーはち'にちの/じゅーに'じ/ごじゅーなな'ふん。かんぜんに/う'みの/したえ/しずんだ'。	しがつじゅーはちにちのじゅーにじごじゅーななふん。かんぜんにうみのしたえしずんだ。	auto
ca01-3		韓国の海軍や海洋警察、アメリカ海軍などの捜索は、何週間も続いた。	か'んこくの/か'いぐんや/かいよーけ'ーさつ、あめりかか'いぐんなどの/そーさくわ、なんしゅ'ーかんも/つずいた'。	かんこくのかいぐんやかいよーけーさつ、あめりかかいぐんなどのそーさくわ、なんしゅーかんもつずいた。	auto
ca02-1		この章では、報告書の表8で、人の数を確かめる。	この/しょ'ーでわ、ほーこくしょの/ひょー'/はち'で、ひとの/か'ずを/たしかめ'る。	このしょーでわ、ほーこくしょのひょーはちで、ひとのかずをたしかめる。	auto
ca02-2		数は、2014年11月18日の時点のものだ。	か'ずわ、にせんじゅーよ'ねん/じゅーいちがつ'/じゅーはち'にちの/じ'てんのものだ。	かずわ、にせんじゅーよねんじゅーいちがつじゅーはちにちのじてんのものだ。	auto
ca03-1		乗っていた476人のうち、救助されたのは172人。	のっていた'/よんひゃくななじゅーろくに'んのうち、きゅーじょされた'のわ/ひゃくななじゅーにに'ん。	のっていたよんひゃくななじゅーろくにんのうち、きゅーじょされたのわひゃくななじゅーににん。	auto
ca03-2		亡くなったのは295人、行方不明は9人。あわせて304人だ。	なくなった'のわ/にひゃくきゅーじゅーごに'ん、ゆくえ/ふめーわ/きゅーに'ん。あわ'せて/さんびゃくよに'んだ。	なくなったのわにひゃくきゅーじゅーごにん、ゆくえふめーわきゅーにん。あわせてさんびゃくよにんだ。	auto
ca04-1		修学旅行の生徒325人のうち、救助されたのは75人。	しゅーがくりょ'こーの/せ'ーと/さんびゃくにじゅーごに'んのうち、きゅーじょされた'のわ/ななじゅーごに'ん。	しゅーがくりょこーのせーとさんびゃくにじゅーごにんのうち、きゅーじょされたのわななじゅーごにん。	auto
ca04-2		246人が亡くなり、4人が行方不明になった。	にひゃくよんじゅーろくに'んが/なくなり、よに'んが/ゆくえ/ふめーに/な'った。	にひゃくよんじゅーろくにんがなくなり、よにんがゆくえふめーになった。	auto
ca05-1		先生は14人のうち、9人が亡くなり、2人が行方不明になった。	せんせ'ーわ/じゅーよに'んのうち、きゅーに'んが/なくなり、ふたり'が/ゆくえ/ふめーに/な'った。	せんせーわじゅーよにんのうち、きゅーにんがなくなり、ふたりがゆくえふめーになった。	auto
ca05-2		一般の乗客は104人のうち、30人が亡くなり、3人が行方不明に。	いっぱんの/じょーきゃくわ/ひゃくよに'んのうち、さんじゅーに'んが/なくなり、さんに'んが/ゆくえ/ふめーに。	いっぱんのじょーきゃくわひゃくよにんのうち、さんじゅーにんがなくなり、さんにんがゆくえふめーに。	auto
ca06-1		船で働いていた33人のうち、救助は23人。	ふ'ねで/はたらいていた'/さんじゅーさんに'んのうち、きゅ'ーじょわ/にじゅーさんに'ん。	ふねではたらいていたさんじゅーさんにんのうち、きゅーじょわにじゅーさんにん。	auto
ca06-2		亡くなった10人は、調理や事務の係と、アルバイトなどが5人ずつだ。	なくなった'/じゅーに'んわ、ちょ'ーりや/じ'むの/か'かりと、あるば'いとなどが/ごにんず'つだ。	なくなったじゅーにんわ、ちょーりやじむのかかりと、あるばいとなどがごにんずつだ。	auto
ca07-1	q	船を動かす船員は？	ふ'ねを/うごか'す/せんいんわ？	ふねをうごかすせんいんわ？	auto
ca07-2		15人の全員が、助かっている。	じゅーごに'んの/ぜんい'んが、たすか'っている。	じゅーごにんのぜんいんが、たすかっている。	auto
ca07-3		船長たちと機関部の船員は、警備艇とそのボートで、先に船を離れていた。	せ'んちょーたちと/きかん'ぶの/せんいんわ、けーびてーと/その/ぼ'ーとで、さきに/ふ'ねを/はな'れていた。	せんちょーたちときかんぶのせんいんわ、けーびてーとそのぼーとで、さきにふねをはなれていた。	auto
ca08-1		救助の専門の部隊が着いたのは、船が沈んだあとだった。	きゅ'ーじょの/せんもんの/ぶ'たいが/つ'いたのわ、ふ'ねが/しずんだ'あとだった。	きゅーじょのせんもんのぶたいがついたのわ、ふねがしずんだあとだった。	auto
ca08-2		海洋警察の特殊部隊はヘリで11時28分に、救助隊は漁船で12時19分に着いた。	かいよーけ'ーさつの/とくしゅぶ'たいわ/へ'りで/じゅーいち'じ/にじゅーは'っぷんに、きゅーじょたいわ/ぎょせんで/じゅーに'じ/じゅーきゅ'ーふんに/つ'いた。	かいよーけーさつのとくしゅぶたいわへりでじゅーいちじにじゅーはっぷんに、きゅーじょたいわぎょせんでじゅーにじじゅーきゅーふんについた。	auto
ca09-1	q	判決では、人数は？	はんけつで'わ、に'んずーわ？	はんけつでわ、にんずーわ？	auto
ca09-2		船長の殺人の罪は303人。起訴の304人から、1人が外された。	せ'んちょーの/さつじんの/つ'みわ/さんびゃくさんに'ん。き'その/さんびゃくよに'んから、ひと'りが/はずされた'。	せんちょーのさつじんのつみわさんびゃくさんにん。きそのさんびゃくよにんから、ひとりがはずされた。	auto
ca09-3		殺人未遂は152人。救助されてけがをした人の数で、救助の総数ではない。	さつじんみ'すいわ/ひゃくごじゅーにに'ん。きゅーじょされて/けがをした'/ひとの/か'ずで、きゅ'ーじょの/そーす'ーでわない。	さつじんみすいわひゃくごじゅーににん。きゅーじょされてけがをしたひとのかずで、きゅーじょのそーすーでわない。	auto
ca10-1		捜索は、5月に入っても続いた。	そーさくわ、ご'がつに/は'いっても/つずいた'。	そーさくわ、ごがつにはいってもつずいた。	auto
ca10-2		島を背にした海が、捜索の船で埋まっている。	しま'を/せ'にした/う'みが、そーさくの/ふ'ねで/うまっている'。	しまをせにしたうみが、そーさくのふねでうまっている。	auto
ca11-1		アメリカ軍も、艦と航空機を出して、捜索に加わった。	あめりか'ぐんも、か'んと/こーく'ーきを/だ'して、そーさくに/くわわった'。	あめりかぐんも、かんとこーくーきをだして、そーさくにくわわった。	auto
ca12-1		奥の平たい船に掲げられた幕には、こう書かれている。	お'くの/ひらたい/ふ'ねに/かかげら'れた/まく'にわ、こー/かかれている'。	おくのひらたいふねにかかげられたまくにわ、こーかかれている。	auto
ca12-2		「あなたは、私たちの子どもの最後の希望です」	あな'たわ、わたし'たちの/こどもの/さ'いごの/きぼーで'す。	あなたわ、わたしたちのこどものさいごのきぼーです。	auto
ca13-1		流れの速い海で、潜水員たちは、沈んだ船の中を探し続けた。	ながれ'の/はや'い/う'みで、せんすい'いんたちわ、しずんだ'/ふ'ねのなかを/さがしつずけた'。	ながれのはやいうみで、せんすいいんたちわ、しずんだふねのなかをさがしつずけた。	auto
ca14-1		夜も、照明弾の明かりの下で、捜索は続いた。	よ'るも、しょーめ'ーだんの/あかりの/したで、そーさくわ/つずいた'。	よるも、しょーめーだんのあかりのしたで、そーさくわつずいた。	auto
ca14-2	q	裁判は、どうなったの？	さ'いばんわ、ど'ー/な'ったの？	さいばんわ、どーなったの？	auto
cb01-1		2015年11月12日。韓国の最高裁判所、大法院が、船員15人に判決を出した。	にせんじゅーご'ねん/じゅーいちがつ'/じゅーに'にち。か'んこくの/さいこーさいばんしょ、だいほ'ーいんが、せんいん/じゅーごに'んに/はんけつを/だ'した。	にせんじゅーごねんじゅーいちがつじゅーににち。かんこくのさいこーさいばんしょ、だいほーいんが、せんいんじゅーごにんにはんけつをだした。	auto
cb01-2		裁判官13人の全員で審理した裁判だった。	さいば'んかん/じゅーさんに'んの/ぜんい'んで/し'んりした/さ'いばんだった。	さいばんかんじゅーさんにんのぜんいんでしんりしたさいばんだった。	auto
cb02-1		15人は、船を動かす船長、航海士、操舵手と、機関長ら機関部の船員たちだ。	じゅーごに'んわ、ふ'ねを/うごか'す/せ'んちょー、こーかい'し、そーだ'しゅと、きかんちょ'ーら/きかん'ぶの/せんい'んたちだ。	じゅーごにんわ、ふねをうごかすせんちょー、こーかいし、そーだしゅと、きかんちょーらきかんぶのせんいんたちだ。	auto
cb03-1		船長について、判決は「不作為による殺人」を認めた。	せ'んちょーに/つ'いて、はんけつわ/ふさ'くいによる/さつじんを/みとめた'。	せんちょーについて、はんけつわふさくいによるさつじんをみとめた。	auto
cb03-2	q	不作為って？	ふさ'くいって？	ふさくいって？	auto
cb03-3		しなければならないことを、しないことだ。	しな'ければならないことを、しな'いことだ。	しなければならないことを、しないことだ。	auto
cb04-1		殺人の罪は303人、殺人未遂は152人について。	さつじんの/つ'みわ/さんびゃくさんに'ん、さつじんみ'すいわ/ひゃくごじゅーにに'んに/つ'いて。	さつじんのつみわさんびゃくさんにん、さつじんみすいわひゃくごじゅーににんについて。	auto
cb04-2		船長のこの罪は、裁判官の全員が一致して認めた。	せ'んちょーの/この/つ'みわ、さいば'んかんの/ぜんい'んが/いっちして/みとめた'。	せんちょーのこのつみわ、さいばんかんのぜんいんがいっちしてみとめた。	auto
cb05-1		船長は、乗客を助ける義務をよく知っていた。待たせたままにすれば、	せ'んちょーわ、じょーきゃくを/たすけ'る/ぎ'むを/よ'く/しっていた'。またせた'ままにすれば。	せんちょーわ、じょーきゃくをたすけるぎむをよくしっていた。またせたままにすれば。	auto
cb05-2		乗客が船から出られずに亡くなると、十分に予想していた。判決はそう見た。	じょーきゃくが/ふ'ねから/でられ'ずに/なくなる'と、じゅーぶ'んに/よそーしていた'。はんけつわ/そー/み'た。	じょーきゃくがふねからでられずになくなると、じゅーぶんによそーしていた。はんけつわそーみた。	auto
cb06-1		判決は、こう書いている。	はんけつわ、こー/か'いている。	はんけつわ、こーかいている。	auto
cb06-2		船長が退船させないのは溺死させるのと同じ	せ'んちょーが/たいせんさせ'ないのわ/できしさせ'るのと/おなじ。	せんちょーがたいせんさせないのわできしさせるのとおなじ。	auto
cb07-1		原文は「乗客を、積極的に水に落として溺死させる行為と変わらない」。	げんぶんわ/じょーきゃくを、せっきょくてきに/みずに/おと'して/できしさせ'る/こ'ーいと/かわらな'い。	げんぶんわじょーきゃくを、せっきょくてきにみずにおとしてできしさせるこーいとかわらない。	auto
cb07-2	q	つまり、殺人と同じってこと？	つ'まり、さつじんと/おなじってこ'と？	つまり、さつじんとおなじってこと？	auto
cb07-3		それが、判決の理屈だ。	それが、はんけつの/りくつだ。	それが、はんけつのりくつだ。	auto
cb08-1		1等と2等の航海士、機関長は、殺人の罪では無罪になった。	いっとーと/にとーの/こーかい'し、きかん'ちょーわ、さつじんの/つ'みでわ/む'ざいに/な'った。	いっとーとにとーのこーかいし、きかんちょーわ、さつじんのつみでわむざいになった。	auto
cb08-2		乗客が亡くなってもかまわないと考えていた、とまでは認めにくい、とされた。	じょーきゃくが/なくなって'も/かまわ'ないと/かんが'えていた、とまで'わ/みとめにく'い、とされた'。	じょーきゃくがなくなってもかまわないとかんがえていた、とまでわみとめにくい、とされた。	auto
cb08-3		代わりに、助けるべき人を見捨て、人が亡くなった罪などで、有罪になった。	かわりに、たすけ'るべき/ひとを/みすて、ひとが/なくなった'/つ'みなどで、ゆーざいに/な'った。	かわりに、たすけるべきひとをみすて、ひとがなくなったつみなどで、ゆーざいになった。	auto
cb09-1		一方、大きく舵を切った過失では、3等航海士と当直の操舵手が、2審で無罪になった。	いっぽ'ー、お'ーきく/か'じを/き'った/かしつで'わ、さんとーこ'ーかいしと/とーちょくの/そーだ'しゅが、に'しんで/む'ざいに/な'った。	いっぽー、おーきくかじをきったかしつでわ、さんとーこーかいしととーちょくのそーだしゅが、にしんでむざいになった。	auto
cb09-2		大法院も、この無罪を認めた。	だいほ'ーいんも、この/む'ざいを/みとめた'。	だいほーいんも、このむざいをみとめた。	auto
cb10-1		理由の1つは、舵の部品に不具合が起きた可能性を、打ち消せないことだった。	りゆーの/ひと'つわ、か'じの/ぶひんに/ふぐ'あいが/お'きた/かのーせーを、うちけせ'ないことだった。	りゆーのひとつわ、かじのぶひんにふぐあいがおきたかのーせーを、うちけせないことだった。	auto
cb10-2	q	つまり、故障だった？	つ'まり、こしょーだ'った？	つまり、こしょーだった？	auto
cb10-3		いや、認めてはいない。無かったとも言い切れない、ということだ。	いや'、みとめて'わいない。な'かったとも/いーきれ'ない、と/いうこと'だ。	いや、みとめてわいない。なかったともいーきれない、ということだ。	auto
cb11-1		事故を起こした過失で残ったのは、船長と1等航海士。	じ'こを/おこ'した/かしつで/のこ'ったのわ、せ'んちょーと/いっとーこ'ーかいし。	じこをおこしたかしつでのこったのわ、せんちょーといっとーこーかいし。	auto
cb11-2		中身は、積みすぎと、荷の固縛の不十分さだった。	なか'みわ、つみすぎと、に'の/こばくの/ふじゅ'ーぶんさだった。	なかみわ、つみすぎと、にのこばくのふじゅーぶんさだった。	auto
cb12-1		刑は、船長が無期懲役。1等航海士が懲役12年、機関長が懲役10年。	け'ーわ、せ'んちょーが/むきちょ'ーえき。いっとーこ'ーかいしが/ちょーえき/じゅーに'ねん、きかん'ちょーが/ちょーえき/じゅ'ーねん。	けーわ、せんちょーがむきちょーえき。いっとーこーかいしがちょーえきじゅーにねん、きかんちょーがちょーえきじゅーねん。	auto
cb12-2		2等航海士は7年。3等航海士と当直の操舵手は、見捨てた罪などで5年だった。	にとーこ'ーかいしわ/なな'ねん。さんとーこ'ーかいしと/とーちょくの/そーだ'しゅわ、みすてた/つ'みなどで/ご'ねんだった。	にとーこーかいしわななねん。さんとーこーかいしととーちょくのそーだしゅわ、みすてたつみなどでごねんだった。	auto
cb13-1		船を運航したチョンヘジン海運の代表は、懲役7年。	ふ'ねを/うんこーした'/ちょんへじんか'いうんの/だいひょーわ、ちょーえき/なな'ねん。	ふねをうんこーしたちょんへじんかいうんのだいひょーわ、ちょーえきななねん。	auto
cb13-2		復原力を保っていない船を、航海に使ったことなどが問われた。	ふくげ'んりょくを/たも'っていない/ふ'ねを、こ'ーかいに/つかった'ことなどが/とわれた'。	ふくげんりょくをたもっていないふねを、こーかいにつかったことなどがとわれた。	auto
cb14-1		123艇の艇長は、仕事の不注意で人が亡くなった罪などで、懲役3年が確定した。	ひゃくにじゅーさんてーの/て'ーちょーわ、しごとの/ふちゅ'ーいで/ひとが/なくなった'/つ'みなどで、ちょーえき/さ'んねんが/かくてーした'。	ひゃくにじゅーさんてーのてーちょーわ、しごとのふちゅーいでひとがなくなったつみなどで、ちょーえきさんねんがかくてーした。	auto
cb14-2		事故から12日後の記者会見では、着いてすぐ退船の放送をした、と話していた。	じ'こから/じゅーににちご'の/きしゃか'いけんでわ、つ'いて/す'ぐ/たいせんの/ほーそーをした'、と/はな'していた。	じこからじゅーににちごのきしゃかいけんでわ、ついてすぐたいせんのほーそーをした、とはなしていた。	auto
cb14-3	q	海洋警察の上の人たちは？	かいよーけ'ーさつのうえの/ひと'たちわ？	かいよーけーさつのうえのひとたちわ？	auto
cb15-1		同じ不注意の罪では、幹部10人の全員が無罪で確定した。	おなじ/ふちゅ'ーいの/つ'みでわ、か'んぶ/じゅーに'んの/ぜんい'んが/む'ざいで/かくてーした'。	おなじふちゅーいのつみでわ、かんぶじゅーにんのぜんいんがむざいでかくてーした。	auto
cb15-2		船は9時33分まで、目で分かりにくいほど、ゆっくり傾いていた。	ふ'ねわ/く'じ/さんじゅーさ'んぷんまで、め'で/わかりにくいほど、ゆっく'り/かたむ'いていた。	ふねわくじさんじゅーさんぷんまで、めでわかりにくいほど、ゆっくりかたむいていた。	auto
cb15-3		123艇の詳しい報告から10分あまりで、船に入れなくなるとは予想しにくいとした。	ひゃくにじゅーさんてーの/くわし'い/ほーこくから'/じゅっぷんあ'まりで、ふ'ねに/はいれなくなると'わ/よそーしにく'いとした。	ひゃくにじゅーさんてーのくわしいほーこくからじゅっぷんあまりで、ふねにはいれなくなるとわよそーしにくいとした。	auto
cc01-1		ここで、最初の問いに戻る。	ここで、さいしょの/といに/もど'る。	ここで、さいしょのといにもどる。	auto
cc01-2	q	なぜ、あんなに急に曲がったの？	な'ぜ、あんなに/きゅーに/まが'ったの？	なぜ、あんなにきゅーにまがったの？	auto
cc02-1		2014年12月、海洋安全審判院の報告書は、こう結論づけた。	にせんじゅーよ'ねん/じゅーにがつ'、かいよー/あんぜんしんぱ'んいんの/ほーこくしょわ、こー/けつろんず'けた。	にせんじゅーよねんじゅーにがつ、かいよーあんぜんしんぱんいんのほーこくしょわ、こーけつろんずけた。	auto
cc02-2		当直の操舵手の不適切な舵の使い方で、急に右へ曲がり、左へ大きく傾いた。	とーちょくの/そーだ'しゅの/ふてき'せつな/か'じの/つかいかたで、きゅーに/みぎえ/まがり、ひだりえ/お'ーきく/かたむ'いた。	とーちょくのそーだしゅのふてきせつなかじのつかいかたで、きゅーにみぎえまがり、ひだりえおーきくかたむいた。	auto
cc03-1		ただ、舵をどれだけ大きく、どれだけ長く切ったか、確かめる資料は無いとも書く。	た'だ、か'じを/ど'れだけ/お'ーきく、ど'れだけ/なが'く/き'ったか、たしかめ'る/し'りょーわ/な'いとも/か'く。	ただ、かじをどれだけおーきく、どれだけながくきったか、たしかめるしりょーわないともかく。	auto
cc03-2	q	じゃあ、舵の記録は？	じゃ'ー、か'じの/きろくわ？	じゃー、かじのきろくわ？	auto
cc03-3		船には、航海の記録装置が付いていなかった。	ふ'ねにわ、こ'ーかいの/きろくそ'ーちが/つ'いていなかった。	ふねにわ、こーかいのきろくそーちがついていなかった。	auto
cc04-1		それでも報告書は、船の航跡と模擬の結果から判断した。	それで'も/ほーこくしょわ、ふ'ねの/こーせきと/も'ぎの/けっかから'/は'んだんした。	それでもほーこくしょわ、ふねのこーせきともぎのけっかからはんだんした。	auto
cc04-2		舵を、必要以上に大きく、長く使ったことに、疑いの余地は無いように見える、と。	か'じを、ひつよーい'じょーに/お'ーきく、なが'く/つかった'ことに、うたがいの/よ'ちわ/な'いよーに/みえ'る、と。	かじを、ひつよーいじょーにおーきく、ながくつかったことに、うたがいのよちわないよーにみえる、と。	auto
cc05-1		舵を動かす部品、ソレノイド弁が固まった可能性も、検討された。	か'じを/うごか'す/ぶひん、それのいどべんが/かたまった'/かのーせーも、けんとーされた'。	かじをうごかすぶひん、それのいどべんがかたまったかのーせーも、けんとーされた。	auto
cc05-2		ソレノイド弁は、電気の力で油の通り道を開け閉めする弁だ。	それのいどべんわ、で'んきの/ちから'で/あぶらの/とーり'みちを/あけ'しめする/べ'んだ。	それのいどべんわ、でんきのちからであぶらのとーりみちをあけしめするべんだ。	auto
cc05-3		報告書は、実物の調べで逆の証拠が出ていないとして、船員の話などで退けた。	ほーこくしょわ、じつぶつの/しらべ'で/ぎゃくの/しょーこが/で'ていないとして、せんいんの/はなし'などで/しりぞ'けた。	ほーこくしょわ、じつぶつのしらべでぎゃくのしょーこがでていないとして、せんいんのはなしなどでしりぞけた。	auto
cc06-1		2015年、裁判所は、当直の2人を、船を沈めた過失では無罪にした。	にせんじゅーご'ねん、さいばんしょ'わ、とーちょくの/ふたり'を、ふ'ねを/しずめた'/かしつで'わ/む'ざいにした。	にせんじゅーごねん、さいばんしょわ、とーちょくのふたりを、ふねをしずめたかしつでわむざいにした。	auto
cc06-2		舵やプロペラがちゃんと動いていたかに、疑いが残るからだ。	か'じや/ぷろぺらが/ちゃんと/うご'いていたかに、うたがいが/のこ'る/からだ。	かじやぷろぺらがちゃんとうごいていたかに、うたがいがのこるからだ。	auto
cc07-1		故障があったとも言い切れない。そう書いたうえで、判決はこう続けた。	こしょーが/あ'ったとも/いーきれ'ない。そー/か'いたうえで、はんけつわ/こ'ー/つずけた'。	こしょーがあったともいーきれない。そーかいたうえで、はんけつわこーつずけた。	auto
cc07-2		引き揚げれば、原因が分かるかもしれない	ひきあげ'れば、げんいんが/わか'るかも/しれな'い。	ひきあげれば、げんいんがわかるかもしれない。	auto
cc08-1		ただ、刑事裁判で罪を証明するのは、検察の役目だ。	た'だ、けーじさ'いばんで/つ'みを/しょーめーする'のわ、けんさつの/やくめ'だ。	ただ、けーじさいばんでつみをしょーめーするのわ、けんさつのやくめだ。	auto
cc08-2	q	じゃあ、原因が分からないと？	じゃ'ー、げんいんが/わから'ないと？	じゃー、げんいんがわからないと？	auto
cc08-3		被告人に有利に判断するしかない、とした。	ひこくにんに/ゆ'ーりに/は'んだんするしか/な'い、とした'。	ひこくにんにゆーりにはんだんするしかない、とした。	auto
cc09-1		2017年、セウォル号は海の底から引き揚げられ、モッポ新港に運ばれた。	にせんじゅーなな'ねん、せうぉる'ごーわ/う'みの/そこから'/ひきあげら'れ、も'っぽ/し'んこーに/はこばれた'。	にせんじゅーななねん、せうぉるごーわうみのそこからひきあげられ、もっぽしんこーにはこばれた。	auto
cc09-2		2018年2月、舵を動かす油圧の機器が、工場で開けられた。	にせんじゅーはち'ねん/にがつ'、か'じを/うごか'す/ゆあつの/き'きが、こーじょ'ーで/あけら'れた。	にせんじゅーはちねんにがつ、かじをうごかすゆあつのききが、こーじょーであけられた。	auto
cc10-1		実物の部品を調べたのは、これが初めてだ。	じつぶつの/ぶひんを/しらべた'のわ、これが/はじ'めてだ。	じつぶつのぶひんをしらべたのわ、これがはじめてだ。	auto
cc10-2		2番の操舵ポンプの、ソレノイド弁の鉄の芯が、押された状態で固まっていた。	に'ばんの/そーだぽ'んぷの、それのいどべんの/てつの/し'んが、おされた'/じょーたいで/かたまっていた'。	にばんのそーだぽんぷの、それのいどべんのてつのしんが、おされたじょーたいでかたまっていた。	auto
cc11-1	q	じゃあ、それが原因？	じゃ'ー、それが/げんいん？	じゃー、それがげんいん？	auto
cc11-2		2018年、船体を調べる委員会は、1つの結論を出せなかった。	にせんじゅーはち'ねん、せんたいを/しらべ'る/いい'んかいわ、ひと'つの/けつろんを/だせ'なかった。	にせんじゅーはちねん、せんたいをしらべるいいんかいわ、ひとつのけつろんをだせなかった。	auto
cc11-3		船の内側の原因とする案と、外からの力を否定しきれない案に、分かれた。	ふ'ねの/うちがわの/げんいんとする/あ'んと、そ'とからの/ちから'を/ひてーしきれ'ない/あ'んに、わか'れた。	ふねのうちがわのげんいんとするあんと、そとからのちからをひてーしきれないあんに、わかれた。	auto
cc12-1		2022年、国の特別調査委員会が報告書を出した。	にせんにじゅーに'ねん、くにの/とくべつちょーさいい'んかいが/ほーこくしょを/だ'した。	にせんにじゅーにねん、くにのとくべつちょーさいいんかいがほーこくしょをだした。	auto
cc12-2		弁が固まったことが急な右旋回と傾きを起こした可能性は、非常に低いとした。	べ'んが/かたまった'ことが/きゅーな/みぎせ'んかいと/かたむきを/おこ'した/かのーせーわ、ひじょーに/ひく'いとした。	べんがかたまったことがきゅーなみぎせんかいとかたむきをおこしたかのーせーわ、ひじょーにひくいとした。	auto
cc13-1		委員会は、船体の傷が外からの衝撃による可能性を、打ち消せなかった。	いい'んかいわ、せんたいの/きずが/そ'とからの/しょーげきによる/かのーせーを、うちけせ'なかった。	いいんかいわ、せんたいのきずがそとからのしょーげきによるかのーせーを、うちけせなかった。	auto
cc13-2	q	衝撃で、沈んだの？	しょーげきで、しずんだ'の？	しょーげきで、しずんだの？	auto
cc13-3		それは、確認されなかった。	それわ、かくにんされ'なかった。	それわ、かくにんされなかった。	auto
cc14-1		2026年1月、中央海洋安全審判院が裁決を出した。	にせんにじゅーろく'ねん/いちがつ'、ちゅーおーか'いよー/あんぜんしんぱ'んいんが/さ'いけつを/だ'した。	にせんにじゅーろくねんいちがつ、ちゅーおーかいよーあんぜんしんぱんいんがさいけつをだした。	auto
cc14-2		結論の主文は、安全管理の怠り、足りない復原力、積みすぎを挙げる。	けつろんの/しゅぶんわ、あんぜんか'んりの/おこた'り、たりな'い/ふくげ'んりょく、つみすぎを/あげる。	けつろんのしゅぶんわ、あんぜんかんりのおこたり、たりないふくげんりょく、つみすぎをあげる。	auto
cc14-3		曲がる途中の急な傾きと、荷の片寄りも。	まがる/とちゅーの/きゅーな/かたむきと、に'の/かたよ'りも。	まがるとちゅーのきゅーなかたむきと、にのかたよりも。	auto
cc15-1		舵の使い方も、舵の故障も、主文には書かれていない。	か'じの/つかいかたも、か'じの/こしょーも、しゅぶんに'わ/かかれていな'い。	かじのつかいかたも、かじのこしょーも、しゅぶんにわかかれていない。	auto
cc15-2		理由の部分は、大きく舵を切った可能性が非常に高く、そこに故障が重なったと見る。	りゆーの/ぶ'ぶんわ、お'ーきく/か'じを/き'った/かのーせーが/ひじょーに/たか'く、そこに/こしょーが/かさなった'と/み'る。	りゆーのぶぶんわ、おーきくかじをきったかのーせーがひじょーにたかく、そこにこしょーがかさなったとみる。	auto
cc15-3		ただ、操舵手を責めることはできない、とする。	た'だ、そーだ'しゅを/せめ'ることわ/でき'ない、とする。	ただ、そーだしゅをせめることわできない、とする。	auto
cc16-1		なぜ急に曲がったかは、今も1つに決まっていない。	な'ぜ/きゅーに/まが'ったかわ、い'まも/ひと'つに/きまっていな'い。	なぜきゅーにまがったかわ、いまもひとつにきまっていない。	auto
cc16-2	q	じゃあ、決まっていることは？	じゃ'ー、きまっている'ことわ？	じゃー、きまっていることわ？	auto
cc16-3		主文は、大勢が亡くなった主な原因を、船員が乗客を積極的に助けなかったこととする。	しゅぶんわ、おーぜ'ーが/なくなった'/お'もな/げんいんを、せんいんが/じょーきゃくを/せっきょくてきに/たすけ'なかったこととする。	しゅぶんわ、おーぜーがなくなったおもなげんいんを、せんいんがじょーきゃくをせっきょくてきにたすけなかったこととする。	auto
cd01-1		事故の6日後、アンサン市のダンウォン高校。	じ'この/むいかご'、あんさ'んしの/だんうぉんこ'ーこー。	じこのむいかご、あんさんしのだんうぉんこーこー。	auto
cd01-2		学校には、花やメモが寄せられていた。	がっこーに'わ、はな'や/め'もが/よせら'れていた。	がっこーにわ、はなやめもがよせられていた。	auto
cd02-1		校門の幕には、こう書かれていた。	こーもんの/まく'にわ、こー/かかれていた'。	こーもんのまくにわ、こーかかれていた。	auto
cd02-2		「無事に家へ帰ってくることを、切に願います」	ぶじに/いえ'え/か'えってくることを、せ'つに/ねがいま'す。	ぶじにいええかえってくることを、せつにねがいます。	auto
cd03-1		ソウルの広場には、「ごめんなさい」と書かれた幕が掲げられた。	そ'うるの/ひ'ろばにわ、ごめんなさ'い/と/かかれた'/まく'が/かかげら'れた。	そうるのひろばにわ、ごめんなさいとかかれたまくがかかげられた。	auto
cd03-2		黄色いリボンが、いくつも結ばれた。	きいろい/り'ぼんが、い'くつも/むすばれた'。	きいろいりぼんが、いくつもむすばれた。	auto
cd04-1		生徒たちが通った学校のあるアンサンの町にも、リボンと横断幕が並んだ。	せ'ーとたちが/かよったがっこーの/あ'る/あ'んさんの/まち'にも、り'ぼんと/おーだ'んまくが/ならんだ'。	せーとたちがかよったがっこーのあるあんさんのまちにも、りぼんとおーだんまくがならんだ。	auto
cd05-1		2018年3月、ソウルのクァンファムン広場の追悼の場所。	にせんじゅーはち'ねん/さ'んがつ、そ'うるの/くぁんふぁむんひ'ろばの/ついとーの/ばしょ。	にせんじゅーはちねんさんがつ、そうるのくぁんふぁむんひろばのついとーのばしょ。	auto
cd05-2		2026年の裁決の表では、犠牲者は304人。	にせんにじゅーろく'ねんの/さ'いけつの/ひょーで'わ、ぎせ'ーしゃわ/さんびゃくよに'ん。	にせんにじゅーろくねんのさいけつのひょーでわ、ぎせーしゃわさんびゃくよにん。	auto
cd05-3		行方不明だった9人のうち、5人は見つからないまま、とされる。	ゆくえ/ふめーだ'った/きゅーに'んのうち、ごに'んわ/みつからな'いまま、とされ'る。	ゆくえふめーだったきゅーにんのうち、ごにんわみつからないまま、とされる。	auto
cd06-1		報告書の改善点の1つは、救命胴衣を、客室の外の退船の場所にも置くこと。	ほーこくしょの/かいぜ'んてんの/ひと'つわ、きゅーめーど'ーいを、きゃくしつの/そ'との/たいせんの/ばしょに'も/おくこと'。	ほーこくしょのかいぜんてんのひとつわ、きゅーめーどーいを、きゃくしつのそとのたいせんのばしょにもおくこと。	auto
cd06-2		そこに予備があれば、救命胴衣を人に渡して客室へ戻る人は、いなかったはずだと。	そこに/よ'びが/あれ'ば、きゅーめーど'ーいを/ひとに/わたして/きゃくしつえ/もど'る/ひとわ、いな'かったはずだと。	そこによびがあれば、きゅーめーどーいをひとにわたしてきゃくしつえもどるひとわ、いなかったはずだと。	auto
cd07-1		判決は、乗客たちが退船の指示を待ちながら、船の中にとどまっていたと書く。	はんけつわ、じょーきゃく'たちが/たいせんの/し'じを/まちな'がら、ふ'ねのなかに/とどま'っていたと/か'く。	はんけつわ、じょーきゃくたちがたいせんのしじをまちながら、ふねのなかにとどまっていたとかく。	auto
cd07-2	q	その指示は？	その/し'じわ？	そのしじわ？	auto
cd07-3		最後まで来なかった。	さ'いごまで/こ'なかった。	さいごまでこなかった。	auto
cd08-1		この事故は、どこで防げたと思いますか。	この/じ'こわ、ど'こで/ふせ'げたと/おもいま'すか。	このじこわ、どこでふせげたとおもいますか。	auto
cd08-2		あなたが、船内の放送で何を伝えるかを決める立場だったら、どうしたでしょうか。	あな'たが、せ'んないの/ほーそーで/な'にを/つたえる'かを/きめる/た'ちばだったら、ど'ーしたでしょーか。	あなたが、せんないのほーそーでなにをつたえるかをきめるたちばだったら、どーしたでしょーか。	auto
cd08-3		よければ、コメントで教えてください。	よ'ければ、こめんとで/おしえてくださ'い。	よければ、こめんとでおしえてください。	auto
ed01-1		ご視聴ありがとうございました。	ごしちょー/あり'がとー/ございま'した。	ごしちょーありがとーございました。	auto
ed01-2		この動画が少しでも気に入れば、高評価と	この/どーがが/すこ'しでも/きにい'れば、こ'ーひょーかと。	このどーががすこしでもきにいれば、こーひょーかと。	auto
ed01-3		チャンネル登録をお願いします。	ちゃんねると'ーろくを/おねがいしま'す。	ちゃんねるとーろくをおねがいします。	auto
