c216	ceb15f8ca51a
c315	b1282f8df7f7
c514	22833605ea34
c919	6021a8b56b94
c206	997419dbb4c2
c211	f3873e606fba
c110	1529f71850ae
c522	d8c00aefd26a
c604	0f41a00133da
c806	be9d6b105bdd
c408	26eba41c2c53
c416	8226904dc818
c611	f35618142eb7
c414	2b011621d1af
c707	a8a846628f25
c708	a1493426fa8c
c512	7e3fb7f0b53f
c910	e01069e62487
c903	626a1e6e10ff
c709	2dcc3cd50707
c716	8ad628630b8a
c309	f9cfed0bee08
c818	46a1712968c0
c401	2f882b5b77b9
c106	59a1dcf77474
c612	7c0f48d30fb9
c201	8a276f703e28
c320	bbefc8c0d022
c624	d705b74c212a
c714	a1a9873e8822
c909	af241377b942
c518	5673ddd7f9f2
c321	69e19b10f65a
c403	207b9a2d4843
c418	77a6b34d9582
c517	aac725df4a6d
c520	b79c381bfebf
c615	3cf10bebdb75
c706	875cb8e96c97
c710	b0b62913c663
c719	da57229efa2b
c720	6ae766c400df
c721	94493c1b28df
c722	1ffcf8d85ca7
c814	2c4b8b5caec1
c815	9720b0df5b62
