01_c101-c106	fd3946e1b062
02_c107-c112	332a1fab1207
03_c113-c203	63bc96c80a72
04_c204-c209	099ee478a581
05_c210-c215	d732eeaef69c
06_c216-c300card	f4d44a47f273
07_c301-c306	4952fa104b54
08_c307-c312	ac921a1aaacc
09_c313-c318	7838618cbf28
10_c319-c324	1896798a5687
11_c400card-c405	a916b51f360e
12_c406-c411	954c06f0f1e8
13_c412-c417	a5f3d1aebea3
14_c418-c500card	42ceab654d37
15_c501-c506	4f2a1273c63b
16_c507-c512	87ceff877914
17_c513-c518	45f53bd5d483
18_c519-c601	9186de0afc26
19_c602-c607	8dd20b500cf2
20_c608-c613	e0bce1e1dcd1
21_c614-c619	04c102115a0d
22_c620-c625	be28e74083e5
23_c626-c704	fca950a1b771
24_c705-c710	a228c770e04e
25_c711-c716	ca494d9944a8
26_c717-c722	893fcde3442d
27_c800card-c805	d27c58a0f8ec
28_c806-c811	6a4bfa409c79
29_c812-c817	ea9420d62f92
30_c818-c902	d77ebdf23b1c
31_c903-c908	73e15ff97b13
32_c909-c914	d08a23314381
33_c915-c920	0dd0a540e4f6
34_ed01-ed01	e1d02d6293cb
