cut	mad	t_mp4	block_max
c809	3.26	1518.767	44.5
ed01	1.47	2279.967	7.8
c608	1.33	1031.267	7.3
c706	1.85	1258.100	7.1
c720	1.65	1401.000	6.9
c909	1.62	1748.933	6.8
c708	1.70	1276.000	6.7
ca14	1.28	1974.200	6.7
cb11	1.72	2161.367	6.5
cb19	1.64	2235.967	6.5
c916	1.41	1802.267	6.5
c315	1.49	493.633	6.5
c519	1.90	911.800	6.4
ca01	1.63	1855.200	6.4
c611	1.46	1057.567	6.4
cb21	1.64	2254.833	6.3
ca17	1.27	1998.700	6.3
c816	1.99	1584.300	6.3
ca07	1.78	1913.333	6.3
c814	1.78	1567.100	6.3
c918	1.64	1826.533	6.3
c713	1.76	1330.967	6.3
c420	1.79	718.367	6.2
c114	1.66	126.633	6.2
cb03	1.63	2078.167	6.2
c807	2.04	1501.300	6.1
c606	1.22	1011.067	6.1
c409	1.79	612.800	6.1
c307	1.66	417.700	6.1
c904	1.76	1699.933	6.1
c318	1.86	518.700	6.1
c714	1.72	1339.300	6.0
c704	1.75	1240.233	6.0
c707	1.67	1267.900	6.0
c402	1.41	550.233	6.0
c411	1.93	633.200	6.0
c508	1.63	803.100	6.0
c618	1.22	1119.367	5.9
c302	1.61	372.700	5.9
c304	1.54	389.600	5.9
cb04	1.45	2088.867	5.9
ca22	1.78	2040.633	5.9
cb12	1.67	2172.567	5.9
c510	1.79	822.867	5.9
cb16	1.92	2210.667	5.9
c621	1.84	1149.433	5.9
c218	1.91	327.133	5.9
cb07	1.79	2116.633	5.9
c920	1.42	1844.267	5.8
c906	1.61	1722.033	5.8
cb10	1.89	2149.433	5.8
c110	1.55	91.967	5.8
ca04	1.32	1881.700	5.8
c212	1.79	266.300	5.8
c310	1.79	446.367	5.8
c610	1.35	1050.200	5.8
c217	2.07	318.167	5.8
c309	1.54	437.400	5.8
c716	1.45	1358.500	5.8
c415	1.41	669.133	5.8
c711	1.82	1307.300	5.8
c203	1.75	178.600	5.8
c602	1.34	969.100	5.8
c723	1.56	1430.033	5.8
ca20	1.44	2024.567	5.7
c718	1.86	1377.133	5.7
c908	1.44	1742.100	5.7
c312	1.65	466.667	5.7
c105	1.57	45.133	5.6
c710	1.75	1296.667	5.6
c803	2.20	1458.267	5.6
c404	1.63	571.100	5.6
c211	1.95	252.600	5.6
c626	1.32	1194.467	5.6
c514	1.68	866.200	5.6
c914	1.52	1782.067	5.6
c421	1.42	727.300	5.6
c410	1.40	621.367	5.6
c821	2.21	1637.400	5.6
c903	1.54	1687.233	5.5
ca09	1.92	1930.200	5.5
cb05	1.59	2097.133	5.5
ca13	1.31	1964.767	5.5
cb17	1.56	2217.633	5.5
c817	2.14	1596.867	5.5
c305	1.65	399.433	5.5
c214	1.99	286.333	5.5
c614	1.30	1081.833	5.5
c204	1.82	188.033	5.5
ca05	1.03	1893.633	5.4
c604	1.35	990.267	5.4
c609	1.32	1040.600	5.4
c917	1.70	1814.367	5.4
c607	1.59	1023.733	5.4
c818	1.74	1609.100	5.4
ca02	1.87	1862.900	5.4
c703	1.74	1229.467	5.4
c416	1.45	677.367	5.4
c603	1.03	978.567	5.4
c511	1.64	834.467	5.3
c505	1.56	781.067	5.3
c306	1.65	409.000	5.3
c202	1.76	169.733	5.3
c813	2.21	1559.167	5.3
c213	1.98	277.833	5.2
c522	1.74	942.400	5.2
c206	1.73	207.800	5.2
c104	1.54	34.633	5.2
c811	1.93	1539.567	5.1
c308	1.72	426.500	5.1
c616	1.05	1102.733	5.1
c804	1.87	1469.867	5.1
c501	1.45	749.500	5.1
c216	1.91	306.933	5.0
c805	1.76	1482.067	5.0
c801	1.98	1439.167	5.0
c112	1.70	110.700	5.0
c719	1.52	1386.733	5.0
c613	1.14	1074.233	5.0
c518	1.50	902.833	5.0
c408	1.33	604.067	5.0
c503	1.78	765.633	5.0
cb02	1.61	2065.000	4.9
c624	1.18	1174.900	4.9
c513	1.88	856.767	4.9
c910	1.46	1752.333	4.9
c902	1.73	1672.567	4.8
c313	1.75	475.400	4.8
c403	1.31	560.233	4.8
c207	1.67	218.767	4.8
c901	1.49	1660.733	4.8
ca11	1.13	1946.200	4.7
c502	1.72	757.233	4.7
c512	1.55	845.767	4.7
cb22	1.46	2263.500	4.7
c215	1.65	296.900	4.7
c414	1.39	660.600	4.7
c516	1.55	885.067	4.7
c506	1.58	787.300	4.6
c115	1.49	134.033	4.6
c412	1.41	641.200	4.6
c520	1.41	919.400	4.6
c913	1.52	1772.033	4.6
c717	1.50	1369.433	4.6
c111	1.50	101.667	4.6
c627	1.18	1200.533	4.6
c108	1.45	72.133	4.6
cb14	1.61	2191.567	4.6
c117	1.63	148.067	4.6
c623	1.23	1164.100	4.6
c615	1.15	1091.900	4.6
c314	1.73	484.500	4.5
c819	1.67	1616.500	4.5
ca03	1.36	1870.600	4.5
c301	1.65	362.333	4.5
c317	1.50	510.200	4.5
c812	1.28	1550.400	4.5
c601	1.56	962.400	4.5
c320	1.41	530.000	4.5
c405	1.77	579.200	4.5
cb23	1.49	2273.267	4.5
ca19	1.93	2014.833	4.5
c605	1.19	1000.967	4.5
c101	1.69	8.000	4.4
cb01	1.57	2058.800	4.4
c209	2.06	235.967	4.4
c507	1.55	796.533	4.4
ca12	1.71	1955.233	4.4
c612	1.27	1065.333	4.4
cb13	1.46	2182.367	4.4
cb06	1.63	2107.833	4.4
cb15	1.64	2200.700	4.4
cb08	1.76	2126.600	4.4
cb20	1.58	2247.000	4.4
cb18	1.58	2226.300	4.4
c208	1.69	228.167	4.4
c303	1.51	379.633	4.3
c523	1.53	952.233	4.3
c617	1.10	1111.933	4.3
c423	1.40	740.333	4.3
c102	1.72	14.900	4.3
c911	1.37	1757.600	4.3
ca10	1.16	1938.000	4.3
c504	1.49	772.700	4.3
c316	1.53	500.533	4.3
c622	1.12	1155.533	4.3
c116	1.50	141.900	4.3
c912	1.66	1765.233	4.3
cb09	1.44	2136.367	4.3
c106	1.75	53.700	4.3
c107	1.42	62.900	4.3
c517	1.62	892.300	4.3
c702	1.57	1219.467	4.3
c407	1.74	597.033	4.3
c422	1.68	733.967	4.3
c219	2.12	340.033	4.3
c712	1.37	1316.600	4.3
c319	1.68	524.800	4.3
c419	1.35	707.033	4.3
c109	1.55	82.767	4.2
ca06	1.20	1904.367	4.2
c823	1.78	1652.467	4.2
c806	1.92	1490.067	4.2
c907	1.51	1731.333	4.2
c205	1.86	198.433	4.2
c103	1.44	22.800	4.2
ca21	2.01	2034.767	4.2
ca08	1.62	1920.100	4.2
c802	2.02	1448.133	4.1
c705	1.42	1247.600	4.1
c820	1.76	1627.433	4.1
c201	1.69	160.367	4.1
ca15	1.11	1982.900	4.1
c113	1.53	115.000	4.1
c311	1.75	456.500	4.1
c722	1.37	1421.000	4.1
c715	1.45	1349.033	4.1
c418	1.32	697.300	4.0
c509	1.77	812.033	4.0
c521	1.47	930.733	4.0
c822	1.67	1645.333	4.0
c620	1.21	1138.667	4.0
c413	1.34	650.567	4.0
c915	1.51	1791.033	4.0
ca18	1.09	2005.000	4.0
c701	1.67	1209.367	4.0
c808	1.99	1510.300	3.9
c709	1.44	1286.000	3.9
c515	1.65	874.867	3.9
c401	1.23	541.233	3.9
c210	1.64	241.367	3.9
c220	1.67	351.433	3.9
c905	1.42	1709.267	3.9
c919	1.44	1836.467	3.8
c721	1.49	1411.233	3.7
c815	1.58	1574.167	3.7
ca23	1.06	2050.033	3.7
c810	1.59	1528.033	3.6
ca16	1.06	1991.700	3.4
c619	1.04	1126.467	3.2
c625	1.06	1183.933	3.2
c417	1.08	687.200	3.1
c406	1.04	590.567	2.9
