cid	占有	最大の穴	下帯の空き	外接の余白	安全域を食う辺
c101	occ 100.0%	hole  0.00%	band   0.0%	L0 R0 T0 B0	left(0) right(1920) top(0) bottom(1080)
c103	occ  52.6%	hole  8.80%	band  49.3%	L0 R0 T49 B0	left(0) right(1920) top(49) bottom(1080)
c104	occ  45.4%	hole  9.72%	band  58.3%	L0 R0 T52 B0	left(0) right(1920) bottom(1080)
c106	occ  99.8%	hole  0.08%	band   0.0%	L0 R0 T0 B0	left(0) right(1920) top(0) bottom(1080)
c110	occ  99.7%	hole  0.08%	band   0.0%	L0 R0 T0 B0	left(0) right(1920) top(0) bottom(1080)
c111	occ  49.0%	hole 13.12%	band  50.0%	L0 R0 T51 B0	left(0) right(1920) top(51) bottom(1080)
c112	occ  99.9%	hole  0.08%	band   0.0%	L0 R0 T0 B0	left(0) right(1920) top(0) bottom(1080)
c113	occ 100.0%	hole  0.00%	band   0.0%	L0 R0 T0 B0	left(0) right(1920) top(0) bottom(1080)
c201	occ  99.8%	hole  0.08%	band   0.0%	L0 R0 T0 B0	left(0) right(1920) top(0) bottom(1080)
c203	occ  47.5%	hole 12.96%	band  47.9%	L0 R0 T51 B0	left(0) right(1920) top(51) bottom(1080)
c207	occ  50.9%	hole 11.19%	band  52.1%	L0 R0 T49 B0	left(0) right(1920) top(49) bottom(1080)
c208	occ  47.3%	hole 12.96%	band  53.8%	L0 R0 T51 B0	left(0) right(1920) top(51) bottom(1080)
c212	occ  50.7%	hole 12.96%	band  46.2%	L0 R0 T51 B0	left(0) right(1920) top(51) bottom(1080)
c213	occ  99.8%	hole  0.08%	band   0.0%	L0 R0 T0 B0	left(0) right(1920) top(0) bottom(1080)
c214	occ  56.1%	hole 20.83%	band  51.4%	L0 R0 T50 B0	left(0) right(1920) top(50) bottom(1080)
c215	occ  99.8%	hole  0.08%	band   0.0%	L0 R0 T0 B0	left(0) right(1920) top(0) bottom(1080)
c301	occ  99.4%	hole  0.08%	band   0.0%	L0 R0 T0 B0	left(0) right(1920) top(0) bottom(1080)
c303	occ  49.5%	hole 12.35%	band  48.3%	L0 R0 T51 B0	left(0) right(1920) top(51) bottom(1080)
c305	occ  50.8%	hole  9.72%	band  53.8%	L0 R0 T52 B0	left(0) right(1920) bottom(1080)
c311	occ  63.0%	hole  9.72%	band  43.1%	L0 R0 T49 B0	left(0) right(1920) top(49) bottom(1080)
c312	occ  57.0%	hole  9.26%	band  40.3%	L0 R0 T48 B0	left(0) right(1920) top(48) bottom(1080)
c313	occ  60.1%	hole 17.82%	band  41.7%	L0 R0 T51 B0	left(0) right(1920) top(51) bottom(1080)
c314	occ  38.4%	hole 11.11%	band  89.9%	L0 R0 T46 B0	left(0) right(1920) top(46) bottom(1080)
c315	occ  59.0%	hole 13.50%	band  47.6%	L0 R0 T52 B0	left(0) right(1920) bottom(1080)
c316	occ  49.4%	hole 25.93%	band  60.4%	L0 R0 T51 B0	left(0) right(1920) top(51) bottom(1080)
c317	occ  37.1%	hole 14.81%	band  84.7%	L0 R0 T51 B0	left(0) right(1920) top(51) bottom(1080)
c318	occ  99.8%	hole  0.08%	band   0.0%	L0 R0 T0 B0	left(0) right(1920) top(0) bottom(1080)
c401	occ  36.4%	hole 14.81%	band  80.6%	L0 R0 T51 B0	left(0) right(1920) top(51) bottom(1080)
c406	occ  44.3%	hole 12.35%	band  61.1%	L0 R0 T51 B0	left(0) right(1920) top(51) bottom(1080)
c409	occ  99.9%	hole  0.08%	band   0.0%	L0 R0 T0 B0	left(0) right(1920) top(0) bottom(1080)
c413	occ  52.6%	hole 22.69%	band  51.0%	L0 R0 T51 B0	left(0) right(1920) top(51) bottom(1080)
c418	occ  39.1%	hole 15.97%	band  85.8%	L0 R0 T49 B0	left(0) right(1920) top(49) bottom(1080)
c420	occ  48.6%	hole 11.96%	band  50.0%	L0 R0 T48 B0	left(0) right(1920) top(48) bottom(1080)
c422	occ  53.2%	hole 24.31%	band  53.8%	L0 R0 T52 B0	left(0) right(1920) bottom(1080)
c426	occ  56.6%	hole  7.56%	band  52.1%	L0 R0 T48 B0	left(0) right(1920) top(48) bottom(1080)
c501	occ  36.4%	hole 14.81%	band  80.9%	L0 R0 T51 B0	left(0) right(1920) top(51) bottom(1080)
c502	occ  51.9%	hole 12.04%	band  40.6%	L0 R0 T49 B0	left(0) right(1920) top(49) bottom(1080)
c504	occ  37.0%	hole 15.97%	band  85.4%	L0 R0 T50 B0	left(0) right(1920) top(50) bottom(1080)
c505	occ  46.7%	hole 15.74%	band  42.7%	L0 R0 T48 B0	left(0) right(1920) top(48) bottom(1080)
c506	occ  47.0%	hole 16.20%	band  80.6%	L0 R0 T51 B0	left(0) right(1920) top(51) bottom(1080)
c508	occ  99.2%	hole  0.08%	band   0.0%	L0 R0 T0 B0	left(0) right(1920) top(0) bottom(1080)
c515	occ  52.3%	hole  8.87%	band  50.0%	L0 R0 T48 B0	left(0) right(1920) top(48) bottom(1080)
c516	occ  63.5%	hole  9.72%	band  37.5%	L0 R0 T48 B0	left(0) right(1920) top(48) bottom(1080)
c518	occ  49.7%	hole 11.73%	band  73.3%	L0 R0 T49 B0	left(0) right(1920) top(49) bottom(1080)
c521	occ  57.0%	hole  9.88%	band  33.3%	L0 R0 T53 B0	left(0) right(1920) bottom(1080)
c603	occ  55.9%	hole 10.03%	band  48.3%	L0 R0 T47 B0	left(0) right(1920) top(47) bottom(1080)
c607	occ  99.1%	hole  0.08%	band   0.0%	L0 R0 T0 B0	left(0) right(1920) top(0) bottom(1080)
c608	occ  44.5%	hole 10.80%	band  57.3%	L0 R0 T49 B0	left(0) right(1920) top(49) bottom(1080)
c616	occ  99.7%	hole  0.08%	band   0.0%	L0 R0 T0 B0	left(0) right(1920) top(0) bottom(1080)
c620	occ  41.5%	hole 15.28%	band  54.9%	L0 R0 T51 B0	left(0) right(1920) top(51) bottom(1080)
c701	occ 100.0%	hole  0.00%	band   0.0%	L0 R0 T0 B0	left(0) right(1920) top(0) bottom(1080)
c705	occ  51.9%	hole 22.30%	band  45.8%	L0 R0 T52 B0	left(0) right(1920) bottom(1080)
c706	occ  59.9%	hole 12.96%	band  45.5%	L0 R0 T49 B0	left(0) right(1920) top(49) bottom(1080)
c710	occ  37.0%	hole 14.81%	band  81.9%	L0 R0 T49 B0	left(0) right(1920) top(49) bottom(1080)
c711	occ  48.7%	hole 15.74%	band  78.1%	L0 R0 T51 B0	left(0) right(1920) top(51) bottom(1080)
c712	occ  53.1%	hole 18.36%	band  55.6%	L0 R0 T51 B0	left(0) right(1920) top(51) bottom(1080)
c715	occ 100.0%	hole  0.00%	band   0.0%	L0 R0 T0 B0	left(0) right(1920) top(0) bottom(1080)
c717	occ  54.2%	hole 11.11%	band  51.0%	L0 R0 T50 B0	left(0) right(1920) top(50) bottom(1080)
c719	occ  60.3%	hole  6.48%	band  36.8%	L0 R0 T49 B0	left(0) right(1920) top(49) bottom(1080)
c721	occ  55.9%	hole 19.68%	band  49.0%	L0 R0 T49 B0	left(0) right(1920) top(49) bottom(1080)
c806	occ  99.2%	hole  0.08%	band   0.0%	L0 R0 T0 B0	left(0) right(1920) top(0) bottom(1080)
c807	occ  41.7%	hole 18.67%	band  51.4%	L0 R0 T51 B0	left(0) right(1920) top(51) bottom(1080)
c809	occ  99.9%	hole  0.08%	band   0.0%	L0 R0 T0 B0	left(0) right(1920) top(0) bottom(1080)
c811	occ  45.8%	hole 10.42%	band  58.3%	L0 R0 T49 B0	left(0) right(1920) top(49) bottom(1080)
c813	occ  99.8%	hole  0.08%	band   0.0%	L0 R0 T0 B0	left(0) right(1920) top(0) bottom(1080)
c814	occ  47.1%	hole 15.12%	band  46.5%	L0 R0 T51 B0	left(0) right(1920) top(51) bottom(1080)
c816	occ  41.1%	hole 13.19%	band  66.7%	L0 R0 T51 B0	left(0) right(1920) top(51) bottom(1080)
c818	occ  99.7%	hole  0.08%	band   0.0%	L0 R0 T0 B0	left(0) right(1920) top(0) bottom(1080)
c819	occ  99.6%	hole  0.08%	band   0.0%	L0 R0 T0 B0	left(0) right(1920) top(0) bottom(1080)
c820	occ  46.5%	hole 12.35%	band  57.6%	L0 R0 T52 B0	left(0) right(1920) bottom(1080)
c901	occ  99.2%	hole  0.08%	band   0.0%	L0 R0 T0 B0	left(0) right(1920) top(0) bottom(1080)
c903	occ  99.9%	hole  0.08%	band   0.0%	L0 R0 T0 B0	left(0) right(1920) top(0) bottom(1080)
c904	occ 100.0%	hole  0.00%	band   0.0%	L0 R0 T0 B0	left(0) right(1920) top(0) bottom(1080)
c911	occ  61.9%	hole  6.48%	band  37.5%	L0 R0 T48 B0	left(0) right(1920) top(48) bottom(1080)
c913	occ  37.1%	hole 18.52%	band  79.5%	L0 R0 T51 B0	left(0) right(1920) top(51) bottom(1080)
c917	occ  61.1%	hole  6.48%	band  43.8%	L0 R0 T51 B0	left(0) right(1920) top(51) bottom(1080)
c918	occ  42.3%	hole 17.82%	band  50.0%	L0 R0 T52 B0	left(0) right(1920) bottom(1080)
ca02	occ  63.9%	hole  9.72%	band  42.7%	L0 R0 T51 B0	left(0) right(1920) top(51) bottom(1080)
ca03	occ  65.1%	hole 11.11%	band  25.3%	L0 R0 T51 B0	left(0) right(1920) top(51) bottom(1080)
ca05	occ  51.0%	hole 19.68%	band  62.8%	L0 R0 T49 B0	left(0) right(1920) top(49) bottom(1080)
ca07	occ  47.1%	hole 16.20%	band  80.6%	L0 R0 T51 B0	left(0) right(1920) top(51) bottom(1080)
ca09	occ  61.7%	hole 16.20%	band  36.8%	L0 R0 T48 B0	left(0) right(1920) top(48) bottom(1080)
ca12	occ  43.3%	hole 19.44%	band  86.5%	L0 R0 T51 B0	left(0) right(1920) top(51) bottom(1080)
ep01	occ 100.0%	hole  0.00%	band   0.0%	L0 R0 T0 B0	left(0) right(1920) top(0) bottom(1080)
ep03	occ  46.5%	hole 15.12%	band  50.7%	L0 R0 T49 B0	left(0) right(1920) top(49) bottom(1080)
ep05	occ  99.2%	hole  0.08%	band   0.0%	L0 R0 T0 B0	left(0) right(1920) top(0) bottom(1080)
ep06	occ 100.0%	hole  0.00%	band   0.0%	L0 R0 T0 B0	left(0) right(1920) top(0) bottom(1080)
pr01	occ  99.9%	hole  0.08%	band   0.0%	L0 R0 T0 B0	left(0) right(1920) top(0) bottom(1080)
pr05	occ  99.5%	hole  0.08%	band   0.0%	L0 R0 T0 B0	left(0) right(1920) top(0) bottom(1080)
pr06	occ  63.7%	hole 11.57%	band  42.7%	L0 R0 T48 B0	left(0) right(1920) top(48) bottom(1080)
pr07	occ  53.6%	hole 14.04%	band  53.1%	L0 R0 T49 B0	left(0) right(1920) top(49) bottom(1080)
pr12	occ  49.4%	hole 15.97%	band  47.2%	L0 R0 T48 B0	left(0) right(1920) top(48) bottom(1080)
