01_c101-c106	bb70e7399449
02_c107-c112	bee2c4af1fea
03_c113-c118	f8a7e1b5e3b3
04_c119-c201	2338ba8ee56b
05_c202-c207	5725280466b3
06_c208-c213	8a34da6104e1
07_c214-c219	1d48515f08c1
08_c220-c302	ffa7a4cc00b7
09_c303-c308	42ebcacd6836
10_c309-c317	663e7168a317
11_c318-c323	7107ae7059c4
12_c324-c401	60a5cc9be2f3
13_c402-c407	8554cc291062
14_c408-c413	fa41b4637bb7
15_c414-c419	39c080af6d00
16_c420-c502	d2b40adbeb6f
17_c503-c508	1208cf38881b
18_c509-c514	25616f773d9c
19_c515-c520	d16a5e5dcd2a
20_c521-c603	a53925eb522f
21_c604-c609	bce7a25c2b5d
22_c610-c704	8ec5139c1824
23_c705-c710	b11d17f4effd
24_c711-c716	b0e78751dbd2
25_c717-c722	89531f3eebf8
26_c723-c728	fadbaa5908c3
27_c801-c806	11dc4c3892be
28_c807-c812	946562f6424c
29_c813-c819	486568995be2
30_c820-c902	87ae2ab2e779
31_c903-c908	892337428397
32_c909-c914	c320ffc1cdd7
33_c915-ep03	2084d917d268
34_ep04-pr03	1760ea047ccb
35_pr04-pr09	adb7f284fc0f
36_pr10-pr11	ca67399798bc
