c202	24c736201d31
c321	6f035aa28d8f
c701	3a1bb3e87d54
pr01	bb5ff928b9e6
c505	3bb45403f094
c324	0d30491e802d
c218	0aced7c992dc
c909	14472b4fb7d6
c213	a86d17e9c17c
c410	f577caba72d8
c901	a8df82adfc04
c916	37288a994dd4
c712	2a3f82a36643
c606	16dd7cd07d3a
c504	95044307da1e
c508	a80376920d12
c111	0436b08a9997
c419	d89771c26ff3
c102	70dc55212eb0
c401	5b867fb5c9c6
c805	5fd162aefe64
c823	d90a6aa401c3
c414	8773693cc25b
c307	b6a4675cd8e7
c521	5a8334dd1351
c201	098709979bc2
c205	b2522ff8a2a4
c704	0fbf20fa2eec
c107	a23fee29b145
pr10	3dae2ba5ca7e
c720	f480f1b460b3
c705	4fd9001ead4e
c326	bccbe0e88de5
c914	884e7f231d2a
ep03	8cf6b512abef
c913	983f0a5d0f49
